[ 00:47:08,326 ] Disabling Desktop GL:  GpuDescription(vendorId=0x8086, deviceId=0xa001, subSysId=0x22671019, revision=2, driver: "igdumdx32.dll", version=8.14.10.2230, "Intel(R) Graphics Media Accelerator 3150")
[ 00:47:27,627 ] Importing automap from "C:/Users/pc/AppData/Roaming/Tibia/Automap/12612507.map"
[ 00:47:35,143 ] QObject::connect: Cannot connect (null)::stateChanged(QNetworkSession::State) to QNetworkReplyHttpImpl::_q_networkSessionStateChanged(QNetworkSession::State)
[ 00:48:08,389 ] Asset loading complete
[ 00:48:09,899 ] QObject::connect: Cannot connect (null)::stateChanged(QNetworkSession::State) to QNetworkReplyHttpImpl::_q_networkSessionStateChanged(QNetworkSession::State)
[ 01:01:50,137 ] Disabling Desktop GL:  GpuDescription(vendorId=0x8086, deviceId=0xa001, subSysId=0x22671019, revision=2, driver: "igdumdx32.dll", version=8.14.10.2230, "Intel(R) Graphics Media Accelerator 3150")
[ 01:02:07,110 ] QObject::connect: Cannot connect (null)::stateChanged(QNetworkSession::State) to QNetworkReplyHttpImpl::_q_networkSessionStateChanged(QNetworkSession::State)
[ 01:02:31,158 ] Asset loading complete
[ 01:02:32,299 ] QObject::connect: Cannot connect (null)::stateChanged(QNetworkSession::State) to QNetworkReplyHttpImpl::_q_networkSessionStateChanged(QNetworkSession::State)
[ 01:02:39,646 ] QObject::connect: Cannot connect (null)::stateChanged(QNetworkSession::State) to QNetworkReplyHttpImpl::_q_networkSessionStateChanged(QNetworkSession::State)
[ 01:02:51,581 ] BattlEye: "Initialized (v1.243)"
[ 01:02:51,582 ] BattlEye: "Restarting client is necessary, service isn't running properly"
[ 01:02:51,582 ] BattlEye: "Restarting client is necessary, update required"
[ 01:02:51,726 ] Connection to gameserver  QUrl("tcp://oganza.ddns.net:7172")  requested (Charakter "Oganza" )
[ 01:02:51,726 ] Socket state changed  QAbstractSocket::HostLookupState
[ 01:02:51,726 ] Socket state changed  QAbstractSocket::ConnectingState
[ 01:02:51,750 ] Socket state changed  QAbstractSocket::ConnectedState
[ 01:02:51,750 ] Connected to Gameserver  "oganza.ddns.net" "Oganza"
[ 01:02:53,377 ] QObject::connect: Cannot connect (null)::stateChanged(QNetworkSession::State) to QNetworkReplyHttpImpl::_q_networkSessionStateChanged(QNetworkSession::State)
[ 01:02:53,582 ] News query failed: "Account name or password is not correct."
[ 01:04:35,757 ] QObject::connect: Cannot connect (null)::stateChanged(QNetworkSession::State) to QNetworkReplyHttpImpl::_q_networkSessionStateChanged(QNetworkSession::State)
[ 01:04:48,585 ] QObject::connect: Cannot connect (null)::stateChanged(QNetworkSession::State) to QNetworkReplyHttpImpl::_q_networkSessionStateChanged(QNetworkSession::State)
[ 01:05:48,750 ] QObject::connect: Cannot connect (null)::stateChanged(QNetworkSession::State) to QNetworkReplyHttpImpl::_q_networkSessionStateChanged(QNetworkSession::State)
[ 01:05:53,698 ] QObject::connect: Cannot connect (null)::stateChanged(QNetworkSession::State) to QNetworkReplyHttpImpl::_q_networkSessionStateChanged(QNetworkSession::State)
[ 01:05:53,795 ] QObject::connect: Cannot connect (null)::stateChanged(QNetworkSession::State) to QNetworkReplyHttpImpl::_q_networkSessionStateChanged(QNetworkSession::State)
[ 01:06:24,557 ] QObject::connect: Cannot connect (null)::stateChanged(QNetworkSession::State) to QNetworkReplyHttpImpl::_q_networkSessionStateChanged(QNetworkSession::State)
[ 01:06:42,427 ] QObject::connect: Cannot connect (null)::stateChanged(QNetworkSession::State) to QNetworkReplyHttpImpl::_q_networkSessionStateChanged(QNetworkSession::State)
[ 01:06:58,827 ] QObject::connect: Cannot connect (null)::stateChanged(QNetworkSession::State) to QNetworkReplyHttpImpl::_q_networkSessionStateChanged(QNetworkSession::State)
[ 01:07:07,635 ] QObject::connect: Cannot connect (null)::stateChanged(QNetworkSession::State) to QNetworkReplyHttpImpl::_q_networkSessionStateChanged(QNetworkSession::State)
[ 01:07:10,942 ] QObject::connect: Cannot connect (null)::stateChanged(QNetworkSession::State) to QNetworkReplyHttpImpl::_q_networkSessionStateChanged(QNetworkSession::State)
[ 01:07:11,250 ] News query failed: "Account name or password is not correct."
[ 01:07:19,507 ] QObject::connect: Cannot connect (null)::stateChanged(QNetworkSession::State) to QNetworkReplyHttpImpl::_q_networkSessionStateChanged(QNetworkSession::State)
[ 01:08:39,414 ] QObject::connect: Cannot connect (null)::stateChanged(QNetworkSession::State) to QNetworkReplyHttpImpl::_q_networkSessionStateChanged(QNetworkSession::State)
[ 01:09:08,051 ] QObject::connect: Cannot connect (null)::stateChanged(QNetworkSession::State) to QNetworkReplyHttpImpl::_q_networkSessionStateChanged(QNetworkSession::State)
[ 01:09:08,154 ] QObject::connect: Cannot connect (null)::stateChanged(QNetworkSession::State) to QNetworkReplyHttpImpl::_q_networkSessionStateChanged(QNetworkSession::State)
[ 01:12:19,486 ] QObject::connect: Cannot connect (null)::stateChanged(QNetworkSession::State) to QNetworkReplyHttpImpl::_q_networkSessionStateChanged(QNetworkSession::State)
[ 01:12:25,711 ] QObject::connect: Cannot connect (null)::stateChanged(QNetworkSession::State) to QNetworkReplyHttpImpl::_q_networkSessionStateChanged(QNetworkSession::State)
[ 01:12:26,052 ] Socket state changed  QAbstractSocket::ClosingState
[ 01:12:26,052 ] Socket state changed  QAbstractSocket::UnconnectedState
[ 01:12:26,052 ] Disconnected from Gameserver
[ 01:12:26,683 ] QObject::connect: Cannot connect (null)::stateChanged(QNetworkSession::State) to QNetworkReplyHttpImpl::_q_networkSessionStateChanged(QNetworkSession::State)
[ 01:12:26,740 ] QObject::connect: Cannot connect (null)::stateChanged(QNetworkSession::State) to QNetworkReplyHttpImpl::_q_networkSessionStateChanged(QNetworkSession::State)
[ 01:12:41,554 ] Connection to gameserver  QUrl("tcp://oganza.ddns.net:7172")  requested (Charakter "Tchaka" )
[ 01:12:41,554 ] Socket state changed  QAbstractSocket::HostLookupState
[ 01:12:41,567 ] Socket state changed  QAbstractSocket::ConnectingState
[ 01:12:41,583 ] Socket state changed  QAbstractSocket::ConnectedState
[ 01:12:41,583 ] Connected to Gameserver  "oganza.ddns.net" "Oganza"
[ 01:12:42,766 ] QObject::connect: Cannot connect (null)::stateChanged(QNetworkSession::State) to QNetworkReplyHttpImpl::_q_networkSessionStateChanged(QNetworkSession::State)
[ 01:12:42,980 ] News query failed: "Account name or password is not correct."
[ 01:12:45,567 ] QObject::connect: Cannot connect (null)::stateChanged(QNetworkSession::State) to QNetworkReplyHttpImpl::_q_networkSessionStateChanged(QNetworkSession::State)
[ 01:12:46,677 ] QObject::connect: Cannot connect (null)::stateChanged(QNetworkSession::State) to QNetworkReplyHttpImpl::_q_networkSessionStateChanged(QNetworkSession::State)
[ 01:12:46,963 ] Socket state changed  QAbstractSocket::ClosingState
[ 01:12:46,963 ] Socket state changed  QAbstractSocket::UnconnectedState
[ 01:12:46,963 ] Disconnected from Gameserver
[ 01:12:47,501 ] QObject::connect: Cannot connect (null)::stateChanged(QNetworkSession::State) to QNetworkReplyHttpImpl::_q_networkSessionStateChanged(QNetworkSession::State)
[ 01:12:48,965 ] Connection to gameserver  QUrl("tcp://oganza.ddns.net:7172")  requested (Charakter "Teste" )
[ 01:12:48,965 ] Socket state changed  QAbstractSocket::HostLookupState
[ 01:12:48,965 ] Socket state changed  QAbstractSocket::ConnectingState
[ 01:12:48,987 ] Socket state changed  QAbstractSocket::ConnectedState
[ 01:12:48,988 ] Connected to Gameserver  "oganza.ddns.net" "Oganza"
[ 01:12:49,954 ] QObject::connect: Cannot connect (null)::stateChanged(QNetworkSession::State) to QNetworkReplyHttpImpl::_q_networkSessionStateChanged(QNetworkSession::State)
[ 01:12:50,100 ] News query failed: "Account name or password is not correct."
[ 01:12:52,672 ] QObject::connect: Cannot connect (null)::stateChanged(QNetworkSession::State) to QNetworkReplyHttpImpl::_q_networkSessionStateChanged(QNetworkSession::State)
[ 01:12:53,321 ] QObject::connect: Cannot connect (null)::stateChanged(QNetworkSession::State) to QNetworkReplyHttpImpl::_q_networkSessionStateChanged(QNetworkSession::State)
[ 01:12:53,608 ] Socket state changed  QAbstractSocket::ClosingState
[ 01:12:53,608 ] Socket state changed  QAbstractSocket::UnconnectedState
[ 01:12:53,608 ] Disconnected from Gameserver
[ 01:12:54,056 ] QObject::connect: Cannot connect (null)::stateChanged(QNetworkSession::State) to QNetworkReplyHttpImpl::_q_networkSessionStateChanged(QNetworkSession::State)
[ 01:12:54,066 ] QObject::connect: Cannot connect (null)::stateChanged(QNetworkSession::State) to QNetworkReplyHttpImpl::_q_networkSessionStateChanged(QNetworkSession::State)
[ 01:14:27,966 ] Disabling Desktop GL:  GpuDescription(vendorId=0x8086, deviceId=0xa001, subSysId=0x22671019, revision=2, driver: "igdumdx32.dll", version=8.14.10.2230, "Intel(R) Graphics Media Accelerator 3150")
[ 01:14:47,231 ] QObject::connect: Cannot connect (null)::stateChanged(QNetworkSession::State) to QNetworkReplyHttpImpl::_q_networkSessionStateChanged(QNetworkSession::State)
[ 01:15:26,041 ] Asset loading complete
[ 01:15:27,383 ] QObject::connect: Cannot connect (null)::stateChanged(QNetworkSession::State) to QNetworkReplyHttpImpl::_q_networkSessionStateChanged(QNetworkSession::State)
[ 01:15:33,729 ] QObject::connect: Cannot connect (null)::stateChanged(QNetworkSession::State) to QNetworkReplyHttpImpl::_q_networkSessionStateChanged(QNetworkSession::State)
[ 01:16:05,678 ] Disabling Desktop GL:  GpuDescription(vendorId=0x8086, deviceId=0xa001, subSysId=0x22671019, revision=2, driver: "igdumdx32.dll", version=8.14.10.2230, "Intel(R) Graphics Media Accelerator 3150")
[ 01:16:21,777 ] QObject::connect: Cannot connect (null)::stateChanged(QNetworkSession::State) to QNetworkReplyHttpImpl::_q_networkSessionStateChanged(QNetworkSession::State)
[ 01:16:45,016 ] Asset loading complete
[ 01:16:45,891 ] QObject::connect: Cannot connect (null)::stateChanged(QNetworkSession::State) to QNetworkReplyHttpImpl::_q_networkSessionStateChanged(QNetworkSession::State)
[ 01:50:16,642 ] Disabling Desktop GL:  GpuDescription(vendorId=0x8086, deviceId=0xa001, subSysId=0x22671019, revision=2, driver: "igdumdx32.dll", version=8.14.10.2230, "Intel(R) Graphics Media Accelerator 3150")
[ 01:50:52,235 ] QObject::connect: Cannot connect (null)::stateChanged(QNetworkSession::State) to QNetworkReplyHttpImpl::_q_networkSessionStateChanged(QNetworkSession::State)
[ 01:51:37,144 ] Asset loading complete
[ 01:51:41,085 ] QObject::connect: Cannot connect (null)::stateChanged(QNetworkSession::State) to QNetworkReplyHttpImpl::_q_networkSessionStateChanged(QNetworkSession::State)
[ 01:51:58,479 ] QObject::connect: Cannot connect (null)::stateChanged(QNetworkSession::State) to QNetworkReplyHttpImpl::_q_networkSessionStateChanged(QNetworkSession::State)
[ 01:52:02,019 ] BattlEye: "Initialized (v1.243)"
[ 01:52:02,019 ] BattlEye: "Restarting client is necessary, service isn't running properly"
[ 01:52:02,020 ] BattlEye: "Restarting client is necessary, update required"
[ 01:52:02,444 ] Connection to gameserver  QUrl("tcp://oganza.ddns.net:7172")  requested (Charakter "Oganza" )
[ 01:52:02,444 ] Socket state changed  QAbstractSocket::HostLookupState
[ 01:52:02,444 ] Socket state changed  QAbstractSocket::ConnectingState
[ 01:52:02,495 ] Socket state changed  QAbstractSocket::ConnectedState
[ 01:52:02,496 ] Connected to Gameserver  "oganza.ddns.net" "Oganza"
[ 02:30:10,921 ] Disabling Desktop GL:  GpuDescription(vendorId=0x8086, deviceId=0xa001, subSysId=0x22671019, revision=2, driver: "igdumdx32.dll", version=8.14.10.2230, "Intel(R) Graphics Media Accelerator 3150")
[ 02:30:32,118 ] QObject::connect: Cannot connect (null)::stateChanged(QNetworkSession::State) to QNetworkReplyHttpImpl::_q_networkSessionStateChanged(QNetworkSession::State)
[ 02:31:02,968 ] Asset loading complete
[ 02:31:04,811 ] QObject::connect: Cannot connect (null)::stateChanged(QNetworkSession::State) to QNetworkReplyHttpImpl::_q_networkSessionStateChanged(QNetworkSession::State)
[ 02:31:12,211 ] QObject::connect: Cannot connect (null)::stateChanged(QNetworkSession::State) to QNetworkReplyHttpImpl::_q_networkSessionStateChanged(QNetworkSession::State)
[ 02:31:18,021 ] BattlEye: "Initialized (v1.243)"
[ 02:31:18,022 ] BattlEye: "Restarting client is necessary, service isn't running properly"
[ 02:31:18,022 ] BattlEye: "Restarting client is necessary, update required"
[ 02:31:18,235 ] Connection to gameserver  QUrl("tcp://oganza.ddns.net:7172")  requested (Charakter "Teste" )
[ 02:31:18,235 ] Socket state changed  QAbstractSocket::HostLookupState
[ 02:31:18,236 ] Socket state changed  QAbstractSocket::ConnectingState
[ 02:31:18,285 ] Socket state changed  QAbstractSocket::ConnectedState
[ 02:31:18,285 ] Connected to Gameserver  "oganza.ddns.net" "Oganza"
[ 03:20:50,461 ] Disabling Desktop GL:  GpuDescription(vendorId=0x8086, deviceId=0xa001, subSysId=0x22671019, revision=2, driver: "igdumdx32.dll", version=8.14.10.2230, "Intel(R) Graphics Media Accelerator 3150")
[ 03:21:10,806 ] QObject::connect: Cannot connect (null)::stateChanged(QNetworkSession::State) to QNetworkReplyHttpImpl::_q_networkSessionStateChanged(QNetworkSession::State)
[ 03:21:37,809 ] Asset loading complete
[ 03:21:40,013 ] QObject::connect: Cannot connect (null)::stateChanged(QNetworkSession::State) to QNetworkReplyHttpImpl::_q_networkSessionStateChanged(QNetworkSession::State)
[ 03:22:40,156 ] QObject::connect: Cannot connect (null)::stateChanged(QNetworkSession::State) to QNetworkReplyHttpImpl::_q_networkSessionStateChanged(QNetworkSession::State)
[ 03:22:42,883 ] BattlEye: "Initialized (v1.243)"
[ 03:22:42,883 ] BattlEye: "Restarting client is necessary, service isn't running properly"
[ 03:22:42,884 ] BattlEye: "Restarting client is necessary, update required"
[ 03:22:43,232 ] Connection to gameserver  QUrl("tcp://oganza.ddns.net:7172")  requested (Charakter "Oganza" )
[ 03:22:43,232 ] Socket state changed  QAbstractSocket::HostLookupState
[ 03:22:43,232 ] Socket state changed  QAbstractSocket::ConnectingState
[ 03:22:43,264 ] Socket state changed  QAbstractSocket::ConnectedState
[ 03:22:43,264 ] Connected to Gameserver  "oganza.ddns.net" "Oganza"
[ 03:39:50,330 ] Disabling Desktop GL:  GpuDescription(vendorId=0x8086, deviceId=0xa001, subSysId=0x22671019, revision=2, driver: "igdumdx32.dll", version=8.14.10.2230, "Intel(R) Graphics Media Accelerator 3150")
[ 03:40:29,180 ] QObject::connect: Cannot connect (null)::stateChanged(QNetworkSession::State) to QNetworkReplyHttpImpl::_q_networkSessionStateChanged(QNetworkSession::State)
[ 03:41:17,574 ] Asset loading complete
[ 03:41:20,723 ] QObject::connect: Cannot connect (null)::stateChanged(QNetworkSession::State) to QNetworkReplyHttpImpl::_q_networkSessionStateChanged(QNetworkSession::State)
[ 03:41:30,234 ] QObject::connect: Cannot connect (null)::stateChanged(QNetworkSession::State) to QNetworkReplyHttpImpl::_q_networkSessionStateChanged(QNetworkSession::State)
[ 03:41:33,251 ] BattlEye: "Initialized (v1.243)"
[ 03:41:33,254 ] BattlEye: "Restarting client is necessary, service isn't running properly"
[ 03:41:33,254 ] BattlEye: "Restarting client is necessary, update required"
[ 03:41:33,717 ] Connection to gameserver  QUrl("tcp://oganza.ddns.net:7172")  requested (Charakter "Oganza" )
[ 03:41:33,718 ] Socket state changed  QAbstractSocket::HostLookupState
[ 03:41:33,718 ] Socket state changed  QAbstractSocket::ConnectingState
[ 03:41:33,756 ] Socket state changed  QAbstractSocket::ConnectedState
[ 03:41:33,757 ] Connected to Gameserver  "oganza.ddns.net" "Oganza"
[ 03:41:36,999 ] QObject::connect: Cannot connect (null)::stateChanged(QNetworkSession::State) to QNetworkReplyHttpImpl::_q_networkSessionStateChanged(QNetworkSession::State)
[ 03:41:37,573 ] News query failed: "Account name or password is not correct."
[ 03:41:48,559 ] QObject::connect: Cannot connect (null)::stateChanged(QNetworkSession::State) to QNetworkReplyHttpImpl::_q_networkSessionStateChanged(QNetworkSession::State)
[ 03:41:49,161 ] Socket state changed  QAbstractSocket::ClosingState
[ 03:41:49,162 ] Socket state changed  QAbstractSocket::UnconnectedState
[ 03:41:49,162 ] Disconnected from Gameserver
[ 03:41:50,114 ] QObject::connect: Cannot connect (null)::stateChanged(QNetworkSession::State) to QNetworkReplyHttpImpl::_q_networkSessionStateChanged(QNetworkSession::State)
[ 03:41:50,146 ] QObject::connect: Cannot connect (null)::stateChanged(QNetworkSession::State) to QNetworkReplyHttpImpl::_q_networkSessionStateChanged(QNetworkSession::State)
[ 14:22:18,679 ] Disabling Desktop GL:  GpuDescription(vendorId=0x8086, deviceId=0xa001, subSysId=0x22671019, revision=2, driver: "igdumdx32.dll", version=8.14.10.2230, "Intel(R) Graphics Media Accelerator 3150")
[ 14:23:00,711 ] QObject::connect: Cannot connect (null)::stateChanged(QNetworkSession::State) to QNetworkReplyHttpImpl::_q_networkSessionStateChanged(QNetworkSession::State)
[ 14:24:06,296 ] Asset loading complete
[ 14:24:09,365 ] QObject::connect: Cannot connect (null)::stateChanged(QNetworkSession::State) to QNetworkReplyHttpImpl::_q_networkSessionStateChanged(QNetworkSession::State)
[ 14:25:00,475 ] QObject::connect: Cannot connect (null)::stateChanged(QNetworkSession::State) to QNetworkReplyHttpImpl::_q_networkSessionStateChanged(QNetworkSession::State)
[ 14:25:06,417 ] BattlEye: "Initialized (v1.243)"
[ 14:25:06,418 ] BattlEye: "Restarting client is necessary, service isn't running properly"
[ 14:25:06,418 ] BattlEye: "Restarting client is necessary, update required"
[ 14:25:06,971 ] Connection to gameserver  QUrl("tcp://oganza.ddns.net:7172")  requested (Charakter "Oganza" )
[ 14:25:06,971 ] Socket state changed  QAbstractSocket::HostLookupState
[ 14:25:06,971 ] Socket state changed  QAbstractSocket::ConnectingState
[ 14:25:07,007 ] Socket state changed  QAbstractSocket::ConnectedState
[ 14:25:07,008 ] Connected to Gameserver  "oganza.ddns.net" "Oganza"
[ 14:29:59,206 ] Disabling Desktop GL:  GpuDescription(vendorId=0x8086, deviceId=0xa001, subSysId=0x22671019, revision=2, driver: "igdumdx32.dll", version=8.14.10.2230, "Intel(R) Graphics Media Accelerator 3150")
[ 14:30:18,990 ] QObject::connect: Cannot connect (null)::stateChanged(QNetworkSession::State) to QNetworkReplyHttpImpl::_q_networkSessionStateChanged(QNetworkSession::State)
[ 14:30:44,448 ] Asset loading complete
[ 14:30:46,274 ] QObject::connect: Cannot connect (null)::stateChanged(QNetworkSession::State) to QNetworkReplyHttpImpl::_q_networkSessionStateChanged(QNetworkSession::State)
[ 14:30:55,254 ] QObject::connect: Cannot connect (null)::stateChanged(QNetworkSession::State) to QNetworkReplyHttpImpl::_q_networkSessionStateChanged(QNetworkSession::State)
[ 14:30:57,920 ] BattlEye: "Initialized (v1.243)"
[ 14:30:57,920 ] BattlEye: "Restarting client is necessary, service isn't running properly"
[ 14:30:57,920 ] BattlEye: "Restarting client is necessary, update required"
[ 14:30:58,272 ] Connection to gameserver  QUrl("tcp://oganza.ddns.net:7172")  requested (Charakter "Oganza" )
[ 14:30:58,272 ] Socket state changed  QAbstractSocket::HostLookupState
[ 14:30:58,272 ] Socket state changed  QAbstractSocket::ConnectingState
[ 14:30:58,291 ] Socket state changed  QAbstractSocket::ConnectedState
[ 14:30:58,291 ] Connected to Gameserver  "oganza.ddns.net" "Oganza"
[ 14:31:00,215 ] QObject::connect: Cannot connect (null)::stateChanged(QNetworkSession::State) to QNetworkReplyHttpImpl::_q_networkSessionStateChanged(QNetworkSession::State)
[ 14:31:01,251 ] News query failed: "Account name or password is not correct."
[ 14:31:04,894 ] QObject::connect: Cannot connect (null)::stateChanged(QNetworkSession::State) to QNetworkReplyHttpImpl::_q_networkSessionStateChanged(QNetworkSession::State)
[ 14:31:05,206 ] Socket state changed  QAbstractSocket::ClosingState
[ 14:31:05,206 ] Socket state changed  QAbstractSocket::UnconnectedState
[ 14:31:05,206 ] Disconnected from Gameserver
[ 14:31:05,699 ] QObject::connect: Cannot connect (null)::stateChanged(QNetworkSession::State) to QNetworkReplyHttpImpl::_q_networkSessionStateChanged(QNetworkSession::State)
[ 14:31:05,727 ] QObject::connect: Cannot connect (null)::stateChanged(QNetworkSession::State) to QNetworkReplyHttpImpl::_q_networkSessionStateChanged(QNetworkSession::State)
[ 14:35:32,560 ] QObject::connect: Cannot connect (null)::stateChanged(QNetworkSession::State) to QNetworkReplyHttpImpl::_q_networkSessionStateChanged(QNetworkSession::State)
[ 14:40:32,602 ] QObject::connect: Cannot connect (null)::stateChanged(QNetworkSession::State) to QNetworkReplyHttpImpl::_q_networkSessionStateChanged(QNetworkSession::State)
[ 14:45:32,576 ] QObject::connect: Cannot connect (null)::stateChanged(QNetworkSession::State) to QNetworkReplyHttpImpl::_q_networkSessionStateChanged(QNetworkSession::State)
[ 14:49:16,018 ] Disabling Desktop GL:  GpuDescription(vendorId=0x8086, deviceId=0xa001, subSysId=0x22671019, revision=2, driver: "igdumdx32.dll", version=8.14.10.2230, "Intel(R) Graphics Media Accelerator 3150")
[ 14:49:35,694 ] QObject::connect: Cannot connect (null)::stateChanged(QNetworkSession::State) to QNetworkReplyHttpImpl::_q_networkSessionStateChanged(QNetworkSession::State)
[ 14:49:59,724 ] Asset loading complete
[ 14:50:01,153 ] QObject::connect: Cannot connect (null)::stateChanged(QNetworkSession::State) to QNetworkReplyHttpImpl::_q_networkSessionStateChanged(QNetworkSession::State)
[ 14:50:18,566 ] QObject::connect: Cannot connect (null)::stateChanged(QNetworkSession::State) to QNetworkReplyHttpImpl::_q_networkSessionStateChanged(QNetworkSession::State)
[ 14:50:21,487 ] BattlEye: "Initialized (v1.243)"
[ 14:50:21,487 ] BattlEye: "Restarting client is necessary, service isn't running properly"
[ 14:50:21,487 ] BattlEye: "Restarting client is necessary, update required"
[ 14:50:21,693 ] Connection to gameserver  QUrl("tcp://oganza.ddns.net:7172")  requested (Charakter "Oganza" )
[ 14:50:21,694 ] Socket state changed  QAbstractSocket::HostLookupState
[ 14:50:21,694 ] Socket state changed  QAbstractSocket::ConnectingState
[ 14:50:21,725 ] Socket state changed  QAbstractSocket::ConnectedState
[ 14:50:21,726 ] Connected to Gameserver  "oganza.ddns.net" "Oganza"
[ 14:50:23,468 ] QObject::connect: Cannot connect (null)::stateChanged(QNetworkSession::State) to QNetworkReplyHttpImpl::_q_networkSessionStateChanged(QNetworkSession::State)
[ 14:50:23,678 ] News query failed: "Account name or password is not correct."
[ 14:50:25,968 ] QObject::connect: Cannot connect (null)::stateChanged(QNetworkSession::State) to QNetworkReplyHttpImpl::_q_networkSessionStateChanged(QNetworkSession::State)
[ 14:50:26,252 ] Socket state changed  QAbstractSocket::ClosingState
[ 14:50:26,252 ] Socket state changed  QAbstractSocket::UnconnectedState
[ 14:50:26,253 ] Disconnected from Gameserver
[ 14:50:26,853 ] QObject::connect: Cannot connect (null)::stateChanged(QNetworkSession::State) to QNetworkReplyHttpImpl::_q_networkSessionStateChanged(QNetworkSession::State)
[ 14:50:26,873 ] QObject::connect: Cannot connect (null)::stateChanged(QNetworkSession::State) to QNetworkReplyHttpImpl::_q_networkSessionStateChanged(QNetworkSession::State)
[ 14:53:54,237 ] QObject::connect: Cannot connect (null)::stateChanged(QNetworkSession::State) to QNetworkReplyHttpImpl::_q_networkSessionStateChanged(QNetworkSession::State)
[ 14:53:56,354 ] Connection to gameserver  QUrl("tcp://oganza.ddns.net:7172")  requested (Charakter "Oganza" )
[ 14:53:56,354 ] Socket state changed  QAbstractSocket::HostLookupState
[ 14:53:56,354 ] Socket state changed  QAbstractSocket::ConnectingState
[ 14:53:56,380 ] Socket state changed  QAbstractSocket::ConnectedState
[ 14:53:56,380 ] Connected to Gameserver  "oganza.ddns.net" "Oganza"
[ 14:53:57,401 ] QObject::connect: Cannot connect (null)::stateChanged(QNetworkSession::State) to QNetworkReplyHttpImpl::_q_networkSessionStateChanged(QNetworkSession::State)
[ 14:53:57,532 ] News query failed: "Account name or password is not correct."
[ 14:54:04,295 ] QObject::connect: Cannot connect (null)::stateChanged(QNetworkSession::State) to QNetworkReplyHttpImpl::_q_networkSessionStateChanged(QNetworkSession::State)
[ 14:54:48,266 ] QObject::connect: Cannot connect (null)::stateChanged(QNetworkSession::State) to QNetworkReplyHttpImpl::_q_networkSessionStateChanged(QNetworkSession::State)
[ 14:57:53,770 ] QObject::connect: Cannot connect (null)::stateChanged(QNetworkSession::State) to QNetworkReplyHttpImpl::_q_networkSessionStateChanged(QNetworkSession::State)
[ 14:57:54,179 ] Socket state changed  QAbstractSocket::ClosingState
[ 14:57:54,179 ] Socket state changed  QAbstractSocket::UnconnectedState
[ 14:57:54,179 ] Disconnected from Gameserver
[ 14:57:54,736 ] QObject::connect: Cannot connect (null)::stateChanged(QNetworkSession::State) to QNetworkReplyHttpImpl::_q_networkSessionStateChanged(QNetworkSession::State)
[ 14:57:54,821 ] QObject::connect: Cannot connect (null)::stateChanged(QNetworkSession::State) to QNetworkReplyHttpImpl::_q_networkSessionStateChanged(QNetworkSession::State)
[ 14:58:06,737 ] Disabling Desktop GL:  GpuDescription(vendorId=0x8086, deviceId=0xa001, subSysId=0x22671019, revision=2, driver: "igdumdx32.dll", version=8.14.10.2230, "Intel(R) Graphics Media Accelerator 3150")
[ 14:58:25,977 ] QObject::connect: Cannot connect (null)::stateChanged(QNetworkSession::State) to QNetworkReplyHttpImpl::_q_networkSessionStateChanged(QNetworkSession::State)
[ 14:58:48,736 ] Asset loading complete
[ 14:58:50,059 ] QObject::connect: Cannot connect (null)::stateChanged(QNetworkSession::State) to QNetworkReplyHttpImpl::_q_networkSessionStateChanged(QNetworkSession::State)
[ 14:58:56,931 ] QObject::connect: Cannot connect (null)::stateChanged(QNetworkSession::State) to QNetworkReplyHttpImpl::_q_networkSessionStateChanged(QNetworkSession::State)
[ 15:17:52,991 ] Disabling Desktop GL:  GpuDescription(vendorId=0x8086, deviceId=0xa001, subSysId=0x22671019, revision=2, driver: "igdumdx32.dll", version=8.14.10.2230, "Intel(R) Graphics Media Accelerator 3150")
[ 15:18:12,248 ] QObject::connect: Cannot connect (null)::stateChanged(QNetworkSession::State) to QNetworkReplyHttpImpl::_q_networkSessionStateChanged(QNetworkSession::State)
[ 15:18:42,773 ] Asset loading complete
[ 15:18:45,744 ] QObject::connect: Cannot connect (null)::stateChanged(QNetworkSession::State) to QNetworkReplyHttpImpl::_q_networkSessionStateChanged(QNetworkSession::State)
[ 15:18:56,397 ] QObject::connect: Cannot connect (null)::stateChanged(QNetworkSession::State) to QNetworkReplyHttpImpl::_q_networkSessionStateChanged(QNetworkSession::State)
[ 15:18:58,973 ] BattlEye: "Initialized (v1.243)"
[ 15:18:58,974 ] BattlEye: "Restarting client is necessary, service isn't running properly"
[ 15:18:58,974 ] BattlEye: "Restarting client is necessary, update required"
[ 15:18:59,476 ] Connection to gameserver  QUrl("tcp://oganza.ddns.net:7172")  requested (Charakter "Oganza" )
[ 15:18:59,477 ] Socket state changed  QAbstractSocket::HostLookupState
[ 15:18:59,477 ] Socket state changed  QAbstractSocket::ConnectingState
[ 15:18:59,514 ] Socket state changed  QAbstractSocket::ConnectedState
[ 15:18:59,514 ] Connected to Gameserver  "oganza.ddns.net" "Oganza"
[ 15:19:01,967 ] QObject::connect: Cannot connect (null)::stateChanged(QNetworkSession::State) to QNetworkReplyHttpImpl::_q_networkSessionStateChanged(QNetworkSession::State)
[ 15:19:02,411 ] News query failed: "Account name or password is not correct."
[ 15:19:18,159 ] QObject::connect: Cannot connect (null)::stateChanged(QNetworkSession::State) to QNetworkReplyHttpImpl::_q_networkSessionStateChanged(QNetworkSession::State)
[ 15:19:18,657 ] Socket state changed  QAbstractSocket::ClosingState
[ 15:19:18,657 ] Socket state changed  QAbstractSocket::UnconnectedState
[ 15:19:18,658 ] Disconnected from Gameserver
[ 15:19:19,463 ] QObject::connect: Cannot connect (null)::stateChanged(QNetworkSession::State) to QNetworkReplyHttpImpl::_q_networkSessionStateChanged(QNetworkSession::State)
[ 15:19:19,477 ] QObject::connect: Cannot connect (null)::stateChanged(QNetworkSession::State) to QNetworkReplyHttpImpl::_q_networkSessionStateChanged(QNetworkSession::State)
[ 15:19:21,264 ] Connection to gameserver  QUrl("tcp://oganza.ddns.net:7172")  requested (Charakter "Tchaka" )
[ 15:19:21,264 ] Socket state changed  QAbstractSocket::HostLookupState
[ 15:19:21,265 ] Socket state changed  QAbstractSocket::ConnectingState
[ 15:19:21,285 ] Socket state changed  QAbstractSocket::ConnectedState
[ 15:19:21,285 ] Connected to Gameserver  "oganza.ddns.net" "Oganza"
[ 15:19:23,067 ] QObject::connect: Cannot connect (null)::stateChanged(QNetworkSession::State) to QNetworkReplyHttpImpl::_q_networkSessionStateChanged(QNetworkSession::State)
[ 15:19:23,540 ] News query failed: "Account name or password is not correct."
[ 15:19:28,040 ] QObject::connect: Cannot connect (null)::stateChanged(QNetworkSession::State) to QNetworkReplyHttpImpl::_q_networkSessionStateChanged(QNetworkSession::State)
[ 15:19:28,510 ] Socket state changed  QAbstractSocket::ClosingState
[ 15:19:28,511 ] Socket state changed  QAbstractSocket::UnconnectedState
[ 15:19:28,512 ] Disconnected from Gameserver
[ 15:19:29,176 ] QObject::connect: Cannot connect (null)::stateChanged(QNetworkSession::State) to QNetworkReplyHttpImpl::_q_networkSessionStateChanged(QNetworkSession::State)
[ 15:19:29,191 ] QObject::connect: Cannot connect (null)::stateChanged(QNetworkSession::State) to QNetworkReplyHttpImpl::_q_networkSessionStateChanged(QNetworkSession::State)
[ 15:19:30,625 ] Connection to gameserver  QUrl("tcp://oganza.ddns.net:7172")  requested (Charakter "Teste" )
[ 15:19:30,625 ] Socket state changed  QAbstractSocket::HostLookupState
[ 15:19:30,625 ] Socket state changed  QAbstractSocket::ConnectingState
[ 15:19:30,633 ] Socket state changed  QAbstractSocket::ConnectedState
[ 15:19:30,634 ] Connected to Gameserver  "oganza.ddns.net" "Oganza"
[ 15:19:31,907 ] QObject::connect: Cannot connect (null)::stateChanged(QNetworkSession::State) to QNetworkReplyHttpImpl::_q_networkSessionStateChanged(QNetworkSession::State)
[ 15:19:32,389 ] News query failed: "Account name or password is not correct."
[ 15:19:42,006 ] QObject::connect: Cannot connect (null)::stateChanged(QNetworkSession::State) to QNetworkReplyHttpImpl::_q_networkSessionStateChanged(QNetworkSession::State)
[ 15:19:42,526 ] Socket state changed  QAbstractSocket::ClosingState
[ 15:19:42,526 ] Socket state changed  QAbstractSocket::UnconnectedState
[ 15:19:42,526 ] Disconnected from Gameserver
[ 15:19:43,146 ] QObject::connect: Cannot connect (null)::stateChanged(QNetworkSession::State) to QNetworkReplyHttpImpl::_q_networkSessionStateChanged(QNetworkSession::State)
[ 15:23:27,129 ] QObject::connect: Cannot connect (null)::stateChanged(QNetworkSession::State) to QNetworkReplyHttpImpl::_q_networkSessionStateChanged(QNetworkSession::State)
[ 15:28:27,137 ] QObject::connect: Cannot connect (null)::stateChanged(QNetworkSession::State) to QNetworkReplyHttpImpl::_q_networkSessionStateChanged(QNetworkSession::State)
[ 15:33:27,145 ] QObject::connect: Cannot connect (null)::stateChanged(QNetworkSession::State) to QNetworkReplyHttpImpl::_q_networkSessionStateChanged(QNetworkSession::State)
[ 15:38:27,151 ] QObject::connect: Cannot connect (null)::stateChanged(QNetworkSession::State) to QNetworkReplyHttpImpl::_q_networkSessionStateChanged(QNetworkSession::State)
[ 15:43:27,152 ] QObject::connect: Cannot connect (null)::stateChanged(QNetworkSession::State) to QNetworkReplyHttpImpl::_q_networkSessionStateChanged(QNetworkSession::State)
[ 15:43:34,206 ] Disabling Desktop GL:  GpuDescription(vendorId=0x8086, deviceId=0xa001, subSysId=0x22671019, revision=2, driver: "igdumdx32.dll", version=8.14.10.2230, "Intel(R) Graphics Media Accelerator 3150")
[ 15:43:56,147 ] QObject::connect: Cannot connect (null)::stateChanged(QNetworkSession::State) to QNetworkReplyHttpImpl::_q_networkSessionStateChanged(QNetworkSession::State)
[ 15:44:28,365 ] Asset loading complete
[ 15:44:30,105 ] QObject::connect: Cannot connect (null)::stateChanged(QNetworkSession::State) to QNetworkReplyHttpImpl::_q_networkSessionStateChanged(QNetworkSession::State)
[ 15:45:02,120 ] QObject::connect: Cannot connect (null)::stateChanged(QNetworkSession::State) to QNetworkReplyHttpImpl::_q_networkSessionStateChanged(QNetworkSession::State)
[ 15:46:25,373 ] QObject::connect: Cannot connect (null)::stateChanged(QNetworkSession::State) to QNetworkReplyHttpImpl::_q_networkSessionStateChanged(QNetworkSession::State)
[ 15:46:27,240 ] Connection to gameserver  QUrl("tcp://oganza.ddns.net:7172")  requested (Charakter "Oganza" )
[ 15:46:27,240 ] Socket state changed  QAbstractSocket::HostLookupState
[ 15:46:27,240 ] Socket state changed  QAbstractSocket::ConnectingState
[ 15:46:27,263 ] Socket state changed  QAbstractSocket::ConnectedState
[ 15:46:27,263 ] Connected to Gameserver  "oganza.ddns.net" "Oganza"
[ 16:23:07,563 ] Disabling Desktop GL:  GpuDescription(vendorId=0x8086, deviceId=0xa001, subSysId=0x22671019, revision=2, driver: "igdumdx32.dll", version=8.14.10.2230, "Intel(R) Graphics Media Accelerator 3150")
[ 16:23:25,793 ] QObject::connect: Cannot connect (null)::stateChanged(QNetworkSession::State) to QNetworkReplyHttpImpl::_q_networkSessionStateChanged(QNetworkSession::State)
[ 16:23:49,910 ] Asset loading complete
[ 16:23:51,606 ] QObject::connect: Cannot connect (null)::stateChanged(QNetworkSession::State) to QNetworkReplyHttpImpl::_q_networkSessionStateChanged(QNetworkSession::State)
[ 16:24:15,896 ] QObject::connect: Cannot connect (null)::stateChanged(QNetworkSession::State) to QNetworkReplyHttpImpl::_q_networkSessionStateChanged(QNetworkSession::State)
[ 16:24:17,725 ] BattlEye: "Initialized (v1.243)"
[ 16:24:17,725 ] BattlEye: "Restarting client is necessary, service isn't running properly"
[ 16:24:17,725 ] BattlEye: "Restarting client is necessary, update required"
[ 16:24:17,948 ] Connection to gameserver  QUrl("tcp://oganza.ddns.net:7172")  requested (Charakter "Oganza" )
[ 16:24:17,949 ] Socket state changed  QAbstractSocket::HostLookupState
[ 16:24:17,949 ] Socket state changed  QAbstractSocket::ConnectingState
[ 16:24:17,969 ] Socket state changed  QAbstractSocket::ConnectedState
[ 16:24:17,969 ] Connected to Gameserver  "oganza.ddns.net" "Oganza"
[ 16:24:19,763 ] QObject::connect: Cannot connect (null)::stateChanged(QNetworkSession::State) to QNetworkReplyHttpImpl::_q_networkSessionStateChanged(QNetworkSession::State)
[ 16:24:19,986 ] News query failed: "Account name or password is not correct."
[ 16:24:36,267 ] QObject::connect: Cannot connect (null)::stateChanged(QNetworkSession::State) to QNetworkReplyHttpImpl::_q_networkSessionStateChanged(QNetworkSession::State)
[ 16:24:36,562 ] Socket state changed  QAbstractSocket::ClosingState
[ 16:24:36,563 ] Socket state changed  QAbstractSocket::UnconnectedState
[ 16:24:36,563 ] Disconnected from Gameserver
[ 16:24:37,032 ] QObject::connect: Cannot connect (null)::stateChanged(QNetworkSession::State) to QNetworkReplyHttpImpl::_q_networkSessionStateChanged(QNetworkSession::State)
[ 16:24:37,043 ] QObject::connect: Cannot connect (null)::stateChanged(QNetworkSession::State) to QNetworkReplyHttpImpl::_q_networkSessionStateChanged(QNetworkSession::State)
[ 16:25:58,550 ] Disabling Desktop GL:  GpuDescription(vendorId=0x8086, deviceId=0xa001, subSysId=0x22671019, revision=2, driver: "igdumdx32.dll", version=8.14.10.2230, "Intel(R) Graphics Media Accelerator 3150")
[ 16:26:17,087 ] QObject::connect: Cannot connect (null)::stateChanged(QNetworkSession::State) to QNetworkReplyHttpImpl::_q_networkSessionStateChanged(QNetworkSession::State)
[ 16:26:40,396 ] Asset loading complete
[ 16:26:41,748 ] QObject::connect: Cannot connect (null)::stateChanged(QNetworkSession::State) to QNetworkReplyHttpImpl::_q_networkSessionStateChanged(QNetworkSession::State)
[ 16:26:47,714 ] QObject::connect: Cannot connect (null)::stateChanged(QNetworkSession::State) to QNetworkReplyHttpImpl::_q_networkSessionStateChanged(QNetworkSession::State)
[ 16:26:49,823 ] BattlEye: "Initialized (v1.243)"
[ 16:26:49,823 ] BattlEye: "Restarting client is necessary, service isn't running properly"
[ 16:26:49,823 ] BattlEye: "Restarting client is necessary, update required"
[ 16:26:50,036 ] Connection to gameserver  QUrl("tcp://oganza.ddns.net:7172")  requested (Charakter "Oganza" )
[ 16:26:50,036 ] Socket state changed  QAbstractSocket::HostLookupState
[ 16:26:50,036 ] Socket state changed  QAbstractSocket::ConnectingState
[ 16:26:50,066 ] Socket state changed  QAbstractSocket::ConnectedState
[ 16:26:50,066 ] Connected to Gameserver  "oganza.ddns.net" "Oganza"
[ 16:26:51,863 ] QObject::connect: Cannot connect (null)::stateChanged(QNetworkSession::State) to QNetworkReplyHttpImpl::_q_networkSessionStateChanged(QNetworkSession::State)
[ 16:26:52,069 ] News query failed: "Account name or password is not correct."
[ 16:27:26,043 ] QObject::connect: Cannot connect (null)::stateChanged(QNetworkSession::State) to QNetworkReplyHttpImpl::_q_networkSessionStateChanged(QNetworkSession::State)
[ 16:27:26,045 ] QObject::connect: Cannot connect (null)::stateChanged(QNetworkSession::State) to QNetworkReplyHttpImpl::_q_networkSessionStateChanged(QNetworkSession::State)
[ 16:27:26,047 ] QObject::connect: Cannot connect (null)::stateChanged(QNetworkSession::State) to QNetworkReplyHttpImpl::_q_networkSessionStateChanged(QNetworkSession::State)
[ 16:27:26,049 ] QObject::connect: Cannot connect (null)::stateChanged(QNetworkSession::State) to QNetworkReplyHttpImpl::_q_networkSessionStateChanged(QNetworkSession::State)
[ 16:27:26,051 ] QObject::connect: Cannot connect (null)::stateChanged(QNetworkSession::State) to QNetworkReplyHttpImpl::_q_networkSessionStateChanged(QNetworkSession::State)
[ 16:27:26,053 ] QObject::connect: Cannot connect (null)::stateChanged(QNetworkSession::State) to QNetworkReplyHttpImpl::_q_networkSessionStateChanged(QNetworkSession::State)
[ 16:27:26,953 ] QObject::connect: Cannot connect (null)::stateChanged(QNetworkSession::State) to QNetworkReplyHttpImpl::_q_networkSessionStateChanged(QNetworkSession::State)
[ 16:27:26,987 ] QObject::connect: Cannot connect (null)::stateChanged(QNetworkSession::State) to QNetworkReplyHttpImpl::_q_networkSessionStateChanged(QNetworkSession::State)
[ 16:27:26,999 ] QObject::connect: Cannot connect (null)::stateChanged(QNetworkSession::State) to QNetworkReplyHttpImpl::_q_networkSessionStateChanged(QNetworkSession::State)
[ 16:27:27,008 ] QObject::connect: Cannot connect (null)::stateChanged(QNetworkSession::State) to QNetworkReplyHttpImpl::_q_networkSessionStateChanged(QNetworkSession::State)
[ 16:27:27,023 ] QObject::connect: Cannot connect (null)::stateChanged(QNetworkSession::State) to QNetworkReplyHttpImpl::_q_networkSessionStateChanged(QNetworkSession::State)
[ 16:27:27,032 ] QObject::connect: Cannot connect (null)::stateChanged(QNetworkSession::State) to QNetworkReplyHttpImpl::_q_networkSessionStateChanged(QNetworkSession::State)
[ 16:27:27,143 ] QObject::connect: Cannot connect (null)::stateChanged(QNetworkSession::State) to QNetworkReplyHttpImpl::_q_networkSessionStateChanged(QNetworkSession::State)
[ 16:27:27,156 ] QObject::connect: Cannot connect (null)::stateChanged(QNetworkSession::State) to QNetworkReplyHttpImpl::_q_networkSessionStateChanged(QNetworkSession::State)
[ 16:27:27,170 ] QObject::connect: Cannot connect (null)::stateChanged(QNetworkSession::State) to QNetworkReplyHttpImpl::_q_networkSessionStateChanged(QNetworkSession::State)
[ 16:27:27,183 ] QObject::connect: Cannot connect (null)::stateChanged(QNetworkSession::State) to QNetworkReplyHttpImpl::_q_networkSessionStateChanged(QNetworkSession::State)
[ 16:27:27,195 ] QObject::connect: Cannot connect (null)::stateChanged(QNetworkSession::State) to QNetworkReplyHttpImpl::_q_networkSessionStateChanged(QNetworkSession::State)
[ 16:27:27,206 ] QObject::connect: Cannot connect (null)::stateChanged(QNetworkSession::State) to QNetworkReplyHttpImpl::_q_networkSessionStateChanged(QNetworkSession::State)
[ 16:27:27,643 ] QObject::connect: Cannot connect (null)::stateChanged(QNetworkSession::State) to QNetworkReplyHttpImpl::_q_networkSessionStateChanged(QNetworkSession::State)
[ 16:27:27,657 ] QObject::connect: Cannot connect (null)::stateChanged(QNetworkSession::State) to QNetworkReplyHttpImpl::_q_networkSessionStateChanged(QNetworkSession::State)
[ 16:27:27,679 ] QObject::connect: Cannot connect (null)::stateChanged(QNetworkSession::State) to QNetworkReplyHttpImpl::_q_networkSessionStateChanged(QNetworkSession::State)
[ 16:27:27,695 ] QObject::connect: Cannot connect (null)::stateChanged(QNetworkSession::State) to QNetworkReplyHttpImpl::_q_networkSessionStateChanged(QNetworkSession::State)
[ 16:27:27,706 ] QObject::connect: Cannot connect (null)::stateChanged(QNetworkSession::State) to QNetworkReplyHttpImpl::_q_networkSessionStateChanged(QNetworkSession::State)
[ 16:27:32,037 ] QObject::connect: Cannot connect (null)::stateChanged(QNetworkSession::State) to QNetworkReplyHttpImpl::_q_networkSessionStateChanged(QNetworkSession::State)
[ 16:27:32,119 ] QObject::connect: Cannot connect (null)::stateChanged(QNetworkSession::State) to QNetworkReplyHttpImpl::_q_networkSessionStateChanged(QNetworkSession::State)
[ 16:27:41,834 ] QObject::connect: Cannot connect (null)::stateChanged(QNetworkSession::State) to QNetworkReplyHttpImpl::_q_networkSessionStateChanged(QNetworkSession::State)
[ 16:28:33,502 ] QObject::connect: Cannot connect (null)::stateChanged(QNetworkSession::State) to QNetworkReplyHttpImpl::_q_networkSessionStateChanged(QNetworkSession::State)
[ 16:28:33,817 ] Socket state changed  QAbstractSocket::ClosingState
[ 16:28:33,818 ] Socket state changed  QAbstractSocket::UnconnectedState
[ 16:28:33,818 ] Disconnected from Gameserver
[ 16:28:34,348 ] QObject::connect: Cannot connect (null)::stateChanged(QNetworkSession::State) to QNetworkReplyHttpImpl::_q_networkSessionStateChanged(QNetworkSession::State)
[ 16:28:34,354 ] QObject::connect: Cannot connect (null)::stateChanged(QNetworkSession::State) to QNetworkReplyHttpImpl::_q_networkSessionStateChanged(QNetworkSession::State)
[ 16:28:37,278 ] Connection to gameserver  QUrl("tcp://oganza.ddns.net:7172")  requested (Charakter "Oganza" )
[ 16:28:37,278 ] Socket state changed  QAbstractSocket::HostLookupState
[ 16:28:37,335 ] Socket state changed  QAbstractSocket::ConnectingState
[ 16:28:37,354 ] Socket state changed  QAbstractSocket::ConnectedState
[ 16:28:37,355 ] Connected to Gameserver  "oganza.ddns.net" "Oganza"
[ 16:28:38,336 ] QObject::connect: Cannot connect (null)::stateChanged(QNetworkSession::State) to QNetworkReplyHttpImpl::_q_networkSessionStateChanged(QNetworkSession::State)
[ 16:28:38,472 ] News query failed: "Account name or password is not correct."
[ 16:28:40,530 ] QObject::connect: Cannot connect (null)::stateChanged(QNetworkSession::State) to QNetworkReplyHttpImpl::_q_networkSessionStateChanged(QNetworkSession::State)
[ 16:28:40,559 ] QObject::connect: Cannot connect (null)::stateChanged(QNetworkSession::State) to QNetworkReplyHttpImpl::_q_networkSessionStateChanged(QNetworkSession::State)
[ 16:28:46,944 ] QObject::connect: Cannot connect (null)::stateChanged(QNetworkSession::State) to QNetworkReplyHttpImpl::_q_networkSessionStateChanged(QNetworkSession::State)
[ 16:30:27,398 ] QObject::connect: Cannot connect (null)::stateChanged(QNetworkSession::State) to QNetworkReplyHttpImpl::_q_networkSessionStateChanged(QNetworkSession::State)
[ 16:31:04,340 ] QObject::connect: Cannot connect (null)::stateChanged(QNetworkSession::State) to QNetworkReplyHttpImpl::_q_networkSessionStateChanged(QNetworkSession::State)
[ 16:31:04,345 ] QObject::connect: Cannot connect (null)::stateChanged(QNetworkSession::State) to QNetworkReplyHttpImpl::_q_networkSessionStateChanged(QNetworkSession::State)
[ 16:31:04,350 ] QObject::connect: Cannot connect (null)::stateChanged(QNetworkSession::State) to QNetworkReplyHttpImpl::_q_networkSessionStateChanged(QNetworkSession::State)
[ 16:31:04,354 ] QObject::connect: Cannot connect (null)::stateChanged(QNetworkSession::State) to QNetworkReplyHttpImpl::_q_networkSessionStateChanged(QNetworkSession::State)
[ 16:31:04,359 ] QObject::connect: Cannot connect (null)::stateChanged(QNetworkSession::State) to QNetworkReplyHttpImpl::_q_networkSessionStateChanged(QNetworkSession::State)
[ 16:31:04,364 ] QObject::connect: Cannot connect (null)::stateChanged(QNetworkSession::State) to QNetworkReplyHttpImpl::_q_networkSessionStateChanged(QNetworkSession::State)
[ 16:31:04,518 ] QObject::connect: Cannot connect (null)::stateChanged(QNetworkSession::State) to QNetworkReplyHttpImpl::_q_networkSessionStateChanged(QNetworkSession::State)
[ 16:31:04,523 ] QObject::connect: Cannot connect (null)::stateChanged(QNetworkSession::State) to QNetworkReplyHttpImpl::_q_networkSessionStateChanged(QNetworkSession::State)
[ 16:31:04,529 ] QObject::connect: Cannot connect (null)::stateChanged(QNetworkSession::State) to QNetworkReplyHttpImpl::_q_networkSessionStateChanged(QNetworkSession::State)
[ 16:31:04,533 ] QObject::connect: Cannot connect (null)::stateChanged(QNetworkSession::State) to QNetworkReplyHttpImpl::_q_networkSessionStateChanged(QNetworkSession::State)
[ 16:31:04,537 ] QObject::connect: Cannot connect (null)::stateChanged(QNetworkSession::State) to QNetworkReplyHttpImpl::_q_networkSessionStateChanged(QNetworkSession::State)
[ 16:31:04,543 ] QObject::connect: Cannot connect (null)::stateChanged(QNetworkSession::State) to QNetworkReplyHttpImpl::_q_networkSessionStateChanged(QNetworkSession::State)
[ 16:31:05,503 ] QObject::connect: Cannot connect (null)::stateChanged(QNetworkSession::State) to QNetworkReplyHttpImpl::_q_networkSessionStateChanged(QNetworkSession::State)
[ 16:31:05,511 ] QObject::connect: Cannot connect (null)::stateChanged(QNetworkSession::State) to QNetworkReplyHttpImpl::_q_networkSessionStateChanged(QNetworkSession::State)
[ 16:31:05,517 ] QObject::connect: Cannot connect (null)::stateChanged(QNetworkSession::State) to QNetworkReplyHttpImpl::_q_networkSessionStateChanged(QNetworkSession::State)
[ 16:31:05,523 ] QObject::connect: Cannot connect (null)::stateChanged(QNetworkSession::State) to QNetworkReplyHttpImpl::_q_networkSessionStateChanged(QNetworkSession::State)
[ 16:31:05,528 ] QObject::connect: Cannot connect (null)::stateChanged(QNetworkSession::State) to QNetworkReplyHttpImpl::_q_networkSessionStateChanged(QNetworkSession::State)
[ 16:31:05,534 ] QObject::connect: Cannot connect (null)::stateChanged(QNetworkSession::State) to QNetworkReplyHttpImpl::_q_networkSessionStateChanged(QNetworkSession::State)
[ 16:31:05,784 ] QObject::connect: Cannot connect (null)::stateChanged(QNetworkSession::State) to QNetworkReplyHttpImpl::_q_networkSessionStateChanged(QNetworkSession::State)
[ 16:31:05,789 ] QObject::connect: Cannot connect (null)::stateChanged(QNetworkSession::State) to QNetworkReplyHttpImpl::_q_networkSessionStateChanged(QNetworkSession::State)
[ 16:31:05,795 ] QObject::connect: Cannot connect (null)::stateChanged(QNetworkSession::State) to QNetworkReplyHttpImpl::_q_networkSessionStateChanged(QNetworkSession::State)
[ 16:31:05,802 ] QObject::connect: Cannot connect (null)::stateChanged(QNetworkSession::State) to QNetworkReplyHttpImpl::_q_networkSessionStateChanged(QNetworkSession::State)
[ 16:31:05,817 ] QObject::connect: Cannot connect (null)::stateChanged(QNetworkSession::State) to QNetworkReplyHttpImpl::_q_networkSessionStateChanged(QNetworkSession::State)
[ 16:31:10,927 ] QObject::connect: Cannot connect (null)::stateChanged(QNetworkSession::State) to QNetworkReplyHttpImpl::_q_networkSessionStateChanged(QNetworkSession::State)
[ 16:31:11,027 ] QObject::connect: Cannot connect (null)::stateChanged(QNetworkSession::State) to QNetworkReplyHttpImpl::_q_networkSessionStateChanged(QNetworkSession::State)
[ 16:31:29,205 ] QObject::connect: Cannot connect (null)::stateChanged(QNetworkSession::State) to QNetworkReplyHttpImpl::_q_networkSessionStateChanged(QNetworkSession::State)
[ 16:31:36,347 ] QObject::connect: Cannot connect (null)::stateChanged(QNetworkSession::State) to QNetworkReplyHttpImpl::_q_networkSessionStateChanged(QNetworkSession::State)
[ 16:31:52,944 ] QObject::connect: Cannot connect (null)::stateChanged(QNetworkSession::State) to QNetworkReplyHttpImpl::_q_networkSessionStateChanged(QNetworkSession::State)
[ 16:31:52,947 ] QObject::connect: Cannot connect (null)::stateChanged(QNetworkSession::State) to QNetworkReplyHttpImpl::_q_networkSessionStateChanged(QNetworkSession::State)
[ 16:31:52,951 ] QObject::connect: Cannot connect (null)::stateChanged(QNetworkSession::State) to QNetworkReplyHttpImpl::_q_networkSessionStateChanged(QNetworkSession::State)
[ 16:31:53,222 ] QObject::connect: Cannot connect (null)::stateChanged(QNetworkSession::State) to QNetworkReplyHttpImpl::_q_networkSessionStateChanged(QNetworkSession::State)
[ 16:31:53,225 ] QObject::connect: Cannot connect (null)::stateChanged(QNetworkSession::State) to QNetworkReplyHttpImpl::_q_networkSessionStateChanged(QNetworkSession::State)
[ 16:31:53,229 ] QObject::connect: Cannot connect (null)::stateChanged(QNetworkSession::State) to QNetworkReplyHttpImpl::_q_networkSessionStateChanged(QNetworkSession::State)
[ 16:31:53,932 ] QObject::connect: Cannot connect (null)::stateChanged(QNetworkSession::State) to QNetworkReplyHttpImpl::_q_networkSessionStateChanged(QNetworkSession::State)
[ 16:31:53,938 ] QObject::connect: Cannot connect (null)::stateChanged(QNetworkSession::State) to QNetworkReplyHttpImpl::_q_networkSessionStateChanged(QNetworkSession::State)
[ 16:31:53,942 ] QObject::connect: Cannot connect (null)::stateChanged(QNetworkSession::State) to QNetworkReplyHttpImpl::_q_networkSessionStateChanged(QNetworkSession::State)
[ 16:31:53,946 ] QObject::connect: Cannot connect (null)::stateChanged(QNetworkSession::State) to QNetworkReplyHttpImpl::_q_networkSessionStateChanged(QNetworkSession::State)
[ 16:31:53,950 ] QObject::connect: Cannot connect (null)::stateChanged(QNetworkSession::State) to QNetworkReplyHttpImpl::_q_networkSessionStateChanged(QNetworkSession::State)
[ 16:31:53,954 ] QObject::connect: Cannot connect (null)::stateChanged(QNetworkSession::State) to QNetworkReplyHttpImpl::_q_networkSessionStateChanged(QNetworkSession::State)
[ 16:31:54,151 ] QObject::connect: Cannot connect (null)::stateChanged(QNetworkSession::State) to QNetworkReplyHttpImpl::_q_networkSessionStateChanged(QNetworkSession::State)
[ 16:31:54,156 ] QObject::connect: Cannot connect (null)::stateChanged(QNetworkSession::State) to QNetworkReplyHttpImpl::_q_networkSessionStateChanged(QNetworkSession::State)
[ 16:31:54,160 ] QObject::connect: Cannot connect (null)::stateChanged(QNetworkSession::State) to QNetworkReplyHttpImpl::_q_networkSessionStateChanged(QNetworkSession::State)
[ 16:31:54,164 ] QObject::connect: Cannot connect (null)::stateChanged(QNetworkSession::State) to QNetworkReplyHttpImpl::_q_networkSessionStateChanged(QNetworkSession::State)
[ 16:31:54,168 ] QObject::connect: Cannot connect (null)::stateChanged(QNetworkSession::State) to QNetworkReplyHttpImpl::_q_networkSessionStateChanged(QNetworkSession::State)
[ 16:31:54,172 ] QObject::connect: Cannot connect (null)::stateChanged(QNetworkSession::State) to QNetworkReplyHttpImpl::_q_networkSessionStateChanged(QNetworkSession::State)
[ 16:31:54,337 ] QObject::connect: Cannot connect (null)::stateChanged(QNetworkSession::State) to QNetworkReplyHttpImpl::_q_networkSessionStateChanged(QNetworkSession::State)
[ 16:31:54,342 ] QObject::connect: Cannot connect (null)::stateChanged(QNetworkSession::State) to QNetworkReplyHttpImpl::_q_networkSessionStateChanged(QNetworkSession::State)
[ 16:31:54,348 ] QObject::connect: Cannot connect (null)::stateChanged(QNetworkSession::State) to QNetworkReplyHttpImpl::_q_networkSessionStateChanged(QNetworkSession::State)
[ 16:31:54,352 ] QObject::connect: Cannot connect (null)::stateChanged(QNetworkSession::State) to QNetworkReplyHttpImpl::_q_networkSessionStateChanged(QNetworkSession::State)
[ 16:31:54,357 ] QObject::connect: Cannot connect (null)::stateChanged(QNetworkSession::State) to QNetworkReplyHttpImpl::_q_networkSessionStateChanged(QNetworkSession::State)
[ 16:31:59,398 ] QObject::connect: Cannot connect (null)::stateChanged(QNetworkSession::State) to QNetworkReplyHttpImpl::_q_networkSessionStateChanged(QNetworkSession::State)
[ 16:33:04,271 ] QObject::connect: Cannot connect (null)::stateChanged(QNetworkSession::State) to QNetworkReplyHttpImpl::_q_networkSessionStateChanged(QNetworkSession::State)
[ 16:33:04,615 ] Socket state changed  QAbstractSocket::ClosingState
[ 16:33:04,615 ] Socket state changed  QAbstractSocket::UnconnectedState
[ 16:33:04,615 ] Disconnected from Gameserver
[ 16:33:05,025 ] QObject::connect: Cannot connect (null)::stateChanged(QNetworkSession::State) to QNetworkReplyHttpImpl::_q_networkSessionStateChanged(QNetworkSession::State)
[ 16:33:05,080 ] QObject::connect: Cannot connect (null)::stateChanged(QNetworkSession::State) to QNetworkReplyHttpImpl::_q_networkSessionStateChanged(QNetworkSession::State)
[ 16:33:06,291 ] Connection to gameserver  QUrl("tcp://oganza.ddns.net:7172")  requested (Charakter "Tchaka" )
[ 16:33:06,291 ] Socket state changed  QAbstractSocket::HostLookupState
[ 16:33:06,306 ] Socket state changed  QAbstractSocket::ConnectingState
[ 16:33:06,323 ] Socket state changed  QAbstractSocket::ConnectedState
[ 16:33:06,323 ] Connected to Gameserver  "oganza.ddns.net" "Oganza"
[ 16:33:07,684 ] QObject::connect: Cannot connect (null)::stateChanged(QNetworkSession::State) to QNetworkReplyHttpImpl::_q_networkSessionStateChanged(QNetworkSession::State)
[ 16:33:07,921 ] News query failed: "Account name or password is not correct."
[ 16:33:10,897 ] QObject::connect: Cannot connect (null)::stateChanged(QNetworkSession::State) to QNetworkReplyHttpImpl::_q_networkSessionStateChanged(QNetworkSession::State)
[ 16:33:12,839 ] QObject::connect: Cannot connect (null)::stateChanged(QNetworkSession::State) to QNetworkReplyHttpImpl::_q_networkSessionStateChanged(QNetworkSession::State)
[ 16:33:13,123 ] Socket state changed  QAbstractSocket::ClosingState
[ 16:33:13,123 ] Socket state changed  QAbstractSocket::UnconnectedState
[ 16:33:13,123 ] Disconnected from Gameserver
[ 16:33:13,565 ] QObject::connect: Cannot connect (null)::stateChanged(QNetworkSession::State) to QNetworkReplyHttpImpl::_q_networkSessionStateChanged(QNetworkSession::State)
[ 16:33:15,004 ] Connection to gameserver  QUrl("tcp://oganza.ddns.net:7172")  requested (Charakter "Teste" )
[ 16:33:15,005 ] Socket state changed  QAbstractSocket::HostLookupState
[ 16:33:15,005 ] Socket state changed  QAbstractSocket::ConnectingState
[ 16:33:15,019 ] Socket state changed  QAbstractSocket::ConnectedState
[ 16:33:15,019 ] Connected to Gameserver  "oganza.ddns.net" "Oganza"
[ 16:33:16,006 ] QObject::connect: Cannot connect (null)::stateChanged(QNetworkSession::State) to QNetworkReplyHttpImpl::_q_networkSessionStateChanged(QNetworkSession::State)
[ 16:33:16,138 ] News query failed: "Account name or password is not correct."
[ 16:33:19,091 ] QObject::connect: Cannot connect (null)::stateChanged(QNetworkSession::State) to QNetworkReplyHttpImpl::_q_networkSessionStateChanged(QNetworkSession::State)
[ 16:33:19,373 ] Socket state changed  QAbstractSocket::ClosingState
[ 16:33:19,373 ] Socket state changed  QAbstractSocket::UnconnectedState
[ 16:33:19,373 ] Disconnected from Gameserver
[ 16:33:19,831 ] QObject::connect: Cannot connect (null)::stateChanged(QNetworkSession::State) to QNetworkReplyHttpImpl::_q_networkSessionStateChanged(QNetworkSession::State)
[ 16:36:29,171 ] QObject::connect: Cannot connect (null)::stateChanged(QNetworkSession::State) to QNetworkReplyHttpImpl::_q_networkSessionStateChanged(QNetworkSession::State)
[ 16:41:29,172 ] QObject::connect: Cannot connect (null)::stateChanged(QNetworkSession::State) to QNetworkReplyHttpImpl::_q_networkSessionStateChanged(QNetworkSession::State)
[ 16:46:29,176 ] QObject::connect: Cannot connect (null)::stateChanged(QNetworkSession::State) to QNetworkReplyHttpImpl::_q_networkSessionStateChanged(QNetworkSession::State)
[ 03:17:48,028 ] Disabling Desktop GL:  GpuDescription(vendorId=0x8086, deviceId=0xa001, subSysId=0x22671019, revision=2, driver: "igdumdx32.dll", version=8.14.10.2230, "Intel(R) Graphics Media Accelerator 3150")
[ 03:18:08,126 ] QObject::connect: Cannot connect (null)::stateChanged(QNetworkSession::State) to QNetworkReplyHttpImpl::_q_networkSessionStateChanged(QNetworkSession::State)
[ 03:18:53,815 ] Asset loading complete
[ 03:18:56,145 ] QObject::connect: Cannot connect (null)::stateChanged(QNetworkSession::State) to QNetworkReplyHttpImpl::_q_networkSessionStateChanged(QNetworkSession::State)
[ 03:23:31,705 ] QObject::connect: Cannot connect (null)::stateChanged(QNetworkSession::State) to QNetworkReplyHttpImpl::_q_networkSessionStateChanged(QNetworkSession::State)
[ 13:26:46,942 ] Disabling Desktop GL:  GpuDescription(vendorId=0x8086, deviceId=0xa001, subSysId=0x22671019, revision=2, driver: "igdumdx32.dll", version=8.14.10.2230, "Intel(R) Graphics Media Accelerator 3150")
[ 13:27:16,904 ] QObject::connect: Cannot connect (null)::stateChanged(QNetworkSession::State) to QNetworkReplyHttpImpl::_q_networkSessionStateChanged(QNetworkSession::State)
[ 13:27:46,094 ] Asset loading complete
[ 13:27:49,334 ] QObject::connect: Cannot connect (null)::stateChanged(QNetworkSession::State) to QNetworkReplyHttpImpl::_q_networkSessionStateChanged(QNetworkSession::State)
[ 13:28:13,503 ] QObject::connect: Cannot connect (null)::stateChanged(QNetworkSession::State) to QNetworkReplyHttpImpl::_q_networkSessionStateChanged(QNetworkSession::State)
[ 13:28:16,502 ] BattlEye: "Initialized (v1.243)"
[ 13:28:16,503 ] BattlEye: "Restarting client is necessary, service isn't running properly"
[ 13:28:16,503 ] BattlEye: "Restarting client is necessary, update required"
[ 13:28:16,839 ] Connection to gameserver  QUrl("tcp://oganza.ddns.net:7172")  requested (Charakter "Oganza" )
[ 13:28:16,840 ] Socket state changed  QAbstractSocket::HostLookupState
[ 13:28:16,840 ] Socket state changed  QAbstractSocket::ConnectingState
[ 13:28:16,890 ] Socket state changed  QAbstractSocket::ConnectedState
[ 13:28:16,891 ] Connected to Gameserver  "oganza.ddns.net" "Oganza"
[ 13:28:18,750 ] QObject::connect: Cannot connect (null)::stateChanged(QNetworkSession::State) to QNetworkReplyHttpImpl::_q_networkSessionStateChanged(QNetworkSession::State)
[ 13:28:19,030 ] News query failed: "Account name or password is not correct."
[ 13:28:24,592 ] QObject::connect: Cannot connect (null)::stateChanged(QNetworkSession::State) to QNetworkReplyHttpImpl::_q_networkSessionStateChanged(QNetworkSession::State)
[ 13:28:24,883 ] Socket state changed  QAbstractSocket::ClosingState
[ 13:28:24,883 ] Socket state changed  QAbstractSocket::UnconnectedState
[ 13:28:24,883 ] Disconnected from Gameserver
[ 13:28:25,402 ] QObject::connect: Cannot connect (null)::stateChanged(QNetworkSession::State) to QNetworkReplyHttpImpl::_q_networkSessionStateChanged(QNetworkSession::State)
[ 13:28:25,411 ] QObject::connect: Cannot connect (null)::stateChanged(QNetworkSession::State) to QNetworkReplyHttpImpl::_q_networkSessionStateChanged(QNetworkSession::State)
[ 13:28:27,956 ] Connection to gameserver  QUrl("tcp://oganza.ddns.net:7172")  requested (Charakter "Tchaka" )
[ 13:28:27,956 ] Socket state changed  QAbstractSocket::HostLookupState
[ 13:28:27,956 ] Socket state changed  QAbstractSocket::ConnectingState
[ 13:28:27,967 ] Socket state changed  QAbstractSocket::ConnectedState
[ 13:28:27,968 ] Connected to Gameserver  "oganza.ddns.net" "Oganza"
[ 13:28:29,212 ] QObject::connect: Cannot connect (null)::stateChanged(QNetworkSession::State) to QNetworkReplyHttpImpl::_q_networkSessionStateChanged(QNetworkSession::State)
[ 13:28:29,466 ] News query failed: "Account name or password is not correct."
[ 13:28:31,910 ] QObject::connect: Cannot connect (null)::stateChanged(QNetworkSession::State) to QNetworkReplyHttpImpl::_q_networkSessionStateChanged(QNetworkSession::State)
[ 13:28:32,327 ] QObject::connect: Cannot connect (null)::stateChanged(QNetworkSession::State) to QNetworkReplyHttpImpl::_q_networkSessionStateChanged(QNetworkSession::State)
[ 13:28:32,617 ] Socket state changed  QAbstractSocket::ClosingState
[ 13:28:32,617 ] Socket state changed  QAbstractSocket::UnconnectedState
[ 13:28:32,618 ] Disconnected from Gameserver
[ 13:28:33,058 ] QObject::connect: Cannot connect (null)::stateChanged(QNetworkSession::State) to QNetworkReplyHttpImpl::_q_networkSessionStateChanged(QNetworkSession::State)
[ 13:28:35,250 ] Connection to gameserver  QUrl("tcp://oganza.ddns.net:7172")  requested (Charakter "Teste" )
[ 13:28:35,250 ] Socket state changed  QAbstractSocket::HostLookupState
[ 13:28:35,251 ] Socket state changed  QAbstractSocket::ConnectingState
[ 13:28:35,253 ] Socket state changed  QAbstractSocket::ConnectedState
[ 13:28:35,254 ] Connected to Gameserver  "oganza.ddns.net" "Oganza"
[ 13:28:36,351 ] QObject::connect: Cannot connect (null)::stateChanged(QNetworkSession::State) to QNetworkReplyHttpImpl::_q_networkSessionStateChanged(QNetworkSession::State)
[ 13:28:36,506 ] News query failed: "Account name or password is not correct."
[ 13:28:39,408 ] QObject::connect: Cannot connect (null)::stateChanged(QNetworkSession::State) to QNetworkReplyHttpImpl::_q_networkSessionStateChanged(QNetworkSession::State)
[ 13:28:46,066 ] QObject::connect: Cannot connect (null)::stateChanged(QNetworkSession::State) to QNetworkReplyHttpImpl::_q_networkSessionStateChanged(QNetworkSession::State)
[ 13:28:46,373 ] Socket state changed  QAbstractSocket::ClosingState
[ 13:28:46,395 ] Socket state changed  QAbstractSocket::UnconnectedState
[ 13:28:46,395 ] Disconnected from Gameserver
[ 13:28:46,719 ] QObject::connect: Cannot connect (null)::stateChanged(QNetworkSession::State) to QNetworkReplyHttpImpl::_q_networkSessionStateChanged(QNetworkSession::State)
[ 13:28:46,728 ] QObject::connect: Cannot connect (null)::stateChanged(QNetworkSession::State) to QNetworkReplyHttpImpl::_q_networkSessionStateChanged(QNetworkSession::State)
[ 13:32:34,044 ] QObject::connect: Cannot connect (null)::stateChanged(QNetworkSession::State) to QNetworkReplyHttpImpl::_q_networkSessionStateChanged(QNetworkSession::State)
[ 13:37:33,973 ] QObject::connect: Cannot connect (null)::stateChanged(QNetworkSession::State) to QNetworkReplyHttpImpl::_q_networkSessionStateChanged(QNetworkSession::State)
[ 13:42:33,976 ] QObject::connect: Cannot connect (null)::stateChanged(QNetworkSession::State) to QNetworkReplyHttpImpl::_q_networkSessionStateChanged(QNetworkSession::State)
[ 14:03:20,815 ] Disabling Desktop GL:  GpuDescription(vendorId=0x8086, deviceId=0xa001, subSysId=0x22671019, revision=2, driver: "igdumdx32.dll", version=8.14.10.2230, "Intel(R) Graphics Media Accelerator 3150")
[ 14:03:48,028 ] Asset loading complete
[ 14:03:50,480 ] QObject::connect: Cannot connect (null)::stateChanged(QNetworkSession::State) to QNetworkReplyHttpImpl::_q_networkSessionStateChanged(QNetworkSession::State)
[ 14:04:34,602 ] QObject::connect: Cannot connect (null)::stateChanged(QNetworkSession::State) to QNetworkReplyHttpImpl::_q_networkSessionStateChanged(QNetworkSession::State)
[ 14:04:50,293 ] QObject::connect: Cannot connect (null)::stateChanged(QNetworkSession::State) to QNetworkReplyHttpImpl::_q_networkSessionStateChanged(QNetworkSession::State)
[ 14:04:52,685 ] BattlEye: "Initialized (v1.243)"
[ 14:04:52,685 ] BattlEye: "Restarting client is necessary, service isn't running properly"
[ 14:04:52,685 ] BattlEye: "Restarting client is necessary, update required"
[ 14:04:53,054 ] Connection to gameserver  QUrl("tcp://oganza.ddns.net:7172")  requested (Charakter "Oganza" )
[ 14:04:53,054 ] Socket state changed  QAbstractSocket::HostLookupState
[ 14:04:53,055 ] Socket state changed  QAbstractSocket::ConnectingState
[ 14:04:53,091 ] Socket state changed  QAbstractSocket::ConnectedState
[ 14:04:53,092 ] Connected to Gameserver  "oganza.ddns.net" "Oganza"
[ 14:04:55,079 ] QObject::connect: Cannot connect (null)::stateChanged(QNetworkSession::State) to QNetworkReplyHttpImpl::_q_networkSessionStateChanged(QNetworkSession::State)
[ 14:04:55,321 ] News query failed: "Account name or password is not correct."
[ 14:04:57,989 ] QObject::connect: Cannot connect (null)::stateChanged(QNetworkSession::State) to QNetworkReplyHttpImpl::_q_networkSessionStateChanged(QNetworkSession::State)
[ 14:04:58,294 ] Socket state changed  QAbstractSocket::ClosingState
[ 14:04:58,294 ] Socket state changed  QAbstractSocket::UnconnectedState
[ 14:04:58,294 ] Disconnected from Gameserver
[ 14:04:58,832 ] QObject::connect: Cannot connect (null)::stateChanged(QNetworkSession::State) to QNetworkReplyHttpImpl::_q_networkSessionStateChanged(QNetworkSession::State)
[ 14:04:58,841 ] QObject::connect: Cannot connect (null)::stateChanged(QNetworkSession::State) to QNetworkReplyHttpImpl::_q_networkSessionStateChanged(QNetworkSession::State)
[ 14:05:00,231 ] Connection to gameserver  QUrl("tcp://oganza.ddns.net:7172")  requested (Charakter "Tchaka" )
[ 14:05:00,231 ] Socket state changed  QAbstractSocket::HostLookupState
[ 14:05:00,231 ] Socket state changed  QAbstractSocket::ConnectingState
[ 14:05:00,233 ] Socket state changed  QAbstractSocket::ConnectedState
[ 14:05:00,234 ] Connected to Gameserver  "oganza.ddns.net" "Oganza"
[ 14:05:01,821 ] QObject::connect: Cannot connect (null)::stateChanged(QNetworkSession::State) to QNetworkReplyHttpImpl::_q_networkSessionStateChanged(QNetworkSession::State)
[ 14:05:02,280 ] News query failed: "Account name or password is not correct."
[ 14:05:05,652 ] QObject::connect: Cannot connect (null)::stateChanged(QNetworkSession::State) to QNetworkReplyHttpImpl::_q_networkSessionStateChanged(QNetworkSession::State)
[ 14:05:06,001 ] Socket state changed  QAbstractSocket::ClosingState
[ 14:05:06,001 ] Socket state changed  QAbstractSocket::UnconnectedState
[ 14:05:06,002 ] Disconnected from Gameserver
[ 14:05:08,192 ] Connection to gameserver  QUrl("tcp://oganza.ddns.net:7172")  requested (Charakter "Teste" )
[ 14:05:08,193 ] Socket state changed  QAbstractSocket::HostLookupState
[ 14:05:08,193 ] Socket state changed  QAbstractSocket::ConnectingState
[ 14:05:08,208 ] Socket state changed  QAbstractSocket::ConnectedState
[ 14:05:08,209 ] Connected to Gameserver  "oganza.ddns.net" "Oganza"
[ 14:05:09,253 ] QObject::connect: Cannot connect (null)::stateChanged(QNetworkSession::State) to QNetworkReplyHttpImpl::_q_networkSessionStateChanged(QNetworkSession::State)
[ 14:05:09,441 ] News query failed: "Account name or password is not correct."
[ 14:05:10,132 ] QObject::connect: Cannot connect (null)::stateChanged(QNetworkSession::State) to QNetworkReplyHttpImpl::_q_networkSessionStateChanged(QNetworkSession::State)
[ 14:05:10,432 ] Socket state changed  QAbstractSocket::ClosingState
[ 14:05:10,432 ] Socket state changed  QAbstractSocket::UnconnectedState
[ 14:05:10,432 ] Disconnected from Gameserver
[ 14:05:10,805 ] QObject::connect: Cannot connect (null)::stateChanged(QNetworkSession::State) to QNetworkReplyHttpImpl::_q_networkSessionStateChanged(QNetworkSession::State)
[ 14:09:13,013 ] QObject::connect: Cannot connect (null)::stateChanged(QNetworkSession::State) to QNetworkReplyHttpImpl::_q_networkSessionStateChanged(QNetworkSession::State)
[ 14:14:13,032 ] QObject::connect: Cannot connect (null)::stateChanged(QNetworkSession::State) to QNetworkReplyHttpImpl::_q_networkSessionStateChanged(QNetworkSession::State)
[ 14:19:13,021 ] QObject::connect: Cannot connect (null)::stateChanged(QNetworkSession::State) to QNetworkReplyHttpImpl::_q_networkSessionStateChanged(QNetworkSession::State)
[ 14:24:13,031 ] QObject::connect: Cannot connect (null)::stateChanged(QNetworkSession::State) to QNetworkReplyHttpImpl::_q_networkSessionStateChanged(QNetworkSession::State)
[ 14:29:13,033 ] QObject::connect: Cannot connect (null)::stateChanged(QNetworkSession::State) to QNetworkReplyHttpImpl::_q_networkSessionStateChanged(QNetworkSession::State)
[ 14:34:13,042 ] QObject::connect: Cannot connect (null)::stateChanged(QNetworkSession::State) to QNetworkReplyHttpImpl::_q_networkSessionStateChanged(QNetworkSession::State)
[ 14:39:13,048 ] QObject::connect: Cannot connect (null)::stateChanged(QNetworkSession::State) to QNetworkReplyHttpImpl::_q_networkSessionStateChanged(QNetworkSession::State)
[ 14:44:13,050 ] QObject::connect: Cannot connect (null)::stateChanged(QNetworkSession::State) to QNetworkReplyHttpImpl::_q_networkSessionStateChanged(QNetworkSession::State)
[ 14:49:13,059 ] QObject::connect: Cannot connect (null)::stateChanged(QNetworkSession::State) to QNetworkReplyHttpImpl::_q_networkSessionStateChanged(QNetworkSession::State)
[ 14:54:13,061 ] QObject::connect: Cannot connect (null)::stateChanged(QNetworkSession::State) to QNetworkReplyHttpImpl::_q_networkSessionStateChanged(QNetworkSession::State)
[ 14:59:13,072 ] QObject::connect: Cannot connect (null)::stateChanged(QNetworkSession::State) to QNetworkReplyHttpImpl::_q_networkSessionStateChanged(QNetworkSession::State)
[ 15:04:13,079 ] QObject::connect: Cannot connect (null)::stateChanged(QNetworkSession::State) to QNetworkReplyHttpImpl::_q_networkSessionStateChanged(QNetworkSession::State)
[ 15:09:13,083 ] QObject::connect: Cannot connect (null)::stateChanged(QNetworkSession::State) to QNetworkReplyHttpImpl::_q_networkSessionStateChanged(QNetworkSession::State)
[ 15:14:13,083 ] QObject::connect: Cannot connect (null)::stateChanged(QNetworkSession::State) to QNetworkReplyHttpImpl::_q_networkSessionStateChanged(QNetworkSession::State)
[ 15:19:13,093 ] QObject::connect: Cannot connect (null)::stateChanged(QNetworkSession::State) to QNetworkReplyHttpImpl::_q_networkSessionStateChanged(QNetworkSession::State)
[ 15:24:13,093 ] QObject::connect: Cannot connect (null)::stateChanged(QNetworkSession::State) to QNetworkReplyHttpImpl::_q_networkSessionStateChanged(QNetworkSession::State)
[ 15:29:13,105 ] QObject::connect: Cannot connect (null)::stateChanged(QNetworkSession::State) to QNetworkReplyHttpImpl::_q_networkSessionStateChanged(QNetworkSession::State)
[ 15:34:13,139 ] QObject::connect: Cannot connect (null)::stateChanged(QNetworkSession::State) to QNetworkReplyHttpImpl::_q_networkSessionStateChanged(QNetworkSession::State)
[ 19:57:15,459 ] Disabling Desktop GL:  GpuDescription(vendorId=0x8086, deviceId=0xa001, subSysId=0x22671019, revision=2, driver: "igdumdx32.dll", version=8.14.10.2230, "Intel(R) Graphics Media Accelerator 3150")
[ 19:57:33,721 ] QObject::connect: Cannot connect (null)::stateChanged(QNetworkSession::State) to QNetworkReplyHttpImpl::_q_networkSessionStateChanged(QNetworkSession::State)
[ 19:57:56,246 ] Asset loading complete
[ 19:57:57,438 ] QObject::connect: Cannot connect (null)::stateChanged(QNetworkSession::State) to QNetworkReplyHttpImpl::_q_networkSessionStateChanged(QNetworkSession::State)
[ 20:02:45,771 ] QObject::connect: Cannot connect (null)::stateChanged(QNetworkSession::State) to QNetworkReplyHttpImpl::_q_networkSessionStateChanged(QNetworkSession::State)
[ 20:07:45,774 ] QObject::connect: Cannot connect (null)::stateChanged(QNetworkSession::State) to QNetworkReplyHttpImpl::_q_networkSessionStateChanged(QNetworkSession::State)
[ 20:12:45,786 ] QObject::connect: Cannot connect (null)::stateChanged(QNetworkSession::State) to QNetworkReplyHttpImpl::_q_networkSessionStateChanged(QNetworkSession::State)
[ 20:17:45,790 ] QObject::connect: Cannot connect (null)::stateChanged(QNetworkSession::State) to QNetworkReplyHttpImpl::_q_networkSessionStateChanged(QNetworkSession::State)
[ 20:22:45,789 ] QObject::connect: Cannot connect (null)::stateChanged(QNetworkSession::State) to QNetworkReplyHttpImpl::_q_networkSessionStateChanged(QNetworkSession::State)
[ 20:27:45,796 ] QObject::connect: Cannot connect (null)::stateChanged(QNetworkSession::State) to QNetworkReplyHttpImpl::_q_networkSessionStateChanged(QNetworkSession::State)
[ 20:34:03,557 ] Disabling Desktop GL:  GpuDescription(vendorId=0x8086, deviceId=0xa001, subSysId=0x22671019, revision=2, driver: "igdumdx32.dll", version=8.14.10.2230, "Intel(R) Graphics Media Accelerator 3150")
[ 20:34:23,997 ] QObject::connect: Cannot connect (null)::stateChanged(QNetworkSession::State) to QNetworkReplyHttpImpl::_q_networkSessionStateChanged(QNetworkSession::State)
[ 20:34:50,391 ] Asset loading complete
[ 20:34:51,850 ] QObject::connect: Cannot connect (null)::stateChanged(QNetworkSession::State) to QNetworkReplyHttpImpl::_q_networkSessionStateChanged(QNetworkSession::State)
[ 21:26:27,183 ] Disabling Desktop GL:  GpuDescription(vendorId=0x8086, deviceId=0xa001, subSysId=0x22671019, revision=2, driver: "igdumdx32.dll", version=8.14.10.2230, "Intel(R) Graphics Media Accelerator 3150")
[ 21:26:45,168 ] QObject::connect: Cannot connect (null)::stateChanged(QNetworkSession::State) to QNetworkReplyHttpImpl::_q_networkSessionStateChanged(QNetworkSession::State)
[ 21:27:07,958 ] Asset loading complete
[ 21:27:09,198 ] QObject::connect: Cannot connect (null)::stateChanged(QNetworkSession::State) to QNetworkReplyHttpImpl::_q_networkSessionStateChanged(QNetworkSession::State)
[ 21:31:56,637 ] QObject::connect: Cannot connect (null)::stateChanged(QNetworkSession::State) to QNetworkReplyHttpImpl::_q_networkSessionStateChanged(QNetworkSession::State)
[ 21:36:56,645 ] QObject::connect: Cannot connect (null)::stateChanged(QNetworkSession::State) to QNetworkReplyHttpImpl::_q_networkSessionStateChanged(QNetworkSession::State)
[ 21:41:56,649 ] QObject::connect: Cannot connect (null)::stateChanged(QNetworkSession::State) to QNetworkReplyHttpImpl::_q_networkSessionStateChanged(QNetworkSession::State)
[ 21:46:56,648 ] QObject::connect: Cannot connect (null)::stateChanged(QNetworkSession::State) to QNetworkReplyHttpImpl::_q_networkSessionStateChanged(QNetworkSession::State)
[ 21:51:56,658 ] QObject::connect: Cannot connect (null)::stateChanged(QNetworkSession::State) to QNetworkReplyHttpImpl::_q_networkSessionStateChanged(QNetworkSession::State)
[ 21:56:56,665 ] QObject::connect: Cannot connect (null)::stateChanged(QNetworkSession::State) to QNetworkReplyHttpImpl::_q_networkSessionStateChanged(QNetworkSession::State)
[ 03:39:57,828 ] Disabling Desktop GL:  GpuDescription(vendorId=0x8086, deviceId=0xa001, subSysId=0x22671019, revision=2, driver: "igdumdx32.dll", version=8.14.10.2230, "Intel(R) Graphics Media Accelerator 3150")
[ 03:40:19,288 ] QObject::connect: Cannot connect (null)::stateChanged(QNetworkSession::State) to QNetworkReplyHttpImpl::_q_networkSessionStateChanged(QNetworkSession::State)
[ 03:40:43,799 ] Asset loading complete
[ 03:40:45,141 ] QObject::connect: Cannot connect (null)::stateChanged(QNetworkSession::State) to QNetworkReplyHttpImpl::_q_networkSessionStateChanged(QNetworkSession::State)
[ 03:45:32,071 ] QObject::connect: Cannot connect (null)::stateChanged(QNetworkSession::State) to QNetworkReplyHttpImpl::_q_networkSessionStateChanged(QNetworkSession::State)
[ 03:47:07,661 ] QObject::connect: Cannot connect (null)::stateChanged(QNetworkSession::State) to QNetworkReplyHttpImpl::_q_networkSessionStateChanged(QNetworkSession::State)
[ 03:47:10,758 ] BattlEye: "Initialized (v1.243)"
[ 03:47:10,758 ] BattlEye: "Restarting client is necessary, service isn't running properly"
[ 03:47:10,758 ] BattlEye: "Restarting client is necessary, update required"
[ 03:47:11,002 ] Connection to gameserver  QUrl("tcp://oganza.ddns.net:7172")  requested (Charakter "Oganza" )
[ 03:47:11,002 ] Socket state changed  QAbstractSocket::HostLookupState
[ 03:47:11,002 ] Socket state changed  QAbstractSocket::ConnectingState
[ 03:47:11,025 ] Socket state changed  QAbstractSocket::ConnectedState
[ 03:47:11,025 ] Connected to Gameserver  "oganza.ddns.net" "Oganza"
[ 03:47:12,978 ] QObject::connect: Cannot connect (null)::stateChanged(QNetworkSession::State) to QNetworkReplyHttpImpl::_q_networkSessionStateChanged(QNetworkSession::State)
[ 03:47:13,215 ] News query failed: "Account name or password is not correct."
[ 03:47:15,325 ] QObject::connect: Cannot connect (null)::stateChanged(QNetworkSession::State) to QNetworkReplyHttpImpl::_q_networkSessionStateChanged(QNetworkSession::State)
[ 03:47:15,337 ] QObject::connect: Cannot connect (null)::stateChanged(QNetworkSession::State) to QNetworkReplyHttpImpl::_q_networkSessionStateChanged(QNetworkSession::State)
[ 03:47:15,355 ] QObject::connect: Cannot connect (null)::stateChanged(QNetworkSession::State) to QNetworkReplyHttpImpl::_q_networkSessionStateChanged(QNetworkSession::State)
[ 03:47:15,375 ] QObject::connect: Cannot connect (null)::stateChanged(QNetworkSession::State) to QNetworkReplyHttpImpl::_q_networkSessionStateChanged(QNetworkSession::State)
[ 03:47:15,384 ] QObject::connect: Cannot connect (null)::stateChanged(QNetworkSession::State) to QNetworkReplyHttpImpl::_q_networkSessionStateChanged(QNetworkSession::State)
[ 03:47:15,403 ] QObject::connect: Cannot connect (null)::stateChanged(QNetworkSession::State) to QNetworkReplyHttpImpl::_q_networkSessionStateChanged(QNetworkSession::State)
[ 03:47:15,566 ] QObject::connect: Cannot connect (null)::stateChanged(QNetworkSession::State) to QNetworkReplyHttpImpl::_q_networkSessionStateChanged(QNetworkSession::State)
[ 03:47:15,571 ] QObject::connect: Cannot connect (null)::stateChanged(QNetworkSession::State) to QNetworkReplyHttpImpl::_q_networkSessionStateChanged(QNetworkSession::State)
[ 03:47:15,620 ] QObject::connect: Cannot connect (null)::stateChanged(QNetworkSession::State) to QNetworkReplyHttpImpl::_q_networkSessionStateChanged(QNetworkSession::State)
[ 03:47:15,648 ] QObject::connect: Cannot connect (null)::stateChanged(QNetworkSession::State) to QNetworkReplyHttpImpl::_q_networkSessionStateChanged(QNetworkSession::State)
[ 03:47:15,652 ] QObject::connect: Cannot connect (null)::stateChanged(QNetworkSession::State) to QNetworkReplyHttpImpl::_q_networkSessionStateChanged(QNetworkSession::State)
[ 03:47:15,657 ] QObject::connect: Cannot connect (null)::stateChanged(QNetworkSession::State) to QNetworkReplyHttpImpl::_q_networkSessionStateChanged(QNetworkSession::State)
[ 03:47:16,468 ] QObject::connect: Cannot connect (null)::stateChanged(QNetworkSession::State) to QNetworkReplyHttpImpl::_q_networkSessionStateChanged(QNetworkSession::State)
[ 03:47:16,473 ] QObject::connect: Cannot connect (null)::stateChanged(QNetworkSession::State) to QNetworkReplyHttpImpl::_q_networkSessionStateChanged(QNetworkSession::State)
[ 03:47:16,479 ] QObject::connect: Cannot connect (null)::stateChanged(QNetworkSession::State) to QNetworkReplyHttpImpl::_q_networkSessionStateChanged(QNetworkSession::State)
[ 03:47:16,484 ] QObject::connect: Cannot connect (null)::stateChanged(QNetworkSession::State) to QNetworkReplyHttpImpl::_q_networkSessionStateChanged(QNetworkSession::State)
[ 03:47:16,501 ] QObject::connect: Cannot connect (null)::stateChanged(QNetworkSession::State) to QNetworkReplyHttpImpl::_q_networkSessionStateChanged(QNetworkSession::State)
[ 03:47:16,506 ] QObject::connect: Cannot connect (null)::stateChanged(QNetworkSession::State) to QNetworkReplyHttpImpl::_q_networkSessionStateChanged(QNetworkSession::State)
[ 03:47:16,637 ] QObject::connect: Cannot connect (null)::stateChanged(QNetworkSession::State) to QNetworkReplyHttpImpl::_q_networkSessionStateChanged(QNetworkSession::State)
[ 03:47:16,644 ] QObject::connect: Cannot connect (null)::stateChanged(QNetworkSession::State) to QNetworkReplyHttpImpl::_q_networkSessionStateChanged(QNetworkSession::State)
[ 03:47:16,649 ] QObject::connect: Cannot connect (null)::stateChanged(QNetworkSession::State) to QNetworkReplyHttpImpl::_q_networkSessionStateChanged(QNetworkSession::State)
[ 03:47:16,654 ] QObject::connect: Cannot connect (null)::stateChanged(QNetworkSession::State) to QNetworkReplyHttpImpl::_q_networkSessionStateChanged(QNetworkSession::State)
[ 03:47:16,661 ] QObject::connect: Cannot connect (null)::stateChanged(QNetworkSession::State) to QNetworkReplyHttpImpl::_q_networkSessionStateChanged(QNetworkSession::State)
[ 03:47:26,773 ] QObject::connect: Cannot connect (null)::stateChanged(QNetworkSession::State) to QNetworkReplyHttpImpl::_q_networkSessionStateChanged(QNetworkSession::State)
[ 03:47:27,211 ] QObject::connect: Cannot connect (null)::stateChanged(QNetworkSession::State) to QNetworkReplyHttpImpl::_q_networkSessionStateChanged(QNetworkSession::State)
[ 03:47:27,233 ] QObject::connect: Cannot connect (null)::stateChanged(QNetworkSession::State) to QNetworkReplyHttpImpl::_q_networkSessionStateChanged(QNetworkSession::State)
[ 03:47:27,256 ] QObject::connect: Cannot connect (null)::stateChanged(QNetworkSession::State) to QNetworkReplyHttpImpl::_q_networkSessionStateChanged(QNetworkSession::State)
[ 03:47:27,276 ] QObject::connect: Cannot connect (null)::stateChanged(QNetworkSession::State) to QNetworkReplyHttpImpl::_q_networkSessionStateChanged(QNetworkSession::State)
[ 03:47:29,014 ] QObject::connect: Cannot connect (null)::stateChanged(QNetworkSession::State) to QNetworkReplyHttpImpl::_q_networkSessionStateChanged(QNetworkSession::State)
[ 03:47:29,469 ] QObject::connect: Cannot connect (null)::stateChanged(QNetworkSession::State) to QNetworkReplyHttpImpl::_q_networkSessionStateChanged(QNetworkSession::State)
[ 03:47:29,496 ] QObject::connect: Cannot connect (null)::stateChanged(QNetworkSession::State) to QNetworkReplyHttpImpl::_q_networkSessionStateChanged(QNetworkSession::State)
[ 03:47:31,100 ] QObject::connect: Cannot connect (null)::stateChanged(QNetworkSession::State) to QNetworkReplyHttpImpl::_q_networkSessionStateChanged(QNetworkSession::State)
[ 03:47:31,589 ] QObject::connect: Cannot connect (null)::stateChanged(QNetworkSession::State) to QNetworkReplyHttpImpl::_q_networkSessionStateChanged(QNetworkSession::State)
[ 03:47:31,609 ] QObject::connect: Cannot connect (null)::stateChanged(QNetworkSession::State) to QNetworkReplyHttpImpl::_q_networkSessionStateChanged(QNetworkSession::State)
[ 03:47:31,629 ] QObject::connect: Cannot connect (null)::stateChanged(QNetworkSession::State) to QNetworkReplyHttpImpl::_q_networkSessionStateChanged(QNetworkSession::State)
[ 03:47:31,650 ] QObject::connect: Cannot connect (null)::stateChanged(QNetworkSession::State) to QNetworkReplyHttpImpl::_q_networkSessionStateChanged(QNetworkSession::State)
[ 03:47:31,670 ] QObject::connect: Cannot connect (null)::stateChanged(QNetworkSession::State) to QNetworkReplyHttpImpl::_q_networkSessionStateChanged(QNetworkSession::State)
[ 03:47:31,691 ] QObject::connect: Cannot connect (null)::stateChanged(QNetworkSession::State) to QNetworkReplyHttpImpl::_q_networkSessionStateChanged(QNetworkSession::State)
[ 03:47:31,868 ] QObject::connect: Cannot connect (null)::stateChanged(QNetworkSession::State) to QNetworkReplyHttpImpl::_q_networkSessionStateChanged(QNetworkSession::State)
[ 03:47:31,905 ] QObject::connect: Cannot connect (null)::stateChanged(QNetworkSession::State) to QNetworkReplyHttpImpl::_q_networkSessionStateChanged(QNetworkSession::State)
[ 03:47:36,798 ] QObject::connect: Cannot connect (null)::stateChanged(QNetworkSession::State) to QNetworkReplyHttpImpl::_q_networkSessionStateChanged(QNetworkSession::State)
[ 03:47:37,253 ] QObject::connect: Cannot connect (null)::stateChanged(QNetworkSession::State) to QNetworkReplyHttpImpl::_q_networkSessionStateChanged(QNetworkSession::State)
[ 03:47:37,291 ] QObject::connect: Cannot connect (null)::stateChanged(QNetworkSession::State) to QNetworkReplyHttpImpl::_q_networkSessionStateChanged(QNetworkSession::State)
[ 03:47:37,329 ] QObject::connect: Cannot connect (null)::stateChanged(QNetworkSession::State) to QNetworkReplyHttpImpl::_q_networkSessionStateChanged(QNetworkSession::State)
[ 03:47:37,418 ] QObject::connect: Cannot connect (null)::stateChanged(QNetworkSession::State) to QNetworkReplyHttpImpl::_q_networkSessionStateChanged(QNetworkSession::State)
[ 03:47:37,457 ] QObject::connect: Cannot connect (null)::stateChanged(QNetworkSession::State) to QNetworkReplyHttpImpl::_q_networkSessionStateChanged(QNetworkSession::State)
[ 03:47:37,497 ] QObject::connect: Cannot connect (null)::stateChanged(QNetworkSession::State) to QNetworkReplyHttpImpl::_q_networkSessionStateChanged(QNetworkSession::State)
[ 03:47:37,823 ] QObject::connect: Cannot connect (null)::stateChanged(QNetworkSession::State) to QNetworkReplyHttpImpl::_q_networkSessionStateChanged(QNetworkSession::State)
[ 03:47:37,835 ] QObject::connect: Cannot connect (null)::stateChanged(QNetworkSession::State) to QNetworkReplyHttpImpl::_q_networkSessionStateChanged(QNetworkSession::State)
[ 03:47:37,974 ] QObject::connect: Cannot connect (null)::stateChanged(QNetworkSession::State) to QNetworkReplyHttpImpl::_q_networkSessionStateChanged(QNetworkSession::State)
[ 03:47:37,995 ] QObject::connect: Cannot connect (null)::stateChanged(QNetworkSession::State) to QNetworkReplyHttpImpl::_q_networkSessionStateChanged(QNetworkSession::State)
[ 03:47:38,015 ] QObject::connect: Cannot connect (null)::stateChanged(QNetworkSession::State) to QNetworkReplyHttpImpl::_q_networkSessionStateChanged(QNetworkSession::State)
[ 03:47:38,036 ] QObject::connect: Cannot connect (null)::stateChanged(QNetworkSession::State) to QNetworkReplyHttpImpl::_q_networkSessionStateChanged(QNetworkSession::State)
[ 03:47:38,056 ] QObject::connect: Cannot connect (null)::stateChanged(QNetworkSession::State) to QNetworkReplyHttpImpl::_q_networkSessionStateChanged(QNetworkSession::State)
[ 03:47:38,076 ] QObject::connect: Cannot connect (null)::stateChanged(QNetworkSession::State) to QNetworkReplyHttpImpl::_q_networkSessionStateChanged(QNetworkSession::State)
[ 03:47:38,395 ] QObject::connect: Cannot connect (null)::stateChanged(QNetworkSession::State) to QNetworkReplyHttpImpl::_q_networkSessionStateChanged(QNetworkSession::State)
[ 03:47:38,405 ] QObject::connect: Cannot connect (null)::stateChanged(QNetworkSession::State) to QNetworkReplyHttpImpl::_q_networkSessionStateChanged(QNetworkSession::State)
[ 03:47:38,415 ] QObject::connect: Cannot connect (null)::stateChanged(QNetworkSession::State) to QNetworkReplyHttpImpl::_q_networkSessionStateChanged(QNetworkSession::State)
[ 03:47:44,577 ] QObject::connect: Cannot connect (null)::stateChanged(QNetworkSession::State) to QNetworkReplyHttpImpl::_q_networkSessionStateChanged(QNetworkSession::State)
[ 03:47:45,097 ] QObject::connect: Cannot connect (null)::stateChanged(QNetworkSession::State) to QNetworkReplyHttpImpl::_q_networkSessionStateChanged(QNetworkSession::State)
[ 03:47:45,120 ] QObject::connect: Cannot connect (null)::stateChanged(QNetworkSession::State) to QNetworkReplyHttpImpl::_q_networkSessionStateChanged(QNetworkSession::State)
[ 03:47:45,141 ] QObject::connect: Cannot connect (null)::stateChanged(QNetworkSession::State) to QNetworkReplyHttpImpl::_q_networkSessionStateChanged(QNetworkSession::State)
[ 03:47:45,164 ] QObject::connect: Cannot connect (null)::stateChanged(QNetworkSession::State) to QNetworkReplyHttpImpl::_q_networkSessionStateChanged(QNetworkSession::State)
[ 03:47:45,185 ] QObject::connect: Cannot connect (null)::stateChanged(QNetworkSession::State) to QNetworkReplyHttpImpl::_q_networkSessionStateChanged(QNetworkSession::State)
[ 03:47:45,273 ] QObject::connect: Cannot connect (null)::stateChanged(QNetworkSession::State) to QNetworkReplyHttpImpl::_q_networkSessionStateChanged(QNetworkSession::State)
[ 03:47:45,547 ] QObject::connect: Cannot connect (null)::stateChanged(QNetworkSession::State) to QNetworkReplyHttpImpl::_q_networkSessionStateChanged(QNetworkSession::State)
[ 03:47:45,560 ] QObject::connect: Cannot connect (null)::stateChanged(QNetworkSession::State) to QNetworkReplyHttpImpl::_q_networkSessionStateChanged(QNetworkSession::State)
[ 03:47:45,579 ] QObject::connect: Cannot connect (null)::stateChanged(QNetworkSession::State) to QNetworkReplyHttpImpl::_q_networkSessionStateChanged(QNetworkSession::State)
[ 03:47:45,589 ] QObject::connect: Cannot connect (null)::stateChanged(QNetworkSession::State) to QNetworkReplyHttpImpl::_q_networkSessionStateChanged(QNetworkSession::State)
[ 03:47:45,599 ] QObject::connect: Cannot connect (null)::stateChanged(QNetworkSession::State) to QNetworkReplyHttpImpl::_q_networkSessionStateChanged(QNetworkSession::State)
[ 03:47:45,609 ] QObject::connect: Cannot connect (null)::stateChanged(QNetworkSession::State) to QNetworkReplyHttpImpl::_q_networkSessionStateChanged(QNetworkSession::State)
[ 03:47:45,684 ] QObject::connect: Cannot connect (null)::stateChanged(QNetworkSession::State) to QNetworkReplyHttpImpl::_q_networkSessionStateChanged(QNetworkSession::State)
[ 03:47:45,695 ] QObject::connect: Cannot connect (null)::stateChanged(QNetworkSession::State) to QNetworkReplyHttpImpl::_q_networkSessionStateChanged(QNetworkSession::State)
[ 03:47:45,755 ] QObject::connect: Cannot connect (null)::stateChanged(QNetworkSession::State) to QNetworkReplyHttpImpl::_q_networkSessionStateChanged(QNetworkSession::State)
[ 03:47:45,775 ] QObject::connect: Cannot connect (null)::stateChanged(QNetworkSession::State) to QNetworkReplyHttpImpl::_q_networkSessionStateChanged(QNetworkSession::State)
[ 03:47:45,795 ] QObject::connect: Cannot connect (null)::stateChanged(QNetworkSession::State) to QNetworkReplyHttpImpl::_q_networkSessionStateChanged(QNetworkSession::State)
[ 03:47:45,816 ] QObject::connect: Cannot connect (null)::stateChanged(QNetworkSession::State) to QNetworkReplyHttpImpl::_q_networkSessionStateChanged(QNetworkSession::State)
[ 03:47:46,171 ] QObject::connect: Cannot connect (null)::stateChanged(QNetworkSession::State) to QNetworkReplyHttpImpl::_q_networkSessionStateChanged(QNetworkSession::State)
[ 03:47:46,184 ] QObject::connect: Cannot connect (null)::stateChanged(QNetworkSession::State) to QNetworkReplyHttpImpl::_q_networkSessionStateChanged(QNetworkSession::State)
[ 03:47:46,278 ] QObject::connect: Cannot connect (null)::stateChanged(QNetworkSession::State) to QNetworkReplyHttpImpl::_q_networkSessionStateChanged(QNetworkSession::State)
[ 03:47:46,292 ] QObject::connect: Cannot connect (null)::stateChanged(QNetworkSession::State) to QNetworkReplyHttpImpl::_q_networkSessionStateChanged(QNetworkSession::State)
[ 03:47:46,312 ] QObject::connect: Cannot connect (null)::stateChanged(QNetworkSession::State) to QNetworkReplyHttpImpl::_q_networkSessionStateChanged(QNetworkSession::State)
[ 03:47:46,326 ] QObject::connect: Cannot connect (null)::stateChanged(QNetworkSession::State) to QNetworkReplyHttpImpl::_q_networkSessionStateChanged(QNetworkSession::State)
[ 03:47:48,451 ] QObject::connect: Cannot connect (null)::stateChanged(QNetworkSession::State) to QNetworkReplyHttpImpl::_q_networkSessionStateChanged(QNetworkSession::State)
[ 03:47:48,842 ] QObject::connect: Cannot connect (null)::stateChanged(QNetworkSession::State) to QNetworkReplyHttpImpl::_q_networkSessionStateChanged(QNetworkSession::State)
[ 03:47:49,242 ] QObject::connect: Cannot connect (null)::stateChanged(QNetworkSession::State) to QNetworkReplyHttpImpl::_q_networkSessionStateChanged(QNetworkSession::State)
[ 03:47:54,842 ] QObject::connect: Cannot connect (null)::stateChanged(QNetworkSession::State) to QNetworkReplyHttpImpl::_q_networkSessionStateChanged(QNetworkSession::State)
[ 03:47:55,486 ] QObject::connect: Cannot connect (null)::stateChanged(QNetworkSession::State) to QNetworkReplyHttpImpl::_q_networkSessionStateChanged(QNetworkSession::State)
[ 03:47:55,560 ] QObject::connect: Cannot connect (null)::stateChanged(QNetworkSession::State) to QNetworkReplyHttpImpl::_q_networkSessionStateChanged(QNetworkSession::State)
[ 03:47:55,586 ] QObject::connect: Cannot connect (null)::stateChanged(QNetworkSession::State) to QNetworkReplyHttpImpl::_q_networkSessionStateChanged(QNetworkSession::State)
[ 03:47:55,611 ] QObject::connect: Cannot connect (null)::stateChanged(QNetworkSession::State) to QNetworkReplyHttpImpl::_q_networkSessionStateChanged(QNetworkSession::State)
[ 03:47:55,641 ] QObject::connect: Cannot connect (null)::stateChanged(QNetworkSession::State) to QNetworkReplyHttpImpl::_q_networkSessionStateChanged(QNetworkSession::State)
[ 03:47:55,666 ] QObject::connect: Cannot connect (null)::stateChanged(QNetworkSession::State) to QNetworkReplyHttpImpl::_q_networkSessionStateChanged(QNetworkSession::State)
[ 03:47:56,034 ] QObject::connect: Cannot connect (null)::stateChanged(QNetworkSession::State) to QNetworkReplyHttpImpl::_q_networkSessionStateChanged(QNetworkSession::State)
[ 03:47:56,048 ] QObject::connect: Cannot connect (null)::stateChanged(QNetworkSession::State) to QNetworkReplyHttpImpl::_q_networkSessionStateChanged(QNetworkSession::State)
[ 03:47:56,063 ] QObject::connect: Cannot connect (null)::stateChanged(QNetworkSession::State) to QNetworkReplyHttpImpl::_q_networkSessionStateChanged(QNetworkSession::State)
[ 03:47:56,077 ] QObject::connect: Cannot connect (null)::stateChanged(QNetworkSession::State) to QNetworkReplyHttpImpl::_q_networkSessionStateChanged(QNetworkSession::State)
[ 03:47:56,093 ] QObject::connect: Cannot connect (null)::stateChanged(QNetworkSession::State) to QNetworkReplyHttpImpl::_q_networkSessionStateChanged(QNetworkSession::State)
[ 03:47:56,109 ] QObject::connect: Cannot connect (null)::stateChanged(QNetworkSession::State) to QNetworkReplyHttpImpl::_q_networkSessionStateChanged(QNetworkSession::State)
[ 03:47:56,256 ] QObject::connect: Cannot connect (null)::stateChanged(QNetworkSession::State) to QNetworkReplyHttpImpl::_q_networkSessionStateChanged(QNetworkSession::State)
[ 03:47:56,269 ] QObject::connect: Cannot connect (null)::stateChanged(QNetworkSession::State) to QNetworkReplyHttpImpl::_q_networkSessionStateChanged(QNetworkSession::State)
[ 03:47:56,334 ] QObject::connect: Cannot connect (null)::stateChanged(QNetworkSession::State) to QNetworkReplyHttpImpl::_q_networkSessionStateChanged(QNetworkSession::State)
[ 03:47:56,359 ] QObject::connect: Cannot connect (null)::stateChanged(QNetworkSession::State) to QNetworkReplyHttpImpl::_q_networkSessionStateChanged(QNetworkSession::State)
[ 03:47:56,387 ] QObject::connect: Cannot connect (null)::stateChanged(QNetworkSession::State) to QNetworkReplyHttpImpl::_q_networkSessionStateChanged(QNetworkSession::State)
[ 03:47:56,416 ] QObject::connect: Cannot connect (null)::stateChanged(QNetworkSession::State) to QNetworkReplyHttpImpl::_q_networkSessionStateChanged(QNetworkSession::State)
[ 03:47:56,801 ] QObject::connect: Cannot connect (null)::stateChanged(QNetworkSession::State) to QNetworkReplyHttpImpl::_q_networkSessionStateChanged(QNetworkSession::State)
[ 03:47:56,812 ] QObject::connect: Cannot connect (null)::stateChanged(QNetworkSession::State) to QNetworkReplyHttpImpl::_q_networkSessionStateChanged(QNetworkSession::State)
[ 03:47:56,938 ] QObject::connect: Cannot connect (null)::stateChanged(QNetworkSession::State) to QNetworkReplyHttpImpl::_q_networkSessionStateChanged(QNetworkSession::State)
[ 03:47:56,950 ] QObject::connect: Cannot connect (null)::stateChanged(QNetworkSession::State) to QNetworkReplyHttpImpl::_q_networkSessionStateChanged(QNetworkSession::State)
[ 03:47:56,962 ] QObject::connect: Cannot connect (null)::stateChanged(QNetworkSession::State) to QNetworkReplyHttpImpl::_q_networkSessionStateChanged(QNetworkSession::State)
[ 03:47:56,975 ] QObject::connect: Cannot connect (null)::stateChanged(QNetworkSession::State) to QNetworkReplyHttpImpl::_q_networkSessionStateChanged(QNetworkSession::State)
[ 03:47:57,816 ] QObject::connect: Cannot connect (null)::stateChanged(QNetworkSession::State) to QNetworkReplyHttpImpl::_q_networkSessionStateChanged(QNetworkSession::State)
[ 03:47:57,906 ] QObject::connect: Cannot connect (null)::stateChanged(QNetworkSession::State) to QNetworkReplyHttpImpl::_q_networkSessionStateChanged(QNetworkSession::State)
[ 03:47:58,288 ] QObject::connect: Cannot connect (null)::stateChanged(QNetworkSession::State) to QNetworkReplyHttpImpl::_q_networkSessionStateChanged(QNetworkSession::State)
[ 03:47:58,724 ] QObject::connect: Cannot connect (null)::stateChanged(QNetworkSession::State) to QNetworkReplyHttpImpl::_q_networkSessionStateChanged(QNetworkSession::State)
[ 03:47:59,071 ] QObject::connect: Cannot connect (null)::stateChanged(QNetworkSession::State) to QNetworkReplyHttpImpl::_q_networkSessionStateChanged(QNetworkSession::State)
[ 03:47:59,432 ] QObject::connect: Cannot connect (null)::stateChanged(QNetworkSession::State) to QNetworkReplyHttpImpl::_q_networkSessionStateChanged(QNetworkSession::State)
[ 03:47:59,460 ] QObject::connect: Cannot connect (null)::stateChanged(QNetworkSession::State) to QNetworkReplyHttpImpl::_q_networkSessionStateChanged(QNetworkSession::State)
[ 03:47:59,631 ] QObject::connect: Cannot connect (null)::stateChanged(QNetworkSession::State) to QNetworkReplyHttpImpl::_q_networkSessionStateChanged(QNetworkSession::State)
[ 03:48:00,495 ] QObject::connect: Cannot connect (null)::stateChanged(QNetworkSession::State) to QNetworkReplyHttpImpl::_q_networkSessionStateChanged(QNetworkSession::State)
[ 03:48:00,760 ] QObject::connect: Cannot connect (null)::stateChanged(QNetworkSession::State) to QNetworkReplyHttpImpl::_q_networkSessionStateChanged(QNetworkSession::State)
[ 03:48:01,082 ] QObject::connect: Cannot connect (null)::stateChanged(QNetworkSession::State) to QNetworkReplyHttpImpl::_q_networkSessionStateChanged(QNetworkSession::State)
[ 03:48:01,113 ] QObject::connect: Cannot connect (null)::stateChanged(QNetworkSession::State) to QNetworkReplyHttpImpl::_q_networkSessionStateChanged(QNetworkSession::State)
[ 03:48:01,872 ] QObject::connect: Cannot connect (null)::stateChanged(QNetworkSession::State) to QNetworkReplyHttpImpl::_q_networkSessionStateChanged(QNetworkSession::State)
[ 03:48:03,412 ] QObject::connect: Cannot connect (null)::stateChanged(QNetworkSession::State) to QNetworkReplyHttpImpl::_q_networkSessionStateChanged(QNetworkSession::State)
[ 03:48:03,727 ] QObject::connect: Cannot connect (null)::stateChanged(QNetworkSession::State) to QNetworkReplyHttpImpl::_q_networkSessionStateChanged(QNetworkSession::State)
[ 03:48:04,219 ] QObject::connect: Cannot connect (null)::stateChanged(QNetworkSession::State) to QNetworkReplyHttpImpl::_q_networkSessionStateChanged(QNetworkSession::State)
[ 03:48:05,282 ] QObject::connect: Cannot connect (null)::stateChanged(QNetworkSession::State) to QNetworkReplyHttpImpl::_q_networkSessionStateChanged(QNetworkSession::State)
[ 03:48:06,078 ] QObject::connect: Cannot connect (null)::stateChanged(QNetworkSession::State) to QNetworkReplyHttpImpl::_q_networkSessionStateChanged(QNetworkSession::State)
[ 03:48:06,269 ] QObject::connect: Cannot connect (null)::stateChanged(QNetworkSession::State) to QNetworkReplyHttpImpl::_q_networkSessionStateChanged(QNetworkSession::State)
[ 03:48:08,567 ] QObject::connect: Cannot connect (null)::stateChanged(QNetworkSession::State) to QNetworkReplyHttpImpl::_q_networkSessionStateChanged(QNetworkSession::State)
[ 03:48:08,849 ] QObject::connect: Cannot connect (null)::stateChanged(QNetworkSession::State) to QNetworkReplyHttpImpl::_q_networkSessionStateChanged(QNetworkSession::State)
[ 03:48:09,112 ] QObject::connect: Cannot connect (null)::stateChanged(QNetworkSession::State) to QNetworkReplyHttpImpl::_q_networkSessionStateChanged(QNetworkSession::State)
[ 03:48:09,234 ] QObject::connect: Cannot connect (null)::stateChanged(QNetworkSession::State) to QNetworkReplyHttpImpl::_q_networkSessionStateChanged(QNetworkSession::State)
[ 03:48:09,475 ] QObject::connect: Cannot connect (null)::stateChanged(QNetworkSession::State) to QNetworkReplyHttpImpl::_q_networkSessionStateChanged(QNetworkSession::State)
[ 03:48:09,705 ] QQmlExpression: Attempted to evaluate an expression in an invalid context
[ 03:48:09,785 ] QObject::connect: Cannot connect (null)::stateChanged(QNetworkSession::State) to QNetworkReplyHttpImpl::_q_networkSessionStateChanged(QNetworkSession::State)
[ 03:48:10,116 ] QObject::connect: Cannot connect (null)::stateChanged(QNetworkSession::State) to QNetworkReplyHttpImpl::_q_networkSessionStateChanged(QNetworkSession::State)
[ 03:48:10,338 ] QObject::connect: Cannot connect (null)::stateChanged(QNetworkSession::State) to QNetworkReplyHttpImpl::_q_networkSessionStateChanged(QNetworkSession::State)
[ 03:48:10,450 ] QObject::connect: Cannot connect (null)::stateChanged(QNetworkSession::State) to QNetworkReplyHttpImpl::_q_networkSessionStateChanged(QNetworkSession::State)
[ 03:48:10,775 ] QObject::connect: Cannot connect (null)::stateChanged(QNetworkSession::State) to QNetworkReplyHttpImpl::_q_networkSessionStateChanged(QNetworkSession::State)
[ 03:48:11,177 ] QObject::connect: Cannot connect (null)::stateChanged(QNetworkSession::State) to QNetworkReplyHttpImpl::_q_networkSessionStateChanged(QNetworkSession::State)
[ 03:48:11,332 ] QObject::connect: Cannot connect (null)::stateChanged(QNetworkSession::State) to QNetworkReplyHttpImpl::_q_networkSessionStateChanged(QNetworkSession::State)
[ 03:48:11,672 ] QObject::connect: Cannot connect (null)::stateChanged(QNetworkSession::State) to QNetworkReplyHttpImpl::_q_networkSessionStateChanged(QNetworkSession::State)
[ 03:48:12,044 ] QObject::connect: Cannot connect (null)::stateChanged(QNetworkSession::State) to QNetworkReplyHttpImpl::_q_networkSessionStateChanged(QNetworkSession::State)
[ 03:48:12,480 ] QObject::connect: Cannot connect (null)::stateChanged(QNetworkSession::State) to QNetworkReplyHttpImpl::_q_networkSessionStateChanged(QNetworkSession::State)
[ 03:48:12,627 ] QObject::connect: Cannot connect (null)::stateChanged(QNetworkSession::State) to QNetworkReplyHttpImpl::_q_networkSessionStateChanged(QNetworkSession::State)
[ 03:48:12,862 ] QObject::connect: Cannot connect (null)::stateChanged(QNetworkSession::State) to QNetworkReplyHttpImpl::_q_networkSessionStateChanged(QNetworkSession::State)
[ 03:48:13,213 ] QObject::connect: Cannot connect (null)::stateChanged(QNetworkSession::State) to QNetworkReplyHttpImpl::_q_networkSessionStateChanged(QNetworkSession::State)
[ 03:48:13,339 ] QObject::connect: Cannot connect (null)::stateChanged(QNetworkSession::State) to QNetworkReplyHttpImpl::_q_networkSessionStateChanged(QNetworkSession::State)
[ 03:48:13,766 ] QObject::connect: Cannot connect (null)::stateChanged(QNetworkSession::State) to QNetworkReplyHttpImpl::_q_networkSessionStateChanged(QNetworkSession::State)
[ 03:48:13,873 ] QObject::connect: Cannot connect (null)::stateChanged(QNetworkSession::State) to QNetworkReplyHttpImpl::_q_networkSessionStateChanged(QNetworkSession::State)
[ 03:48:14,354 ] QObject::connect: Cannot connect (null)::stateChanged(QNetworkSession::State) to QNetworkReplyHttpImpl::_q_networkSessionStateChanged(QNetworkSession::State)
[ 03:48:14,457 ] QObject::connect: Cannot connect (null)::stateChanged(QNetworkSession::State) to QNetworkReplyHttpImpl::_q_networkSessionStateChanged(QNetworkSession::State)
[ 03:48:14,672 ] QObject::connect: Cannot connect (null)::stateChanged(QNetworkSession::State) to QNetworkReplyHttpImpl::_q_networkSessionStateChanged(QNetworkSession::State)
[ 03:48:14,946 ] QObject::connect: Cannot connect (null)::stateChanged(QNetworkSession::State) to QNetworkReplyHttpImpl::_q_networkSessionStateChanged(QNetworkSession::State)
[ 03:48:15,394 ] QObject::connect: Cannot connect (null)::stateChanged(QNetworkSession::State) to QNetworkReplyHttpImpl::_q_networkSessionStateChanged(QNetworkSession::State)
[ 03:48:15,655 ] QObject::connect: Cannot connect (null)::stateChanged(QNetworkSession::State) to QNetworkReplyHttpImpl::_q_networkSessionStateChanged(QNetworkSession::State)
[ 03:48:15,869 ] QObject::connect: Cannot connect (null)::stateChanged(QNetworkSession::State) to QNetworkReplyHttpImpl::_q_networkSessionStateChanged(QNetworkSession::State)
[ 03:48:16,206 ] QObject::connect: Cannot connect (null)::stateChanged(QNetworkSession::State) to QNetworkReplyHttpImpl::_q_networkSessionStateChanged(QNetworkSession::State)
[ 03:48:16,599 ] QObject::connect: Cannot connect (null)::stateChanged(QNetworkSession::State) to QNetworkReplyHttpImpl::_q_networkSessionStateChanged(QNetworkSession::State)
[ 03:48:16,688 ] QObject::connect: Cannot connect (null)::stateChanged(QNetworkSession::State) to QNetworkReplyHttpImpl::_q_networkSessionStateChanged(QNetworkSession::State)
[ 03:48:16,990 ] QObject::connect: Cannot connect (null)::stateChanged(QNetworkSession::State) to QNetworkReplyHttpImpl::_q_networkSessionStateChanged(QNetworkSession::State)
[ 03:48:17,070 ] QObject::connect: Cannot connect (null)::stateChanged(QNetworkSession::State) to QNetworkReplyHttpImpl::_q_networkSessionStateChanged(QNetworkSession::State)
[ 03:48:17,371 ] QObject::connect: Cannot connect (null)::stateChanged(QNetworkSession::State) to QNetworkReplyHttpImpl::_q_networkSessionStateChanged(QNetworkSession::State)
[ 03:48:17,444 ] QObject::connect: Cannot connect (null)::stateChanged(QNetworkSession::State) to QNetworkReplyHttpImpl::_q_networkSessionStateChanged(QNetworkSession::State)
[ 03:48:17,588 ] QObject::connect: Cannot connect (null)::stateChanged(QNetworkSession::State) to QNetworkReplyHttpImpl::_q_networkSessionStateChanged(QNetworkSession::State)
[ 03:48:17,844 ] QObject::connect: Cannot connect (null)::stateChanged(QNetworkSession::State) to QNetworkReplyHttpImpl::_q_networkSessionStateChanged(QNetworkSession::State)
[ 03:48:18,255 ] QObject::connect: Cannot connect (null)::stateChanged(QNetworkSession::State) to QNetworkReplyHttpImpl::_q_networkSessionStateChanged(QNetworkSession::State)
[ 03:48:18,439 ] QObject::connect: Cannot connect (null)::stateChanged(QNetworkSession::State) to QNetworkReplyHttpImpl::_q_networkSessionStateChanged(QNetworkSession::State)
[ 03:48:18,571 ] QObject::connect: Cannot connect (null)::stateChanged(QNetworkSession::State) to QNetworkReplyHttpImpl::_q_networkSessionStateChanged(QNetworkSession::State)
[ 03:48:18,954 ] QObject::connect: Cannot connect (null)::stateChanged(QNetworkSession::State) to QNetworkReplyHttpImpl::_q_networkSessionStateChanged(QNetworkSession::State)
[ 03:48:19,233 ] QObject::connect: Cannot connect (null)::stateChanged(QNetworkSession::State) to QNetworkReplyHttpImpl::_q_networkSessionStateChanged(QNetworkSession::State)
[ 03:48:19,499 ] QObject::connect: Cannot connect (null)::stateChanged(QNetworkSession::State) to QNetworkReplyHttpImpl::_q_networkSessionStateChanged(QNetworkSession::State)
[ 03:48:19,582 ] QObject::connect: Cannot connect (null)::stateChanged(QNetworkSession::State) to QNetworkReplyHttpImpl::_q_networkSessionStateChanged(QNetworkSession::State)
[ 03:48:19,884 ] QObject::connect: Cannot connect (null)::stateChanged(QNetworkSession::State) to QNetworkReplyHttpImpl::_q_networkSessionStateChanged(QNetworkSession::State)
[ 03:48:20,314 ] QObject::connect: Cannot connect (null)::stateChanged(QNetworkSession::State) to QNetworkReplyHttpImpl::_q_networkSessionStateChanged(QNetworkSession::State)
[ 03:48:20,520 ] QObject::connect: Cannot connect (null)::stateChanged(QNetworkSession::State) to QNetworkReplyHttpImpl::_q_networkSessionStateChanged(QNetworkSession::State)
[ 03:48:20,763 ] QObject::connect: Cannot connect (null)::stateChanged(QNetworkSession::State) to QNetworkReplyHttpImpl::_q_networkSessionStateChanged(QNetworkSession::State)
[ 03:48:20,845 ] QObject::connect: Cannot connect (null)::stateChanged(QNetworkSession::State) to QNetworkReplyHttpImpl::_q_networkSessionStateChanged(QNetworkSession::State)
[ 03:48:21,273 ] QObject::connect: Cannot connect (null)::stateChanged(QNetworkSession::State) to QNetworkReplyHttpImpl::_q_networkSessionStateChanged(QNetworkSession::State)
[ 03:48:21,349 ] QObject::connect: Cannot connect (null)::stateChanged(QNetworkSession::State) to QNetworkReplyHttpImpl::_q_networkSessionStateChanged(QNetworkSession::State)
[ 03:48:21,597 ] QObject::connect: Cannot connect (null)::stateChanged(QNetworkSession::State) to QNetworkReplyHttpImpl::_q_networkSessionStateChanged(QNetworkSession::State)
[ 03:48:21,794 ] QObject::connect: Cannot connect (null)::stateChanged(QNetworkSession::State) to QNetworkReplyHttpImpl::_q_networkSessionStateChanged(QNetworkSession::State)
[ 03:48:21,875 ] QQmlExpression: Attempted to evaluate an expression in an invalid context
[ 03:48:22,039 ] QObject::connect: Cannot connect (null)::stateChanged(QNetworkSession::State) to QNetworkReplyHttpImpl::_q_networkSessionStateChanged(QNetworkSession::State)
[ 03:48:22,235 ] QObject::connect: Cannot connect (null)::stateChanged(QNetworkSession::State) to QNetworkReplyHttpImpl::_q_networkSessionStateChanged(QNetworkSession::State)
[ 03:48:22,354 ] QObject::connect: Cannot connect (null)::stateChanged(QNetworkSession::State) to QNetworkReplyHttpImpl::_q_networkSessionStateChanged(QNetworkSession::State)
[ 03:48:22,632 ] QObject::connect: Cannot connect (null)::stateChanged(QNetworkSession::State) to QNetworkReplyHttpImpl::_q_networkSessionStateChanged(QNetworkSession::State)
[ 03:48:22,956 ] QObject::connect: Cannot connect (null)::stateChanged(QNetworkSession::State) to QNetworkReplyHttpImpl::_q_networkSessionStateChanged(QNetworkSession::State)
[ 03:48:23,031 ] QObject::connect: Cannot connect (null)::stateChanged(QNetworkSession::State) to QNetworkReplyHttpImpl::_q_networkSessionStateChanged(QNetworkSession::State)
[ 03:48:27,491 ] QObject::connect: Cannot connect (null)::stateChanged(QNetworkSession::State) to QNetworkReplyHttpImpl::_q_networkSessionStateChanged(QNetworkSession::State)
[ 03:48:28,026 ] QObject::connect: Cannot connect (null)::stateChanged(QNetworkSession::State) to QNetworkReplyHttpImpl::_q_networkSessionStateChanged(QNetworkSession::State)
[ 03:48:28,048 ] QObject::connect: Cannot connect (null)::stateChanged(QNetworkSession::State) to QNetworkReplyHttpImpl::_q_networkSessionStateChanged(QNetworkSession::State)
[ 03:48:28,120 ] QObject::connect: Cannot connect (null)::stateChanged(QNetworkSession::State) to QNetworkReplyHttpImpl::_q_networkSessionStateChanged(QNetworkSession::State)
[ 03:48:28,143 ] QObject::connect: Cannot connect (null)::stateChanged(QNetworkSession::State) to QNetworkReplyHttpImpl::_q_networkSessionStateChanged(QNetworkSession::State)
[ 03:48:28,165 ] QObject::connect: Cannot connect (null)::stateChanged(QNetworkSession::State) to QNetworkReplyHttpImpl::_q_networkSessionStateChanged(QNetworkSession::State)
[ 03:48:28,187 ] QObject::connect: Cannot connect (null)::stateChanged(QNetworkSession::State) to QNetworkReplyHttpImpl::_q_networkSessionStateChanged(QNetworkSession::State)
[ 03:48:28,534 ] QObject::connect: Cannot connect (null)::stateChanged(QNetworkSession::State) to QNetworkReplyHttpImpl::_q_networkSessionStateChanged(QNetworkSession::State)
[ 03:48:28,547 ] QObject::connect: Cannot connect (null)::stateChanged(QNetworkSession::State) to QNetworkReplyHttpImpl::_q_networkSessionStateChanged(QNetworkSession::State)
[ 03:48:28,647 ] QObject::connect: Cannot connect (null)::stateChanged(QNetworkSession::State) to QNetworkReplyHttpImpl::_q_networkSessionStateChanged(QNetworkSession::State)
[ 03:48:28,650 ] QObject::connect: Cannot connect (null)::stateChanged(QNetworkSession::State) to QNetworkReplyHttpImpl::_q_networkSessionStateChanged(QNetworkSession::State)
[ 03:48:28,658 ] QObject::connect: Cannot connect (null)::stateChanged(QNetworkSession::State) to QNetworkReplyHttpImpl::_q_networkSessionStateChanged(QNetworkSession::State)
[ 03:48:28,661 ] QObject::connect: Cannot connect (null)::stateChanged(QNetworkSession::State) to QNetworkReplyHttpImpl::_q_networkSessionStateChanged(QNetworkSession::State)
[ 03:48:28,675 ] QObject::connect: Cannot connect (null)::stateChanged(QNetworkSession::State) to QNetworkReplyHttpImpl::_q_networkSessionStateChanged(QNetworkSession::State)
[ 03:48:28,688 ] QObject::connect: Cannot connect (null)::stateChanged(QNetworkSession::State) to QNetworkReplyHttpImpl::_q_networkSessionStateChanged(QNetworkSession::State)
[ 03:48:29,130 ] QObject::connect: Cannot connect (null)::stateChanged(QNetworkSession::State) to QNetworkReplyHttpImpl::_q_networkSessionStateChanged(QNetworkSession::State)
[ 03:48:29,162 ] QObject::connect: Cannot connect (null)::stateChanged(QNetworkSession::State) to QNetworkReplyHttpImpl::_q_networkSessionStateChanged(QNetworkSession::State)
[ 03:48:29,179 ] QObject::connect: Cannot connect (null)::stateChanged(QNetworkSession::State) to QNetworkReplyHttpImpl::_q_networkSessionStateChanged(QNetworkSession::State)
[ 03:48:29,193 ] QObject::connect: Cannot connect (null)::stateChanged(QNetworkSession::State) to QNetworkReplyHttpImpl::_q_networkSessionStateChanged(QNetworkSession::State)
[ 03:48:29,212 ] QObject::connect: Cannot connect (null)::stateChanged(QNetworkSession::State) to QNetworkReplyHttpImpl::_q_networkSessionStateChanged(QNetworkSession::State)
[ 03:48:29,224 ] QObject::connect: Cannot connect (null)::stateChanged(QNetworkSession::State) to QNetworkReplyHttpImpl::_q_networkSessionStateChanged(QNetworkSession::State)
[ 03:48:29,317 ] QObject::connect: Cannot connect (null)::stateChanged(QNetworkSession::State) to QNetworkReplyHttpImpl::_q_networkSessionStateChanged(QNetworkSession::State)
[ 03:48:29,329 ] QObject::connect: Cannot connect (null)::stateChanged(QNetworkSession::State) to QNetworkReplyHttpImpl::_q_networkSessionStateChanged(QNetworkSession::State)
[ 03:48:29,354 ] QObject::connect: Cannot connect (null)::stateChanged(QNetworkSession::State) to QNetworkReplyHttpImpl::_q_networkSessionStateChanged(QNetworkSession::State)
[ 03:48:29,374 ] QObject::connect: Cannot connect (null)::stateChanged(QNetworkSession::State) to QNetworkReplyHttpImpl::_q_networkSessionStateChanged(QNetworkSession::State)
[ 03:48:33,657 ] QObject::connect: Cannot connect (null)::stateChanged(QNetworkSession::State) to QNetworkReplyHttpImpl::_q_networkSessionStateChanged(QNetworkSession::State)
[ 03:48:38,061 ] QObject::connect: Cannot connect (null)::stateChanged(QNetworkSession::State) to QNetworkReplyHttpImpl::_q_networkSessionStateChanged(QNetworkSession::State)
[ 03:48:38,197 ] QObject::connect: Cannot connect (null)::stateChanged(QNetworkSession::State) to QNetworkReplyHttpImpl::_q_networkSessionStateChanged(QNetworkSession::State)
[ 03:48:38,317 ] QObject::connect: Cannot connect (null)::stateChanged(QNetworkSession::State) to QNetworkReplyHttpImpl::_q_networkSessionStateChanged(QNetworkSession::State)
[ 03:48:38,621 ] QObject::connect: Cannot connect (null)::stateChanged(QNetworkSession::State) to QNetworkReplyHttpImpl::_q_networkSessionStateChanged(QNetworkSession::State)
[ 03:48:38,958 ] QObject::connect: Cannot connect (null)::stateChanged(QNetworkSession::State) to QNetworkReplyHttpImpl::_q_networkSessionStateChanged(QNetworkSession::State)
[ 03:48:39,188 ] QObject::connect: Cannot connect (null)::stateChanged(QNetworkSession::State) to QNetworkReplyHttpImpl::_q_networkSessionStateChanged(QNetworkSession::State)
[ 03:48:39,326 ] QObject::connect: Cannot connect (null)::stateChanged(QNetworkSession::State) to QNetworkReplyHttpImpl::_q_networkSessionStateChanged(QNetworkSession::State)
[ 03:48:39,475 ] QObject::connect: Cannot connect (null)::stateChanged(QNetworkSession::State) to QNetworkReplyHttpImpl::_q_networkSessionStateChanged(QNetworkSession::State)
[ 03:48:39,850 ] QObject::connect: Cannot connect (null)::stateChanged(QNetworkSession::State) to QNetworkReplyHttpImpl::_q_networkSessionStateChanged(QNetworkSession::State)
[ 03:48:39,924 ] QObject::connect: Cannot connect (null)::stateChanged(QNetworkSession::State) to QNetworkReplyHttpImpl::_q_networkSessionStateChanged(QNetworkSession::State)
[ 03:48:40,459 ] QObject::connect: Cannot connect (null)::stateChanged(QNetworkSession::State) to QNetworkReplyHttpImpl::_q_networkSessionStateChanged(QNetworkSession::State)
[ 03:48:40,565 ] QObject::connect: Cannot connect (null)::stateChanged(QNetworkSession::State) to QNetworkReplyHttpImpl::_q_networkSessionStateChanged(QNetworkSession::State)
[ 03:48:40,982 ] QObject::connect: Cannot connect (null)::stateChanged(QNetworkSession::State) to QNetworkReplyHttpImpl::_q_networkSessionStateChanged(QNetworkSession::State)
[ 03:48:41,077 ] QObject::connect: Cannot connect (null)::stateChanged(QNetworkSession::State) to QNetworkReplyHttpImpl::_q_networkSessionStateChanged(QNetworkSession::State)
[ 03:48:41,434 ] QObject::connect: Cannot connect (null)::stateChanged(QNetworkSession::State) to QNetworkReplyHttpImpl::_q_networkSessionStateChanged(QNetworkSession::State)
[ 03:48:41,720 ] QObject::connect: Cannot connect (null)::stateChanged(QNetworkSession::State) to QNetworkReplyHttpImpl::_q_networkSessionStateChanged(QNetworkSession::State)
[ 03:48:42,143 ] QObject::connect: Cannot connect (null)::stateChanged(QNetworkSession::State) to QNetworkReplyHttpImpl::_q_networkSessionStateChanged(QNetworkSession::State)
[ 03:48:42,555 ] QObject::connect: Cannot connect (null)::stateChanged(QNetworkSession::State) to QNetworkReplyHttpImpl::_q_networkSessionStateChanged(QNetworkSession::State)
[ 03:48:42,767 ] QObject::connect: Cannot connect (null)::stateChanged(QNetworkSession::State) to QNetworkReplyHttpImpl::_q_networkSessionStateChanged(QNetworkSession::State)
[ 03:48:42,986 ] QObject::connect: Cannot connect (null)::stateChanged(QNetworkSession::State) to QNetworkReplyHttpImpl::_q_networkSessionStateChanged(QNetworkSession::State)
[ 03:48:43,370 ] QObject::connect: Cannot connect (null)::stateChanged(QNetworkSession::State) to QNetworkReplyHttpImpl::_q_networkSessionStateChanged(QNetworkSession::State)
[ 03:48:43,607 ] QObject::connect: Cannot connect (null)::stateChanged(QNetworkSession::State) to QNetworkReplyHttpImpl::_q_networkSessionStateChanged(QNetworkSession::State)
[ 03:48:43,690 ] QObject::connect: Cannot connect (null)::stateChanged(QNetworkSession::State) to QNetworkReplyHttpImpl::_q_networkSessionStateChanged(QNetworkSession::State)
[ 03:48:44,048 ] QObject::connect: Cannot connect (null)::stateChanged(QNetworkSession::State) to QNetworkReplyHttpImpl::_q_networkSessionStateChanged(QNetworkSession::State)
[ 03:48:44,337 ] QObject::connect: Cannot connect (null)::stateChanged(QNetworkSession::State) to QNetworkReplyHttpImpl::_q_networkSessionStateChanged(QNetworkSession::State)
[ 03:48:44,669 ] QObject::connect: Cannot connect (null)::stateChanged(QNetworkSession::State) to QNetworkReplyHttpImpl::_q_networkSessionStateChanged(QNetworkSession::State)
[ 03:48:44,925 ] QObject::connect: Cannot connect (null)::stateChanged(QNetworkSession::State) to QNetworkReplyHttpImpl::_q_networkSessionStateChanged(QNetworkSession::State)
[ 03:48:45,003 ] QObject::connect: Cannot connect (null)::stateChanged(QNetworkSession::State) to QNetworkReplyHttpImpl::_q_networkSessionStateChanged(QNetworkSession::State)
[ 03:48:45,301 ] QObject::connect: Cannot connect (null)::stateChanged(QNetworkSession::State) to QNetworkReplyHttpImpl::_q_networkSessionStateChanged(QNetworkSession::State)
[ 03:48:45,440 ] QObject::connect: Cannot connect (null)::stateChanged(QNetworkSession::State) to QNetworkReplyHttpImpl::_q_networkSessionStateChanged(QNetworkSession::State)
[ 03:48:45,567 ] QObject::connect: Cannot connect (null)::stateChanged(QNetworkSession::State) to QNetworkReplyHttpImpl::_q_networkSessionStateChanged(QNetworkSession::State)
[ 03:48:45,810 ] QObject::connect: Cannot connect (null)::stateChanged(QNetworkSession::State) to QNetworkReplyHttpImpl::_q_networkSessionStateChanged(QNetworkSession::State)
[ 03:48:46,214 ] QObject::connect: Cannot connect (null)::stateChanged(QNetworkSession::State) to QNetworkReplyHttpImpl::_q_networkSessionStateChanged(QNetworkSession::State)
[ 03:48:46,399 ] QObject::connect: Cannot connect (null)::stateChanged(QNetworkSession::State) to QNetworkReplyHttpImpl::_q_networkSessionStateChanged(QNetworkSession::State)
[ 03:48:46,587 ] QObject::connect: Cannot connect (null)::stateChanged(QNetworkSession::State) to QNetworkReplyHttpImpl::_q_networkSessionStateChanged(QNetworkSession::State)
[ 03:48:46,668 ] QObject::connect: Cannot connect (null)::stateChanged(QNetworkSession::State) to QNetworkReplyHttpImpl::_q_networkSessionStateChanged(QNetworkSession::State)
[ 03:48:46,965 ] QObject::connect: Cannot connect (null)::stateChanged(QNetworkSession::State) to QNetworkReplyHttpImpl::_q_networkSessionStateChanged(QNetworkSession::State)
[ 03:48:47,040 ] QObject::connect: Cannot connect (null)::stateChanged(QNetworkSession::State) to QNetworkReplyHttpImpl::_q_networkSessionStateChanged(QNetworkSession::State)
[ 03:48:47,447 ] QObject::connect: Cannot connect (null)::stateChanged(QNetworkSession::State) to QNetworkReplyHttpImpl::_q_networkSessionStateChanged(QNetworkSession::State)
[ 03:48:47,527 ] QObject::connect: Cannot connect (null)::stateChanged(QNetworkSession::State) to QNetworkReplyHttpImpl::_q_networkSessionStateChanged(QNetworkSession::State)
[ 03:48:47,799 ] QObject::connect: Cannot connect (null)::stateChanged(QNetworkSession::State) to QNetworkReplyHttpImpl::_q_networkSessionStateChanged(QNetworkSession::State)
[ 03:48:47,872 ] QObject::connect: Cannot connect (null)::stateChanged(QNetworkSession::State) to QNetworkReplyHttpImpl::_q_networkSessionStateChanged(QNetworkSession::State)
[ 03:48:48,126 ] QObject::connect: Cannot connect (null)::stateChanged(QNetworkSession::State) to QNetworkReplyHttpImpl::_q_networkSessionStateChanged(QNetworkSession::State)
[ 03:48:48,401 ] QObject::connect: Cannot connect (null)::stateChanged(QNetworkSession::State) to QNetworkReplyHttpImpl::_q_networkSessionStateChanged(QNetworkSession::State)
[ 03:48:48,622 ] QObject::connect: Cannot connect (null)::stateChanged(QNetworkSession::State) to QNetworkReplyHttpImpl::_q_networkSessionStateChanged(QNetworkSession::State)
[ 03:48:48,754 ] QObject::connect: Cannot connect (null)::stateChanged(QNetworkSession::State) to QNetworkReplyHttpImpl::_q_networkSessionStateChanged(QNetworkSession::State)
[ 03:48:48,874 ] QObject::connect: Cannot connect (null)::stateChanged(QNetworkSession::State) to QNetworkReplyHttpImpl::_q_networkSessionStateChanged(QNetworkSession::State)
[ 03:48:49,043 ] QObject::connect: Cannot connect (null)::stateChanged(QNetworkSession::State) to QNetworkReplyHttpImpl::_q_networkSessionStateChanged(QNetworkSession::State)
[ 03:48:49,377 ] QObject::connect: Cannot connect (null)::stateChanged(QNetworkSession::State) to QNetworkReplyHttpImpl::_q_networkSessionStateChanged(QNetworkSession::State)
[ 03:48:49,450 ] QObject::connect: Cannot connect (null)::stateChanged(QNetworkSession::State) to QNetworkReplyHttpImpl::_q_networkSessionStateChanged(QNetworkSession::State)
[ 03:48:49,760 ] QObject::connect: Cannot connect (null)::stateChanged(QNetworkSession::State) to QNetworkReplyHttpImpl::_q_networkSessionStateChanged(QNetworkSession::State)
[ 03:48:49,940 ] QObject::connect: Cannot connect (null)::stateChanged(QNetworkSession::State) to QNetworkReplyHttpImpl::_q_networkSessionStateChanged(QNetworkSession::State)
[ 03:48:50,230 ] QObject::connect: Cannot connect (null)::stateChanged(QNetworkSession::State) to QNetworkReplyHttpImpl::_q_networkSessionStateChanged(QNetworkSession::State)
[ 03:48:50,525 ] QObject::connect: Cannot connect (null)::stateChanged(QNetworkSession::State) to QNetworkReplyHttpImpl::_q_networkSessionStateChanged(QNetworkSession::State)
[ 03:48:50,648 ] QObject::connect: Cannot connect (null)::stateChanged(QNetworkSession::State) to QNetworkReplyHttpImpl::_q_networkSessionStateChanged(QNetworkSession::State)
[ 03:48:50,866 ] QObject::connect: Cannot connect (null)::stateChanged(QNetworkSession::State) to QNetworkReplyHttpImpl::_q_networkSessionStateChanged(QNetworkSession::State)
[ 03:48:56,596 ] QObject::connect: Cannot connect (null)::stateChanged(QNetworkSession::State) to QNetworkReplyHttpImpl::_q_networkSessionStateChanged(QNetworkSession::State)
[ 03:48:57,109 ] QObject::connect: Cannot connect (null)::stateChanged(QNetworkSession::State) to QNetworkReplyHttpImpl::_q_networkSessionStateChanged(QNetworkSession::State)
[ 03:48:57,131 ] QObject::connect: Cannot connect (null)::stateChanged(QNetworkSession::State) to QNetworkReplyHttpImpl::_q_networkSessionStateChanged(QNetworkSession::State)
[ 03:48:57,153 ] QObject::connect: Cannot connect (null)::stateChanged(QNetworkSession::State) to QNetworkReplyHttpImpl::_q_networkSessionStateChanged(QNetworkSession::State)
[ 03:48:57,175 ] QObject::connect: Cannot connect (null)::stateChanged(QNetworkSession::State) to QNetworkReplyHttpImpl::_q_networkSessionStateChanged(QNetworkSession::State)
[ 03:48:57,201 ] QObject::connect: Cannot connect (null)::stateChanged(QNetworkSession::State) to QNetworkReplyHttpImpl::_q_networkSessionStateChanged(QNetworkSession::State)
[ 03:48:57,223 ] QObject::connect: Cannot connect (null)::stateChanged(QNetworkSession::State) to QNetworkReplyHttpImpl::_q_networkSessionStateChanged(QNetworkSession::State)
[ 03:48:57,395 ] QObject::connect: Cannot connect (null)::stateChanged(QNetworkSession::State) to QNetworkReplyHttpImpl::_q_networkSessionStateChanged(QNetworkSession::State)
[ 03:49:00,649 ] QObject::connect: Cannot connect (null)::stateChanged(QNetworkSession::State) to QNetworkReplyHttpImpl::_q_networkSessionStateChanged(QNetworkSession::State)
[ 03:49:01,123 ] QObject::connect: Cannot connect (null)::stateChanged(QNetworkSession::State) to QNetworkReplyHttpImpl::_q_networkSessionStateChanged(QNetworkSession::State)
[ 03:49:01,156 ] QObject::connect: Cannot connect (null)::stateChanged(QNetworkSession::State) to QNetworkReplyHttpImpl::_q_networkSessionStateChanged(QNetworkSession::State)
[ 03:49:01,183 ] QObject::connect: Cannot connect (null)::stateChanged(QNetworkSession::State) to QNetworkReplyHttpImpl::_q_networkSessionStateChanged(QNetworkSession::State)
[ 03:49:01,212 ] QObject::connect: Cannot connect (null)::stateChanged(QNetworkSession::State) to QNetworkReplyHttpImpl::_q_networkSessionStateChanged(QNetworkSession::State)
[ 03:49:01,238 ] QObject::connect: Cannot connect (null)::stateChanged(QNetworkSession::State) to QNetworkReplyHttpImpl::_q_networkSessionStateChanged(QNetworkSession::State)
[ 03:49:01,319 ] QObject::connect: Cannot connect (null)::stateChanged(QNetworkSession::State) to QNetworkReplyHttpImpl::_q_networkSessionStateChanged(QNetworkSession::State)
[ 03:49:01,597 ] QObject::connect: Cannot connect (null)::stateChanged(QNetworkSession::State) to QNetworkReplyHttpImpl::_q_networkSessionStateChanged(QNetworkSession::State)
[ 03:49:01,612 ] QObject::connect: Cannot connect (null)::stateChanged(QNetworkSession::State) to QNetworkReplyHttpImpl::_q_networkSessionStateChanged(QNetworkSession::State)
[ 03:49:01,625 ] QObject::connect: Cannot connect (null)::stateChanged(QNetworkSession::State) to QNetworkReplyHttpImpl::_q_networkSessionStateChanged(QNetworkSession::State)
[ 03:49:01,639 ] QObject::connect: Cannot connect (null)::stateChanged(QNetworkSession::State) to QNetworkReplyHttpImpl::_q_networkSessionStateChanged(QNetworkSession::State)
[ 03:49:01,651 ] QObject::connect: Cannot connect (null)::stateChanged(QNetworkSession::State) to QNetworkReplyHttpImpl::_q_networkSessionStateChanged(QNetworkSession::State)
[ 03:49:01,670 ] QObject::connect: Cannot connect (null)::stateChanged(QNetworkSession::State) to QNetworkReplyHttpImpl::_q_networkSessionStateChanged(QNetworkSession::State)
[ 03:49:01,751 ] QObject::connect: Cannot connect (null)::stateChanged(QNetworkSession::State) to QNetworkReplyHttpImpl::_q_networkSessionStateChanged(QNetworkSession::State)
[ 03:49:01,766 ] QObject::connect: Cannot connect (null)::stateChanged(QNetworkSession::State) to QNetworkReplyHttpImpl::_q_networkSessionStateChanged(QNetworkSession::State)
[ 03:49:01,904 ] QObject::connect: Cannot connect (null)::stateChanged(QNetworkSession::State) to QNetworkReplyHttpImpl::_q_networkSessionStateChanged(QNetworkSession::State)
[ 03:49:01,929 ] QObject::connect: Cannot connect (null)::stateChanged(QNetworkSession::State) to QNetworkReplyHttpImpl::_q_networkSessionStateChanged(QNetworkSession::State)
[ 03:49:01,955 ] QObject::connect: Cannot connect (null)::stateChanged(QNetworkSession::State) to QNetworkReplyHttpImpl::_q_networkSessionStateChanged(QNetworkSession::State)
[ 03:49:01,977 ] QObject::connect: Cannot connect (null)::stateChanged(QNetworkSession::State) to QNetworkReplyHttpImpl::_q_networkSessionStateChanged(QNetworkSession::State)
[ 03:49:02,001 ] QObject::connect: Cannot connect (null)::stateChanged(QNetworkSession::State) to QNetworkReplyHttpImpl::_q_networkSessionStateChanged(QNetworkSession::State)
[ 03:49:02,024 ] QObject::connect: Cannot connect (null)::stateChanged(QNetworkSession::State) to QNetworkReplyHttpImpl::_q_networkSessionStateChanged(QNetworkSession::State)
[ 03:49:02,336 ] QObject::connect: Cannot connect (null)::stateChanged(QNetworkSession::State) to QNetworkReplyHttpImpl::_q_networkSessionStateChanged(QNetworkSession::State)
[ 03:49:02,350 ] QObject::connect: Cannot connect (null)::stateChanged(QNetworkSession::State) to QNetworkReplyHttpImpl::_q_networkSessionStateChanged(QNetworkSession::State)
[ 03:49:02,363 ] QObject::connect: Cannot connect (null)::stateChanged(QNetworkSession::State) to QNetworkReplyHttpImpl::_q_networkSessionStateChanged(QNetworkSession::State)
[ 03:49:02,376 ] QObject::connect: Cannot connect (null)::stateChanged(QNetworkSession::State) to QNetworkReplyHttpImpl::_q_networkSessionStateChanged(QNetworkSession::State)
[ 03:49:04,212 ] QObject::connect: Cannot connect (null)::stateChanged(QNetworkSession::State) to QNetworkReplyHttpImpl::_q_networkSessionStateChanged(QNetworkSession::State)
[ 03:49:04,284 ] QObject::connect: Cannot connect (null)::stateChanged(QNetworkSession::State) to QNetworkReplyHttpImpl::_q_networkSessionStateChanged(QNetworkSession::State)
[ 03:49:04,506 ] QObject::connect: Cannot connect (null)::stateChanged(QNetworkSession::State) to QNetworkReplyHttpImpl::_q_networkSessionStateChanged(QNetworkSession::State)
[ 03:49:04,685 ] QObject::connect: Cannot connect (null)::stateChanged(QNetworkSession::State) to QNetworkReplyHttpImpl::_q_networkSessionStateChanged(QNetworkSession::State)
[ 03:49:04,892 ] QObject::connect: Cannot connect (null)::stateChanged(QNetworkSession::State) to QNetworkReplyHttpImpl::_q_networkSessionStateChanged(QNetworkSession::State)
[ 03:49:05,072 ] QObject::connect: Cannot connect (null)::stateChanged(QNetworkSession::State) to QNetworkReplyHttpImpl::_q_networkSessionStateChanged(QNetworkSession::State)
[ 03:49:05,423 ] QObject::connect: Cannot connect (null)::stateChanged(QNetworkSession::State) to QNetworkReplyHttpImpl::_q_networkSessionStateChanged(QNetworkSession::State)
[ 03:49:05,556 ] QObject::connect: Cannot connect (null)::stateChanged(QNetworkSession::State) to QNetworkReplyHttpImpl::_q_networkSessionStateChanged(QNetworkSession::State)
[ 03:49:05,845 ] QObject::connect: Cannot connect (null)::stateChanged(QNetworkSession::State) to QNetworkReplyHttpImpl::_q_networkSessionStateChanged(QNetworkSession::State)
[ 03:49:05,930 ] QObject::connect: Cannot connect (null)::stateChanged(QNetworkSession::State) to QNetworkReplyHttpImpl::_q_networkSessionStateChanged(QNetworkSession::State)
[ 03:49:06,283 ] QObject::connect: Cannot connect (null)::stateChanged(QNetworkSession::State) to QNetworkReplyHttpImpl::_q_networkSessionStateChanged(QNetworkSession::State)
[ 03:49:06,357 ] QObject::connect: Cannot connect (null)::stateChanged(QNetworkSession::State) to QNetworkReplyHttpImpl::_q_networkSessionStateChanged(QNetworkSession::State)
[ 03:49:06,585 ] QObject::connect: Cannot connect (null)::stateChanged(QNetworkSession::State) to QNetworkReplyHttpImpl::_q_networkSessionStateChanged(QNetworkSession::State)
[ 03:49:06,651 ] QObject::connect: Cannot connect (null)::stateChanged(QNetworkSession::State) to QNetworkReplyHttpImpl::_q_networkSessionStateChanged(QNetworkSession::State)
[ 03:49:06,757 ] QObject::connect: Cannot connect (null)::stateChanged(QNetworkSession::State) to QNetworkReplyHttpImpl::_q_networkSessionStateChanged(QNetworkSession::State)
[ 03:49:06,917 ] QObject::connect: Cannot connect (null)::stateChanged(QNetworkSession::State) to QNetworkReplyHttpImpl::_q_networkSessionStateChanged(QNetworkSession::State)
[ 03:49:07,089 ] QObject::connect: Cannot connect (null)::stateChanged(QNetworkSession::State) to QNetworkReplyHttpImpl::_q_networkSessionStateChanged(QNetworkSession::State)
[ 03:49:07,214 ] QObject::connect: Cannot connect (null)::stateChanged(QNetworkSession::State) to QNetworkReplyHttpImpl::_q_networkSessionStateChanged(QNetworkSession::State)
[ 03:49:07,324 ] QObject::connect: Cannot connect (null)::stateChanged(QNetworkSession::State) to QNetworkReplyHttpImpl::_q_networkSessionStateChanged(QNetworkSession::State)
[ 03:49:07,486 ] QObject::connect: Cannot connect (null)::stateChanged(QNetworkSession::State) to QNetworkReplyHttpImpl::_q_networkSessionStateChanged(QNetworkSession::State)
[ 03:49:07,659 ] QObject::connect: Cannot connect (null)::stateChanged(QNetworkSession::State) to QNetworkReplyHttpImpl::_q_networkSessionStateChanged(QNetworkSession::State)
[ 03:49:07,832 ] QObject::connect: Cannot connect (null)::stateChanged(QNetworkSession::State) to QNetworkReplyHttpImpl::_q_networkSessionStateChanged(QNetworkSession::State)
[ 03:49:07,899 ] QObject::connect: Cannot connect (null)::stateChanged(QNetworkSession::State) to QNetworkReplyHttpImpl::_q_networkSessionStateChanged(QNetworkSession::State)
[ 03:49:11,418 ] QObject::connect: Cannot connect (null)::stateChanged(QNetworkSession::State) to QNetworkReplyHttpImpl::_q_networkSessionStateChanged(QNetworkSession::State)
[ 03:49:11,910 ] QObject::connect: Cannot connect (null)::stateChanged(QNetworkSession::State) to QNetworkReplyHttpImpl::_q_networkSessionStateChanged(QNetworkSession::State)
[ 03:49:13,221 ] QObject::connect: Cannot connect (null)::stateChanged(QNetworkSession::State) to QNetworkReplyHttpImpl::_q_networkSessionStateChanged(QNetworkSession::State)
[ 03:49:13,608 ] QObject::connect: Cannot connect (null)::stateChanged(QNetworkSession::State) to QNetworkReplyHttpImpl::_q_networkSessionStateChanged(QNetworkSession::State)
[ 03:49:13,695 ] QObject::connect: Cannot connect (null)::stateChanged(QNetworkSession::State) to QNetworkReplyHttpImpl::_q_networkSessionStateChanged(QNetworkSession::State)
[ 03:49:13,717 ] QObject::connect: Cannot connect (null)::stateChanged(QNetworkSession::State) to QNetworkReplyHttpImpl::_q_networkSessionStateChanged(QNetworkSession::State)
[ 03:49:13,739 ] QObject::connect: Cannot connect (null)::stateChanged(QNetworkSession::State) to QNetworkReplyHttpImpl::_q_networkSessionStateChanged(QNetworkSession::State)
[ 03:49:13,761 ] QObject::connect: Cannot connect (null)::stateChanged(QNetworkSession::State) to QNetworkReplyHttpImpl::_q_networkSessionStateChanged(QNetworkSession::State)
[ 03:49:26,354 ] QObject::connect: Cannot connect (null)::stateChanged(QNetworkSession::State) to QNetworkReplyHttpImpl::_q_networkSessionStateChanged(QNetworkSession::State)
[ 03:49:26,630 ] Socket state changed  QAbstractSocket::ClosingState
[ 03:49:26,630 ] Socket state changed  QAbstractSocket::UnconnectedState
[ 03:49:26,630 ] Disconnected from Gameserver
[ 03:49:27,059 ] QObject::connect: Cannot connect (null)::stateChanged(QNetworkSession::State) to QNetworkReplyHttpImpl::_q_networkSessionStateChanged(QNetworkSession::State)
[ 03:49:27,118 ] QObject::connect: Cannot connect (null)::stateChanged(QNetworkSession::State) to QNetworkReplyHttpImpl::_q_networkSessionStateChanged(QNetworkSession::State)
[ 03:49:28,287 ] Connection to gameserver  QUrl("tcp://oganza.ddns.net:7172")  requested (Charakter "Tchaka" )
[ 03:49:28,287 ] Socket state changed  QAbstractSocket::HostLookupState
[ 03:49:28,300 ] Socket state changed  QAbstractSocket::ConnectingState
[ 03:49:28,338 ] Socket state changed  QAbstractSocket::ConnectedState
[ 03:49:28,338 ] Connected to Gameserver  "oganza.ddns.net" "Oganza"
[ 03:49:29,426 ] QObject::connect: Cannot connect (null)::stateChanged(QNetworkSession::State) to QNetworkReplyHttpImpl::_q_networkSessionStateChanged(QNetworkSession::State)
[ 03:49:29,677 ] News query failed: "Account name or password is not correct."
[ 03:49:35,736 ] QObject::connect: Cannot connect (null)::stateChanged(QNetworkSession::State) to QNetworkReplyHttpImpl::_q_networkSessionStateChanged(QNetworkSession::State)
[ 03:49:36,009 ] Socket state changed  QAbstractSocket::ClosingState
[ 03:49:36,009 ] Socket state changed  QAbstractSocket::UnconnectedState
[ 03:49:36,010 ] Disconnected from Gameserver
[ 03:49:36,418 ] QObject::connect: Cannot connect (null)::stateChanged(QNetworkSession::State) to QNetworkReplyHttpImpl::_q_networkSessionStateChanged(QNetworkSession::State)
[ 03:49:36,438 ] QObject::connect: Cannot connect (null)::stateChanged(QNetworkSession::State) to QNetworkReplyHttpImpl::_q_networkSessionStateChanged(QNetworkSession::State)
[ 03:49:38,060 ] Connection to gameserver  QUrl("tcp://oganza.ddns.net:7172")  requested (Charakter "Teste" )
[ 03:49:38,061 ] Socket state changed  QAbstractSocket::HostLookupState
[ 03:49:38,061 ] Socket state changed  QAbstractSocket::ConnectingState
[ 03:49:38,084 ] Socket state changed  QAbstractSocket::ConnectedState
[ 03:49:38,085 ] Connected to Gameserver  "oganza.ddns.net" "Oganza"
[ 03:49:39,116 ] QObject::connect: Cannot connect (null)::stateChanged(QNetworkSession::State) to QNetworkReplyHttpImpl::_q_networkSessionStateChanged(QNetworkSession::State)
[ 03:49:39,275 ] News query failed: "Account name or password is not correct."
[ 03:49:41,678 ] QObject::connect: Cannot connect (null)::stateChanged(QNetworkSession::State) to QNetworkReplyHttpImpl::_q_networkSessionStateChanged(QNetworkSession::State)
[ 03:49:51,054 ] QObject::connect: Cannot connect (null)::stateChanged(QNetworkSession::State) to QNetworkReplyHttpImpl::_q_networkSessionStateChanged(QNetworkSession::State)
[ 03:49:51,324 ] Socket state changed  QAbstractSocket::ClosingState
[ 03:49:51,324 ] Socket state changed  QAbstractSocket::UnconnectedState
[ 03:49:51,324 ] Disconnected from Gameserver
[ 03:49:51,726 ] QObject::connect: Cannot connect (null)::stateChanged(QNetworkSession::State) to QNetworkReplyHttpImpl::_q_networkSessionStateChanged(QNetworkSession::State)
[ 17:20:26,220 ] Disabling Desktop GL:  GpuDescription(vendorId=0x8086, deviceId=0xa001, subSysId=0x22671019, revision=2, driver: "igdumdx32.dll", version=8.14.10.2230, "Intel(R) Graphics Media Accelerator 3150")
[ 17:20:43,750 ] QObject::connect: Cannot connect (null)::stateChanged(QNetworkSession::State) to QNetworkReplyHttpImpl::_q_networkSessionStateChanged(QNetworkSession::State)
[ 17:21:07,643 ] Asset loading complete
[ 17:21:08,904 ] QObject::connect: Cannot connect (null)::stateChanged(QNetworkSession::State) to QNetworkReplyHttpImpl::_q_networkSessionStateChanged(QNetworkSession::State)
[ 17:22:31,754 ] QObject::connect: Cannot connect (null)::stateChanged(QNetworkSession::State) to QNetworkReplyHttpImpl::_q_networkSessionStateChanged(QNetworkSession::State)
[ 17:25:56,526 ] QObject::connect: Cannot connect (null)::stateChanged(QNetworkSession::State) to QNetworkReplyHttpImpl::_q_networkSessionStateChanged(QNetworkSession::State)
[ 17:30:56,175 ] QObject::connect: Cannot connect (null)::stateChanged(QNetworkSession::State) to QNetworkReplyHttpImpl::_q_networkSessionStateChanged(QNetworkSession::State)
[ 17:34:59,520 ] QObject::connect: Cannot connect (null)::stateChanged(QNetworkSession::State) to QNetworkReplyHttpImpl::_q_networkSessionStateChanged(QNetworkSession::State)
[ 17:35:02,712 ] BattlEye: "Initialized (v1.243)"
[ 17:35:02,712 ] BattlEye: "Restarting client is necessary, service isn't running properly"
[ 17:35:02,712 ] BattlEye: "Restarting client is necessary, update required"
[ 17:35:03,248 ] Connection to gameserver  QUrl("tcp://oganza.ddns.net:7172")  requested (Charakter "Oganza" )
[ 17:35:03,249 ] Socket state changed  QAbstractSocket::HostLookupState
[ 17:35:03,249 ] Socket state changed  QAbstractSocket::ConnectingState
[ 17:35:03,281 ] Socket state changed  QAbstractSocket::ConnectedState
[ 17:35:03,282 ] Connected to Gameserver  "oganza.ddns.net" "Oganza"
[ 17:35:05,904 ] QObject::connect: Cannot connect (null)::stateChanged(QNetworkSession::State) to QNetworkReplyHttpImpl::_q_networkSessionStateChanged(QNetworkSession::State)
[ 17:35:06,136 ] News query failed: "Account name or password is not correct."
[ 17:35:56,249 ] QObject::connect: Cannot connect (null)::stateChanged(QNetworkSession::State) to QNetworkReplyHttpImpl::_q_networkSessionStateChanged(QNetworkSession::State)
[ 17:40:56,238 ] QObject::connect: Cannot connect (null)::stateChanged(QNetworkSession::State) to QNetworkReplyHttpImpl::_q_networkSessionStateChanged(QNetworkSession::State)
[ 17:42:40,362 ] QObject::connect: Cannot connect (null)::stateChanged(QNetworkSession::State) to QNetworkReplyHttpImpl::_q_networkSessionStateChanged(QNetworkSession::State)
[ 17:45:42,982 ] QObject::connect: Cannot connect (null)::stateChanged(QNetworkSession::State) to QNetworkReplyHttpImpl::_q_networkSessionStateChanged(QNetworkSession::State)
[ 17:45:56,252 ] QObject::connect: Cannot connect (null)::stateChanged(QNetworkSession::State) to QNetworkReplyHttpImpl::_q_networkSessionStateChanged(QNetworkSession::State)
[ 17:50:56,239 ] QObject::connect: Cannot connect (null)::stateChanged(QNetworkSession::State) to QNetworkReplyHttpImpl::_q_networkSessionStateChanged(QNetworkSession::State)
[ 17:55:56,261 ] QObject::connect: Cannot connect (null)::stateChanged(QNetworkSession::State) to QNetworkReplyHttpImpl::_q_networkSessionStateChanged(QNetworkSession::State)
[ 17:57:43,964 ] Socket state changed  QAbstractSocket::ClosingState
[ 17:57:43,965 ] Socket state changed  QAbstractSocket::UnconnectedState
[ 17:57:43,965 ] Disconnected from Gameserver
[ 17:57:44,003 ] QObject::connect: Cannot connect (null)::stateChanged(QNetworkSession::State) to QNetworkReplyHttpImpl::_q_networkSessionStateChanged(QNetworkSession::State)
[ 18:23:02,148 ] Disabling Desktop GL:  GpuDescription(vendorId=0x8086, deviceId=0xa001, subSysId=0x22671019, revision=2, driver: "igdumdx32.dll", version=8.14.10.2230, "Intel(R) Graphics Media Accelerator 3150")
[ 18:23:23,637 ] QObject::connect: Cannot connect (null)::stateChanged(QNetworkSession::State) to QNetworkReplyHttpImpl::_q_networkSessionStateChanged(QNetworkSession::State)
[ 18:23:57,656 ] Asset loading complete
[ 18:23:59,939 ] QObject::connect: Cannot connect (null)::stateChanged(QNetworkSession::State) to QNetworkReplyHttpImpl::_q_networkSessionStateChanged(QNetworkSession::State)
[ 18:24:29,468 ] QObject::connect: Cannot connect (null)::stateChanged(QNetworkSession::State) to QNetworkReplyHttpImpl::_q_networkSessionStateChanged(QNetworkSession::State)
[ 18:24:32,022 ] BattlEye: "Initialized (v1.243)"
[ 18:24:32,022 ] BattlEye: "Restarting client is necessary, service isn't running properly"
[ 18:24:32,023 ] BattlEye: "Restarting client is necessary, update required"
[ 18:24:32,271 ] Connection to gameserver  QUrl("tcp://oganza.ddns.net:7172")  requested (Charakter "Oganza" )
[ 18:24:32,271 ] Socket state changed  QAbstractSocket::HostLookupState
[ 18:24:32,271 ] Socket state changed  QAbstractSocket::ConnectingState
[ 18:24:32,296 ] Socket state changed  QAbstractSocket::ConnectedState
[ 18:24:32,296 ] Connected to Gameserver  "oganza.ddns.net" "Oganza"
[ 18:24:34,578 ] QObject::connect: Cannot connect (null)::stateChanged(QNetworkSession::State) to QNetworkReplyHttpImpl::_q_networkSessionStateChanged(QNetworkSession::State)
[ 18:24:35,317 ] News query failed: "Account name or password is not correct."
[ 18:28:39,141 ] QObject::connect: Cannot connect (null)::stateChanged(QNetworkSession::State) to QNetworkReplyHttpImpl::_q_networkSessionStateChanged(QNetworkSession::State)
[ 18:33:39,162 ] QObject::connect: Cannot connect (null)::stateChanged(QNetworkSession::State) to QNetworkReplyHttpImpl::_q_networkSessionStateChanged(QNetworkSession::State)
[ 18:35:03,607 ] QObject::connect: Cannot connect (null)::stateChanged(QNetworkSession::State) to QNetworkReplyHttpImpl::_q_networkSessionStateChanged(QNetworkSession::State)
[ 18:37:49,001 ] QObject::connect: Cannot connect (null)::stateChanged(QNetworkSession::State) to QNetworkReplyHttpImpl::_q_networkSessionStateChanged(QNetworkSession::State)
[ 18:38:39,175 ] QObject::connect: Cannot connect (null)::stateChanged(QNetworkSession::State) to QNetworkReplyHttpImpl::_q_networkSessionStateChanged(QNetworkSession::State)
[ 18:41:22,314 ] qrc:///qml/Chat.qml:402:13: QML ListView: Binding loop detected for property "topMargin"
[ 18:41:23,511 ] qrc:///qml/Chat.qml:402:13: QML ListView: Binding loop detected for property "topMargin"
[ 18:43:39,183 ] QObject::connect: Cannot connect (null)::stateChanged(QNetworkSession::State) to QNetworkReplyHttpImpl::_q_networkSessionStateChanged(QNetworkSession::State)
[ 18:46:28,063 ] qrc:///qml/Chat.qml:402:13: QML ListView: Binding loop detected for property "topMargin"
[ 18:46:29,263 ] qrc:///qml/Chat.qml:402:13: QML ListView: Binding loop detected for property "topMargin"
[ 18:46:48,584 ] QObject::connect: Cannot connect (null)::stateChanged(QNetworkSession::State) to QNetworkReplyHttpImpl::_q_networkSessionStateChanged(QNetworkSession::State)
[ 18:48:39,172 ] QObject::connect: Cannot connect (null)::stateChanged(QNetworkSession::State) to QNetworkReplyHttpImpl::_q_networkSessionStateChanged(QNetworkSession::State)
[ 18:48:55,389 ] QObject::connect: Cannot connect (null)::stateChanged(QNetworkSession::State) to QNetworkReplyHttpImpl::_q_networkSessionStateChanged(QNetworkSession::State)
[ 18:52:31,215 ] QObject::connect: Cannot connect (null)::stateChanged(QNetworkSession::State) to QNetworkReplyHttpImpl::_q_networkSessionStateChanged(QNetworkSession::State)
[ 18:53:39,193 ] QObject::connect: Cannot connect (null)::stateChanged(QNetworkSession::State) to QNetworkReplyHttpImpl::_q_networkSessionStateChanged(QNetworkSession::State)
[ 18:56:10,617 ] qrc:///qml/Chat.qml:402:13: QML ListView: Binding loop detected for property "topMargin"
[ 18:56:11,840 ] qrc:///qml/Chat.qml:402:13: QML ListView: Binding loop detected for property "topMargin"
[ 18:58:39,169 ] QObject::connect: Cannot connect (null)::stateChanged(QNetworkSession::State) to QNetworkReplyHttpImpl::_q_networkSessionStateChanged(QNetworkSession::State)
[ 19:01:19,364 ] qrc:///qml/Chat.qml:402:13: QML ListView: Binding loop detected for property "topMargin"
[ 19:01:20,586 ] qrc:///qml/Chat.qml:402:13: QML ListView: Binding loop detected for property "topMargin"
[ 19:03:39,184 ] QObject::connect: Cannot connect (null)::stateChanged(QNetworkSession::State) to QNetworkReplyHttpImpl::_q_networkSessionStateChanged(QNetworkSession::State)
[ 19:04:00,657 ] qrc:///qml/Chat.qml:402:13: QML ListView: Binding loop detected for property "topMargin"
[ 19:04:01,558 ] qrc:///qml/Chat.qml:402:13: QML ListView: Binding loop detected for property "topMargin"
[ 19:04:02,198 ] qrc:///qml/Chat.qml:402:13: QML ListView: Binding loop detected for property "topMargin"
[ 19:06:58,364 ] qrc:///qml/Chat.qml:402:13: QML ListView: Binding loop detected for property "topMargin"
[ 19:06:59,626 ] qrc:///qml/Chat.qml:402:13: QML ListView: Binding loop detected for property "topMargin"
[ 19:08:39,201 ] QObject::connect: Cannot connect (null)::stateChanged(QNetworkSession::State) to QNetworkReplyHttpImpl::_q_networkSessionStateChanged(QNetworkSession::State)
[ 19:10:32,681 ] QObject::connect: Cannot connect (null)::stateChanged(QNetworkSession::State) to QNetworkReplyHttpImpl::_q_networkSessionStateChanged(QNetworkSession::State)
[ 19:10:32,711 ] QObject::connect: Cannot connect (null)::stateChanged(QNetworkSession::State) to QNetworkReplyHttpImpl::_q_networkSessionStateChanged(QNetworkSession::State)
[ 19:11:14,800 ] QObject::connect: Cannot connect (null)::stateChanged(QNetworkSession::State) to QNetworkReplyHttpImpl::_q_networkSessionStateChanged(QNetworkSession::State)
[ 19:11:15,123 ] Socket state changed  QAbstractSocket::ClosingState
[ 19:11:15,123 ] Socket state changed  QAbstractSocket::UnconnectedState
[ 19:11:15,123 ] Disconnected from Gameserver
[ 19:11:15,626 ] QObject::connect: Cannot connect (null)::stateChanged(QNetworkSession::State) to QNetworkReplyHttpImpl::_q_networkSessionStateChanged(QNetworkSession::State)
[ 19:11:15,680 ] QObject::connect: Cannot connect (null)::stateChanged(QNetworkSession::State) to QNetworkReplyHttpImpl::_q_networkSessionStateChanged(QNetworkSession::State)
[ 19:11:17,138 ] Connection to gameserver  QUrl("tcp://oganza.ddns.net:7172")  requested (Charakter "Tchaka" )
[ 19:11:17,139 ] Socket state changed  QAbstractSocket::HostLookupState
[ 19:11:17,153 ] Socket state changed  QAbstractSocket::ConnectingState
[ 19:11:17,179 ] Socket state changed  QAbstractSocket::ConnectedState
[ 19:11:17,180 ] Connected to Gameserver  "oganza.ddns.net" "Oganza"
[ 19:11:18,614 ] QObject::connect: Cannot connect (null)::stateChanged(QNetworkSession::State) to QNetworkReplyHttpImpl::_q_networkSessionStateChanged(QNetworkSession::State)
[ 19:11:18,862 ] News query failed: "Account name or password is not correct."
[ 19:11:21,601 ] QObject::connect: Cannot connect (null)::stateChanged(QNetworkSession::State) to QNetworkReplyHttpImpl::_q_networkSessionStateChanged(QNetworkSession::State)
[ 19:11:22,736 ] QObject::connect: Cannot connect (null)::stateChanged(QNetworkSession::State) to QNetworkReplyHttpImpl::_q_networkSessionStateChanged(QNetworkSession::State)
[ 19:11:23,023 ] Socket state changed  QAbstractSocket::ClosingState
[ 19:11:23,023 ] Socket state changed  QAbstractSocket::UnconnectedState
[ 19:11:23,023 ] Disconnected from Gameserver
[ 19:11:23,481 ] QObject::connect: Cannot connect (null)::stateChanged(QNetworkSession::State) to QNetworkReplyHttpImpl::_q_networkSessionStateChanged(QNetworkSession::State)
[ 19:11:25,071 ] Connection to gameserver  QUrl("tcp://oganza.ddns.net:7172")  requested (Charakter "Teste" )
[ 19:11:25,072 ] Socket state changed  QAbstractSocket::HostLookupState
[ 19:11:25,072 ] Socket state changed  QAbstractSocket::ConnectingState
[ 19:11:25,111 ] Socket state changed  QAbstractSocket::ConnectedState
[ 19:11:25,112 ] Connected to Gameserver  "oganza.ddns.net" "Oganza"
[ 19:11:26,094 ] QObject::connect: Cannot connect (null)::stateChanged(QNetworkSession::State) to QNetworkReplyHttpImpl::_q_networkSessionStateChanged(QNetworkSession::State)
[ 19:11:26,488 ] News query failed: "Account name or password is not correct."
[ 19:11:28,848 ] QObject::connect: Cannot connect (null)::stateChanged(QNetworkSession::State) to QNetworkReplyHttpImpl::_q_networkSessionStateChanged(QNetworkSession::State)
[ 19:11:34,713 ] QObject::connect: Cannot connect (null)::stateChanged(QNetworkSession::State) to QNetworkReplyHttpImpl::_q_networkSessionStateChanged(QNetworkSession::State)
[ 19:11:34,993 ] Socket state changed  QAbstractSocket::ClosingState
[ 19:11:34,993 ] Socket state changed  QAbstractSocket::UnconnectedState
[ 19:11:34,993 ] Disconnected from Gameserver
[ 19:11:35,417 ] QObject::connect: Cannot connect (null)::stateChanged(QNetworkSession::State) to QNetworkReplyHttpImpl::_q_networkSessionStateChanged(QNetworkSession::State)
[ 19:11:52,137 ] Connection to gameserver  QUrl("tcp://oganza.ddns.net:7172")  requested (Charakter "Teste" )
[ 19:11:52,138 ] Socket state changed  QAbstractSocket::HostLookupState
[ 19:11:52,138 ] Socket state changed  QAbstractSocket::ConnectingState
[ 19:11:52,161 ] Socket state changed  QAbstractSocket::ConnectedState
[ 19:11:52,161 ] Connected to Gameserver  "oganza.ddns.net" "Oganza"
[ 19:11:53,132 ] QObject::connect: Cannot connect (null)::stateChanged(QNetworkSession::State) to QNetworkReplyHttpImpl::_q_networkSessionStateChanged(QNetworkSession::State)
[ 19:11:53,279 ] News query failed: "Account name or password is not correct."
[ 19:11:54,377 ] QObject::connect: Cannot connect (null)::stateChanged(QNetworkSession::State) to QNetworkReplyHttpImpl::_q_networkSessionStateChanged(QNetworkSession::State)
[ 19:11:54,680 ] Socket state changed  QAbstractSocket::ClosingState
[ 19:11:54,680 ] Socket state changed  QAbstractSocket::UnconnectedState
[ 19:11:54,681 ] Disconnected from Gameserver
[ 19:11:55,069 ] QObject::connect: Cannot connect (null)::stateChanged(QNetworkSession::State) to QNetworkReplyHttpImpl::_q_networkSessionStateChanged(QNetworkSession::State)
[ 19:11:55,079 ] QObject::connect: Cannot connect (null)::stateChanged(QNetworkSession::State) to QNetworkReplyHttpImpl::_q_networkSessionStateChanged(QNetworkSession::State)
[ 19:11:56,104 ] Connection to gameserver  QUrl("tcp://oganza.ddns.net:7172")  requested (Charakter "Oganza" )
[ 19:11:56,104 ] Socket state changed  QAbstractSocket::HostLookupState
[ 19:11:56,104 ] Socket state changed  QAbstractSocket::ConnectingState
[ 19:11:56,126 ] Socket state changed  QAbstractSocket::ConnectedState
[ 19:11:56,127 ] Connected to Gameserver  "oganza.ddns.net" "Oganza"
[ 19:11:57,139 ] QObject::connect: Cannot connect (null)::stateChanged(QNetworkSession::State) to QNetworkReplyHttpImpl::_q_networkSessionStateChanged(QNetworkSession::State)
[ 19:11:57,267 ] News query failed: "Account name or password is not correct."
[ 19:13:39,203 ] QObject::connect: Cannot connect (null)::stateChanged(QNetworkSession::State) to QNetworkReplyHttpImpl::_q_networkSessionStateChanged(QNetworkSession::State)
[ 19:18:39,819 ] QObject::connect: Cannot connect (null)::stateChanged(QNetworkSession::State) to QNetworkReplyHttpImpl::_q_networkSessionStateChanged(QNetworkSession::State)
[ 19:23:39,666 ] QObject::connect: Cannot connect (null)::stateChanged(QNetworkSession::State) to QNetworkReplyHttpImpl::_q_networkSessionStateChanged(QNetworkSession::State)
[ 19:28:39,699 ] QObject::connect: Cannot connect (null)::stateChanged(QNetworkSession::State) to QNetworkReplyHttpImpl::_q_networkSessionStateChanged(QNetworkSession::State)
[ 19:31:06,920 ] qrc:///qml/Chat.qml:402:13: QML ListView: Binding loop detected for property "topMargin"
[ 19:33:39,397 ] QObject::connect: Cannot connect (null)::stateChanged(QNetworkSession::State) to QNetworkReplyHttpImpl::_q_networkSessionStateChanged(QNetworkSession::State)
[ 19:34:54,906 ] qrc:///qml/Chat.qml:402:13: QML ListView: Binding loop detected for property "topMargin"
[ 19:36:58,708 ] qrc:///qml/Chat.qml:402:13: QML ListView: Binding loop detected for property "topMargin"
[ 19:38:20,161 ] qrc:///qml/Chat.qml:402:13: QML ListView: Binding loop detected for property "topMargin"
[ 19:38:39,337 ] QObject::connect: Cannot connect (null)::stateChanged(QNetworkSession::State) to QNetworkReplyHttpImpl::_q_networkSessionStateChanged(QNetworkSession::State)
[ 19:41:24,425 ] QObject::connect: Cannot connect (null)::stateChanged(QNetworkSession::State) to QNetworkReplyHttpImpl::_q_networkSessionStateChanged(QNetworkSession::State)
[ 19:41:24,726 ] Socket state changed  QAbstractSocket::ClosingState
[ 19:41:24,726 ] Socket state changed  QAbstractSocket::UnconnectedState
[ 19:41:24,727 ] Disconnected from Gameserver
[ 19:41:25,178 ] QObject::connect: Cannot connect (null)::stateChanged(QNetworkSession::State) to QNetworkReplyHttpImpl::_q_networkSessionStateChanged(QNetworkSession::State)
[ 19:41:25,229 ] QObject::connect: Cannot connect (null)::stateChanged(QNetworkSession::State) to QNetworkReplyHttpImpl::_q_networkSessionStateChanged(QNetworkSession::State)
[ 19:41:26,569 ] Connection to gameserver  QUrl("tcp://oganza.ddns.net:7172")  requested (Charakter "Tchaka" )
[ 19:41:26,570 ] Socket state changed  QAbstractSocket::HostLookupState
[ 19:41:26,585 ] Socket state changed  QAbstractSocket::ConnectingState
[ 19:41:26,620 ] Socket state changed  QAbstractSocket::ConnectedState
[ 19:41:26,620 ] Connected to Gameserver  "oganza.ddns.net" "Oganza"
[ 19:41:27,596 ] QObject::connect: Cannot connect (null)::stateChanged(QNetworkSession::State) to QNetworkReplyHttpImpl::_q_networkSessionStateChanged(QNetworkSession::State)
[ 19:41:27,741 ] News query failed: "Account name or password is not correct."
[ 19:41:31,245 ] QObject::connect: Cannot connect (null)::stateChanged(QNetworkSession::State) to QNetworkReplyHttpImpl::_q_networkSessionStateChanged(QNetworkSession::State)
[ 19:41:31,520 ] Socket state changed  QAbstractSocket::ClosingState
[ 19:41:31,521 ] Socket state changed  QAbstractSocket::UnconnectedState
[ 19:41:31,521 ] Disconnected from Gameserver
[ 19:41:32,016 ] QObject::connect: Cannot connect (null)::stateChanged(QNetworkSession::State) to QNetworkReplyHttpImpl::_q_networkSessionStateChanged(QNetworkSession::State)
[ 19:41:33,456 ] Connection to gameserver  QUrl("tcp://oganza.ddns.net:7172")  requested (Charakter "Teste" )
[ 19:41:33,457 ] Socket state changed  QAbstractSocket::HostLookupState
[ 19:41:33,457 ] Socket state changed  QAbstractSocket::ConnectingState
[ 19:41:33,479 ] Socket state changed  QAbstractSocket::ConnectedState
[ 19:41:33,480 ] Connected to Gameserver  "oganza.ddns.net" "Oganza"
[ 19:41:34,497 ] QObject::connect: Cannot connect (null)::stateChanged(QNetworkSession::State) to QNetworkReplyHttpImpl::_q_networkSessionStateChanged(QNetworkSession::State)
[ 19:41:34,626 ] News query failed: "Account name or password is not correct."
[ 19:41:36,864 ] QObject::connect: Cannot connect (null)::stateChanged(QNetworkSession::State) to QNetworkReplyHttpImpl::_q_networkSessionStateChanged(QNetworkSession::State)
[ 19:41:37,136 ] Socket state changed  QAbstractSocket::ClosingState
[ 19:41:37,136 ] Socket state changed  QAbstractSocket::UnconnectedState
[ 19:41:37,136 ] Disconnected from Gameserver
[ 19:41:37,526 ] QObject::connect: Cannot connect (null)::stateChanged(QNetworkSession::State) to QNetworkReplyHttpImpl::_q_networkSessionStateChanged(QNetworkSession::State)
[ 19:47:38,983 ] Disabling Desktop GL:  GpuDescription(vendorId=0x8086, deviceId=0xa001, subSysId=0x22671019, revision=2, driver: "igdumdx32.dll", version=8.14.10.2230, "Intel(R) Graphics Media Accelerator 3150")
[ 19:47:56,099 ] QObject::connect: Cannot connect (null)::stateChanged(QNetworkSession::State) to QNetworkReplyHttpImpl::_q_networkSessionStateChanged(QNetworkSession::State)
[ 19:48:19,252 ] Asset loading complete
[ 19:48:20,495 ] QObject::connect: Cannot connect (null)::stateChanged(QNetworkSession::State) to QNetworkReplyHttpImpl::_q_networkSessionStateChanged(QNetworkSession::State)
[ 19:48:26,426 ] QObject::connect: Cannot connect (null)::stateChanged(QNetworkSession::State) to QNetworkReplyHttpImpl::_q_networkSessionStateChanged(QNetworkSession::State)
[ 19:48:28,746 ] BattlEye: "Initialized (v1.243)"
[ 19:48:28,747 ] BattlEye: "Restarting client is necessary, service isn't running properly"
[ 19:48:28,747 ] BattlEye: "Restarting client is necessary, update required"
[ 19:48:28,959 ] Connection to gameserver  QUrl("tcp://oganza.ddns.net:7172")  requested (Charakter "Oganza" )
[ 19:48:28,959 ] Socket state changed  QAbstractSocket::HostLookupState
[ 19:48:28,959 ] Socket state changed  QAbstractSocket::ConnectingState
[ 19:48:28,979 ] Socket state changed  QAbstractSocket::ConnectedState
[ 19:48:28,979 ] Connected to Gameserver  "oganza.ddns.net" "Oganza"
[ 19:48:30,695 ] QObject::connect: Cannot connect (null)::stateChanged(QNetworkSession::State) to QNetworkReplyHttpImpl::_q_networkSessionStateChanged(QNetworkSession::State)
[ 19:48:30,895 ] News query failed: "Account name or password is not correct."
[ 19:53:08,349 ] QObject::connect: Cannot connect (null)::stateChanged(QNetworkSession::State) to QNetworkReplyHttpImpl::_q_networkSessionStateChanged(QNetworkSession::State)
[ 19:58:08,335 ] QObject::connect: Cannot connect (null)::stateChanged(QNetworkSession::State) to QNetworkReplyHttpImpl::_q_networkSessionStateChanged(QNetworkSession::State)
[ 20:00:04,566 ] QObject::connect: Cannot connect (null)::stateChanged(QNetworkSession::State) to QNetworkReplyHttpImpl::_q_networkSessionStateChanged(QNetworkSession::State)
[ 20:00:04,898 ] Socket state changed  QAbstractSocket::ClosingState
[ 20:00:04,898 ] Socket state changed  QAbstractSocket::UnconnectedState
[ 20:00:04,898 ] Disconnected from Gameserver
[ 20:00:05,377 ] QObject::connect: Cannot connect (null)::stateChanged(QNetworkSession::State) to QNetworkReplyHttpImpl::_q_networkSessionStateChanged(QNetworkSession::State)
[ 20:00:05,440 ] QObject::connect: Cannot connect (null)::stateChanged(QNetworkSession::State) to QNetworkReplyHttpImpl::_q_networkSessionStateChanged(QNetworkSession::State)
[ 20:03:08,302 ] QObject::connect: Cannot connect (null)::stateChanged(QNetworkSession::State) to QNetworkReplyHttpImpl::_q_networkSessionStateChanged(QNetworkSession::State)
[ 20:05:08,857 ] QObject::connect: Cannot connect (null)::stateChanged(QNetworkSession::State) to QNetworkReplyHttpImpl::_q_networkSessionStateChanged(QNetworkSession::State)
[ 20:05:10,912 ] Connection to gameserver  QUrl("tcp://oganza.ddns.net:7172")  requested (Charakter "Oganza" )
[ 20:05:10,912 ] Socket state changed  QAbstractSocket::HostLookupState
[ 20:05:10,912 ] Socket state changed  QAbstractSocket::ConnectingState
[ 20:05:10,938 ] Socket state changed  QAbstractSocket::ConnectedState
[ 20:05:10,938 ] Connected to Gameserver  "oganza.ddns.net" "Oganza"
[ 20:05:11,911 ] QObject::connect: Cannot connect (null)::stateChanged(QNetworkSession::State) to QNetworkReplyHttpImpl::_q_networkSessionStateChanged(QNetworkSession::State)
[ 20:05:12,075 ] News query failed: "Account name or password is not correct."
[ 20:05:23,076 ] QObject::connect: Cannot connect (null)::stateChanged(QNetworkSession::State) to QNetworkReplyHttpImpl::_q_networkSessionStateChanged(QNetworkSession::State)
[ 20:05:23,148 ] QObject::connect: Cannot connect (null)::stateChanged(QNetworkSession::State) to QNetworkReplyHttpImpl::_q_networkSessionStateChanged(QNetworkSession::State)
[ 20:05:30,227 ] QObject::connect: Cannot connect (null)::stateChanged(QNetworkSession::State) to QNetworkReplyHttpImpl::_q_networkSessionStateChanged(QNetworkSession::State)
[ 20:05:53,611 ] QObject::connect: Cannot connect (null)::stateChanged(QNetworkSession::State) to QNetworkReplyHttpImpl::_q_networkSessionStateChanged(QNetworkSession::State)
[ 20:05:53,690 ] QObject::connect: Cannot connect (null)::stateChanged(QNetworkSession::State) to QNetworkReplyHttpImpl::_q_networkSessionStateChanged(QNetworkSession::State)
[ 20:06:29,080 ] QObject::connect: Cannot connect (null)::stateChanged(QNetworkSession::State) to QNetworkReplyHttpImpl::_q_networkSessionStateChanged(QNetworkSession::State)
[ 20:06:29,402 ] Socket state changed  QAbstractSocket::ClosingState
[ 20:06:29,402 ] Socket state changed  QAbstractSocket::UnconnectedState
[ 20:06:29,402 ] Disconnected from Gameserver
[ 20:06:29,781 ] QObject::connect: Cannot connect (null)::stateChanged(QNetworkSession::State) to QNetworkReplyHttpImpl::_q_networkSessionStateChanged(QNetworkSession::State)
[ 20:06:29,851 ] QObject::connect: Cannot connect (null)::stateChanged(QNetworkSession::State) to QNetworkReplyHttpImpl::_q_networkSessionStateChanged(QNetworkSession::State)
[ 20:06:31,938 ] Connection to gameserver  QUrl("tcp://oganza.ddns.net:7172")  requested (Charakter "Tchaka" )
[ 20:06:31,938 ] Socket state changed  QAbstractSocket::HostLookupState
[ 20:06:31,995 ] Socket state changed  QAbstractSocket::ConnectingState
[ 20:06:32,029 ] Socket state changed  QAbstractSocket::ConnectedState
[ 20:06:32,029 ] Connected to Gameserver  "oganza.ddns.net" "Oganza"
[ 20:06:33,330 ] QObject::connect: Cannot connect (null)::stateChanged(QNetworkSession::State) to QNetworkReplyHttpImpl::_q_networkSessionStateChanged(QNetworkSession::State)
[ 20:06:33,497 ] News query failed: "Account name or password is not correct."
[ 20:06:36,726 ] QObject::connect: Cannot connect (null)::stateChanged(QNetworkSession::State) to QNetworkReplyHttpImpl::_q_networkSessionStateChanged(QNetworkSession::State)
[ 20:06:36,761 ] QObject::connect: Cannot connect (null)::stateChanged(QNetworkSession::State) to QNetworkReplyHttpImpl::_q_networkSessionStateChanged(QNetworkSession::State)
[ 20:08:08,370 ] QObject::connect: Cannot connect (null)::stateChanged(QNetworkSession::State) to QNetworkReplyHttpImpl::_q_networkSessionStateChanged(QNetworkSession::State)
[ 20:09:35,162 ] Disabling Desktop GL:  GpuDescription(vendorId=0x8086, deviceId=0xa001, subSysId=0x22671019, revision=2, driver: "igdumdx32.dll", version=8.14.10.2230, "Intel(R) Graphics Media Accelerator 3150")
[ 20:09:53,941 ] QObject::connect: Cannot connect (null)::stateChanged(QNetworkSession::State) to QNetworkReplyHttpImpl::_q_networkSessionStateChanged(QNetworkSession::State)
[ 20:10:21,337 ] Asset loading complete
[ 20:10:23,271 ] QObject::connect: Cannot connect (null)::stateChanged(QNetworkSession::State) to QNetworkReplyHttpImpl::_q_networkSessionStateChanged(QNetworkSession::State)
[ 20:11:27,061 ] QObject::connect: Cannot connect (null)::stateChanged(QNetworkSession::State) to QNetworkReplyHttpImpl::_q_networkSessionStateChanged(QNetworkSession::State)
[ 20:11:29,836 ] BattlEye: "Initialized (v1.243)"
[ 20:11:29,836 ] BattlEye: "Restarting client is necessary, service isn't running properly"
[ 20:11:29,836 ] BattlEye: "Restarting client is necessary, update required"
[ 20:11:30,046 ] Connection to gameserver  QUrl("tcp://oganza.ddns.net:7172")  requested (Charakter "Tchaka" )
[ 20:11:30,046 ] Socket state changed  QAbstractSocket::HostLookupState
[ 20:11:30,046 ] Socket state changed  QAbstractSocket::ConnectingState
[ 20:11:30,076 ] Socket state changed  QAbstractSocket::ConnectedState
[ 20:11:30,077 ] Connected to Gameserver  "oganza.ddns.net" "Oganza"
[ 20:11:32,256 ] QObject::connect: Cannot connect (null)::stateChanged(QNetworkSession::State) to QNetworkReplyHttpImpl::_q_networkSessionStateChanged(QNetworkSession::State)
[ 20:11:32,455 ] News query failed: "Account name or password is not correct."
[ 20:11:51,593 ] Disabling Desktop GL:  GpuDescription(vendorId=0x8086, deviceId=0xa001, subSysId=0x22671019, revision=2, driver: "igdumdx32.dll", version=8.14.10.2230, "Intel(R) Graphics Media Accelerator 3150")
[ 20:12:08,598 ] QObject::connect: Cannot connect (null)::stateChanged(QNetworkSession::State) to QNetworkReplyHttpImpl::_q_networkSessionStateChanged(QNetworkSession::State)
[ 20:12:30,288 ] Asset loading complete
[ 20:12:31,687 ] QObject::connect: Cannot connect (null)::stateChanged(QNetworkSession::State) to QNetworkReplyHttpImpl::_q_networkSessionStateChanged(QNetworkSession::State)
[ 20:12:39,959 ] QObject::connect: Cannot connect (null)::stateChanged(QNetworkSession::State) to QNetworkReplyHttpImpl::_q_networkSessionStateChanged(QNetworkSession::State)
[ 20:12:44,471 ] BattlEye: "Initialized (v1.243)"
[ 20:12:44,471 ] BattlEye: "Restarting client is necessary, service isn't running properly"
[ 20:12:44,471 ] BattlEye: "Restarting client is necessary, update required"
[ 20:12:44,679 ] Connection to gameserver  QUrl("tcp://oganza.ddns.net:7172")  requested (Charakter "Oganza" )
[ 20:12:44,679 ] Socket state changed  QAbstractSocket::HostLookupState
[ 20:12:44,679 ] Socket state changed  QAbstractSocket::ConnectingState
[ 20:12:44,699 ] Socket state changed  QAbstractSocket::ConnectedState
[ 20:12:44,699 ] Connected to Gameserver  "oganza.ddns.net" "Oganza"
[ 20:12:46,325 ] QObject::connect: Cannot connect (null)::stateChanged(QNetworkSession::State) to QNetworkReplyHttpImpl::_q_networkSessionStateChanged(QNetworkSession::State)
[ 20:12:46,525 ] News query failed: "Account name or password is not correct."
[ 20:13:33,839 ] QObject::connect: Cannot connect (null)::stateChanged(QNetworkSession::State) to QNetworkReplyHttpImpl::_q_networkSessionStateChanged(QNetworkSession::State)
[ 20:13:34,113 ] Socket state changed  QAbstractSocket::ClosingState
[ 20:13:34,113 ] Socket state changed  QAbstractSocket::UnconnectedState
[ 20:13:34,113 ] Disconnected from Gameserver
[ 20:13:34,871 ] QObject::connect: Cannot connect (null)::stateChanged(QNetworkSession::State) to QNetworkReplyHttpImpl::_q_networkSessionStateChanged(QNetworkSession::State)
[ 20:13:34,880 ] QObject::connect: Cannot connect (null)::stateChanged(QNetworkSession::State) to QNetworkReplyHttpImpl::_q_networkSessionStateChanged(QNetworkSession::State)
[ 20:13:36,395 ] Connection to gameserver  QUrl("tcp://oganza.ddns.net:7172")  requested (Charakter "Tchaka" )
[ 20:13:36,395 ] Socket state changed  QAbstractSocket::HostLookupState
[ 20:13:36,395 ] Socket state changed  QAbstractSocket::ConnectingState
[ 20:13:36,417 ] Socket state changed  QAbstractSocket::ConnectedState
[ 20:13:36,417 ] Connected to Gameserver  "oganza.ddns.net" "Oganza"
[ 20:13:37,809 ] QObject::connect: Cannot connect (null)::stateChanged(QNetworkSession::State) to QNetworkReplyHttpImpl::_q_networkSessionStateChanged(QNetworkSession::State)
[ 20:13:38,035 ] News query failed: "Account name or password is not correct."
[ 20:13:46,804 ] Disabling Desktop GL:  GpuDescription(vendorId=0x8086, deviceId=0xa001, subSysId=0x22671019, revision=2, driver: "igdumdx32.dll", version=8.14.10.2230, "Intel(R) Graphics Media Accelerator 3150")
[ 20:14:04,014 ] QObject::connect: Cannot connect (null)::stateChanged(QNetworkSession::State) to QNetworkReplyHttpImpl::_q_networkSessionStateChanged(QNetworkSession::State)
[ 20:14:26,838 ] Asset loading complete
[ 20:14:28,142 ] QObject::connect: Cannot connect (null)::stateChanged(QNetworkSession::State) to QNetworkReplyHttpImpl::_q_networkSessionStateChanged(QNetworkSession::State)
[ 20:14:40,551 ] QObject::connect: Cannot connect (null)::stateChanged(QNetworkSession::State) to QNetworkReplyHttpImpl::_q_networkSessionStateChanged(QNetworkSession::State)
[ 20:14:43,379 ] BattlEye: "Initialized (v1.243)"
[ 20:14:43,380 ] BattlEye: "Restarting client is necessary, service isn't running properly"
[ 20:14:43,380 ] BattlEye: "Restarting client is necessary, update required"
[ 20:14:43,577 ] Connection to gameserver  QUrl("tcp://oganza.ddns.net:7172")  requested (Charakter "Oganza" )
[ 20:14:43,577 ] Socket state changed  QAbstractSocket::HostLookupState
[ 20:14:43,577 ] Socket state changed  QAbstractSocket::ConnectingState
[ 20:14:43,595 ] Socket state changed  QAbstractSocket::ConnectedState
[ 20:14:43,595 ] Connected to Gameserver  "oganza.ddns.net" "Oganza"
[ 20:14:45,206 ] QObject::connect: Cannot connect (null)::stateChanged(QNetworkSession::State) to QNetworkReplyHttpImpl::_q_networkSessionStateChanged(QNetworkSession::State)
[ 20:14:45,426 ] News query failed: "Account name or password is not correct."
[ 20:15:31,997 ] QObject::connect: Cannot connect (null)::stateChanged(QNetworkSession::State) to QNetworkReplyHttpImpl::_q_networkSessionStateChanged(QNetworkSession::State)
[ 20:15:32,263 ] Socket state changed  QAbstractSocket::ClosingState
[ 20:15:32,263 ] Socket state changed  QAbstractSocket::UnconnectedState
[ 20:15:32,263 ] Disconnected from Gameserver
[ 20:15:32,922 ] QObject::connect: Cannot connect (null)::stateChanged(QNetworkSession::State) to QNetworkReplyHttpImpl::_q_networkSessionStateChanged(QNetworkSession::State)
[ 20:15:32,932 ] QObject::connect: Cannot connect (null)::stateChanged(QNetworkSession::State) to QNetworkReplyHttpImpl::_q_networkSessionStateChanged(QNetworkSession::State)
[ 20:15:34,155 ] Connection to gameserver  QUrl("tcp://oganza.ddns.net:7172")  requested (Charakter "Teste" )
[ 20:15:34,155 ] Socket state changed  QAbstractSocket::HostLookupState
[ 20:15:34,155 ] Socket state changed  QAbstractSocket::ConnectingState
[ 20:15:34,181 ] Socket state changed  QAbstractSocket::ConnectedState
[ 20:15:34,182 ] Connected to Gameserver  "oganza.ddns.net" "Oganza"
[ 20:15:35,279 ] QObject::connect: Cannot connect (null)::stateChanged(QNetworkSession::State) to QNetworkReplyHttpImpl::_q_networkSessionStateChanged(QNetworkSession::State)
[ 20:15:35,393 ] News query failed: "Account name or password is not correct."
[ 20:15:39,401 ] QObject::connect: Cannot connect (null)::stateChanged(QNetworkSession::State) to QNetworkReplyHttpImpl::_q_networkSessionStateChanged(QNetworkSession::State)
[ 20:16:00,041 ] QObject::connect: Cannot connect (null)::stateChanged(QNetworkSession::State) to QNetworkReplyHttpImpl::_q_networkSessionStateChanged(QNetworkSession::State)
[ 20:16:00,362 ] Socket state changed  QAbstractSocket::ClosingState
[ 20:16:00,387 ] Socket state changed  QAbstractSocket::UnconnectedState
[ 20:16:00,387 ] Disconnected from Gameserver
[ 20:16:00,793 ] QObject::connect: Cannot connect (null)::stateChanged(QNetworkSession::State) to QNetworkReplyHttpImpl::_q_networkSessionStateChanged(QNetworkSession::State)
[ 20:16:00,803 ] QObject::connect: Cannot connect (null)::stateChanged(QNetworkSession::State) to QNetworkReplyHttpImpl::_q_networkSessionStateChanged(QNetworkSession::State)
[ 20:16:03,184 ] Connection to gameserver  QUrl("tcp://oganza.ddns.net:7172")  requested (Charakter "Tchaka" )
[ 20:16:03,184 ] Socket state changed  QAbstractSocket::HostLookupState
[ 20:16:03,196 ] Socket state changed  QAbstractSocket::ConnectingState
[ 20:16:03,233 ] Socket state changed  QAbstractSocket::ConnectedState
[ 20:16:03,233 ] Connected to Gameserver  "oganza.ddns.net" "Oganza"
[ 20:16:04,526 ] QObject::connect: Cannot connect (null)::stateChanged(QNetworkSession::State) to QNetworkReplyHttpImpl::_q_networkSessionStateChanged(QNetworkSession::State)
[ 20:16:04,789 ] News query failed: "Account name or password is not correct."
[ 20:16:07,140 ] QObject::connect: Cannot connect (null)::stateChanged(QNetworkSession::State) to QNetworkReplyHttpImpl::_q_networkSessionStateChanged(QNetworkSession::State)
[ 20:16:07,540 ] QObject::connect: Cannot connect (null)::stateChanged(QNetworkSession::State) to QNetworkReplyHttpImpl::_q_networkSessionStateChanged(QNetworkSession::State)
[ 20:16:07,567 ] QObject::connect: Cannot connect (null)::stateChanged(QNetworkSession::State) to QNetworkReplyHttpImpl::_q_networkSessionStateChanged(QNetworkSession::State)
[ 20:16:39,395 ] Disabling Desktop GL:  GpuDescription(vendorId=0x8086, deviceId=0xa001, subSysId=0x22671019, revision=2, driver: "igdumdx32.dll", version=8.14.10.2230, "Intel(R) Graphics Media Accelerator 3150")
[ 20:16:58,125 ] QObject::connect: Cannot connect (null)::stateChanged(QNetworkSession::State) to QNetworkReplyHttpImpl::_q_networkSessionStateChanged(QNetworkSession::State)
[ 20:17:25,367 ] Asset loading complete
[ 20:17:26,927 ] QObject::connect: Cannot connect (null)::stateChanged(QNetworkSession::State) to QNetworkReplyHttpImpl::_q_networkSessionStateChanged(QNetworkSession::State)
[ 20:19:26,895 ] QObject::connect: Cannot connect (null)::stateChanged(QNetworkSession::State) to QNetworkReplyHttpImpl::_q_networkSessionStateChanged(QNetworkSession::State)
[ 20:19:47,123 ] BattlEye: "Initialized (v1.243)"
[ 20:19:47,124 ] BattlEye: "Restarting client is necessary, service isn't running properly"
[ 20:19:47,124 ] BattlEye: "Restarting client is necessary, update required"
[ 20:19:47,373 ] Connection to gameserver  QUrl("tcp://oganza.ddns.net:7172")  requested (Charakter "Oganza" )
[ 20:19:47,374 ] Socket state changed  QAbstractSocket::HostLookupState
[ 20:19:47,374 ] Socket state changed  QAbstractSocket::ConnectingState
[ 20:19:47,398 ] Socket state changed  QAbstractSocket::ConnectedState
[ 20:19:47,398 ] Connected to Gameserver  "oganza.ddns.net" "Oganza"
[ 20:19:48,961 ] QObject::connect: Cannot connect (null)::stateChanged(QNetworkSession::State) to QNetworkReplyHttpImpl::_q_networkSessionStateChanged(QNetworkSession::State)
[ 20:19:49,185 ] News query failed: "Account name or password is not correct."
[ 20:20:25,765 ] QObject::connect: Cannot connect (null)::stateChanged(QNetworkSession::State) to QNetworkReplyHttpImpl::_q_networkSessionStateChanged(QNetworkSession::State)
[ 20:20:25,833 ] QObject::connect: Cannot connect (null)::stateChanged(QNetworkSession::State) to QNetworkReplyHttpImpl::_q_networkSessionStateChanged(QNetworkSession::State)
[ 20:20:35,663 ] QObject::connect: Cannot connect (null)::stateChanged(QNetworkSession::State) to QNetworkReplyHttpImpl::_q_networkSessionStateChanged(QNetworkSession::State)
[ 20:20:35,933 ] Socket state changed  QAbstractSocket::ClosingState
[ 20:20:35,934 ] Socket state changed  QAbstractSocket::UnconnectedState
[ 20:20:35,934 ] Disconnected from Gameserver
[ 20:20:36,335 ] QObject::connect: Cannot connect (null)::stateChanged(QNetworkSession::State) to QNetworkReplyHttpImpl::_q_networkSessionStateChanged(QNetworkSession::State)
[ 20:20:36,381 ] QObject::connect: Cannot connect (null)::stateChanged(QNetworkSession::State) to QNetworkReplyHttpImpl::_q_networkSessionStateChanged(QNetworkSession::State)
[ 20:20:38,558 ] Connection to gameserver  QUrl("tcp://oganza.ddns.net:7172")  requested (Charakter "Tchaka" )
[ 20:20:38,558 ] Socket state changed  QAbstractSocket::HostLookupState
[ 20:20:38,572 ] Socket state changed  QAbstractSocket::ConnectingState
[ 20:20:38,608 ] Socket state changed  QAbstractSocket::ConnectedState
[ 20:20:38,608 ] Connected to Gameserver  "oganza.ddns.net" "Oganza"
[ 20:20:40,078 ] QObject::connect: Cannot connect (null)::stateChanged(QNetworkSession::State) to QNetworkReplyHttpImpl::_q_networkSessionStateChanged(QNetworkSession::State)
[ 20:20:40,212 ] News query failed: "Account name or password is not correct."
[ 20:20:42,796 ] QObject::connect: Cannot connect (null)::stateChanged(QNetworkSession::State) to QNetworkReplyHttpImpl::_q_networkSessionStateChanged(QNetworkSession::State)
[ 20:20:42,856 ] QObject::connect: Cannot connect (null)::stateChanged(QNetworkSession::State) to QNetworkReplyHttpImpl::_q_networkSessionStateChanged(QNetworkSession::State)
[ 20:21:19,237 ] QObject::connect: Cannot connect (null)::stateChanged(QNetworkSession::State) to QNetworkReplyHttpImpl::_q_networkSessionStateChanged(QNetworkSession::State)
[ 20:23:32,796 ] Disabling Desktop GL:  GpuDescription(vendorId=0x8086, deviceId=0xa001, subSysId=0x22671019, revision=2, driver: "igdumdx32.dll", version=8.14.10.2230, "Intel(R) Graphics Media Accelerator 3150")
[ 20:23:49,280 ] QObject::connect: Cannot connect (null)::stateChanged(QNetworkSession::State) to QNetworkReplyHttpImpl::_q_networkSessionStateChanged(QNetworkSession::State)
[ 20:24:10,808 ] Asset loading complete
[ 20:24:12,229 ] QObject::connect: Cannot connect (null)::stateChanged(QNetworkSession::State) to QNetworkReplyHttpImpl::_q_networkSessionStateChanged(QNetworkSession::State)
[ 20:24:23,082 ] QObject::connect: Cannot connect (null)::stateChanged(QNetworkSession::State) to QNetworkReplyHttpImpl::_q_networkSessionStateChanged(QNetworkSession::State)
[ 20:29:00,159 ] QObject::connect: Cannot connect (null)::stateChanged(QNetworkSession::State) to QNetworkReplyHttpImpl::_q_networkSessionStateChanged(QNetworkSession::State)
[ 20:34:00,159 ] QObject::connect: Cannot connect (null)::stateChanged(QNetworkSession::State) to QNetworkReplyHttpImpl::_q_networkSessionStateChanged(QNetworkSession::State)
[ 20:39:00,167 ] QObject::connect: Cannot connect (null)::stateChanged(QNetworkSession::State) to QNetworkReplyHttpImpl::_q_networkSessionStateChanged(QNetworkSession::State)
[ 20:44:00,178 ] QObject::connect: Cannot connect (null)::stateChanged(QNetworkSession::State) to QNetworkReplyHttpImpl::_q_networkSessionStateChanged(QNetworkSession::State)
[ 20:49:00,184 ] QObject::connect: Cannot connect (null)::stateChanged(QNetworkSession::State) to QNetworkReplyHttpImpl::_q_networkSessionStateChanged(QNetworkSession::State)
[ 20:51:50,366 ] QObject::connect: Cannot connect (null)::stateChanged(QNetworkSession::State) to QNetworkReplyHttpImpl::_q_networkSessionStateChanged(QNetworkSession::State)
[ 20:51:51,917 ] BattlEye: "Initialized (v1.243)"
[ 20:51:51,918 ] BattlEye: "Restarting client is necessary, service isn't running properly"
[ 20:51:51,918 ] BattlEye: "Restarting client is necessary, update required"
[ 20:51:52,384 ] Connection to gameserver  QUrl("tcp://oganza.ddns.net:7172")  requested (Charakter "Oganza" )
[ 20:51:52,384 ] Socket state changed  QAbstractSocket::HostLookupState
[ 20:51:52,384 ] Socket state changed  QAbstractSocket::ConnectingState
[ 20:51:52,422 ] Socket state changed  QAbstractSocket::ConnectedState
[ 20:51:52,423 ] Connected to Gameserver  "oganza.ddns.net" "Oganza"
[ 20:51:54,765 ] QObject::connect: Cannot connect (null)::stateChanged(QNetworkSession::State) to QNetworkReplyHttpImpl::_q_networkSessionStateChanged(QNetworkSession::State)
[ 20:51:55,091 ] News query failed: "Account name or password is not correct."
[ 20:54:00,545 ] QObject::connect: Cannot connect (null)::stateChanged(QNetworkSession::State) to QNetworkReplyHttpImpl::_q_networkSessionStateChanged(QNetworkSession::State)
[ 20:59:00,721 ] QObject::connect: Cannot connect (null)::stateChanged(QNetworkSession::State) to QNetworkReplyHttpImpl::_q_networkSessionStateChanged(QNetworkSession::State)
[ 21:04:00,834 ] QObject::connect: Cannot connect (null)::stateChanged(QNetworkSession::State) to QNetworkReplyHttpImpl::_q_networkSessionStateChanged(QNetworkSession::State)
[ 21:09:00,641 ] QObject::connect: Cannot connect (null)::stateChanged(QNetworkSession::State) to QNetworkReplyHttpImpl::_q_networkSessionStateChanged(QNetworkSession::State)
[ 21:14:00,647 ] QObject::connect: Cannot connect (null)::stateChanged(QNetworkSession::State) to QNetworkReplyHttpImpl::_q_networkSessionStateChanged(QNetworkSession::State)
[ 21:19:00,373 ] QObject::connect: Cannot connect (null)::stateChanged(QNetworkSession::State) to QNetworkReplyHttpImpl::_q_networkSessionStateChanged(QNetworkSession::State)
[ 22:43:12,127 ] Disabling Desktop GL:  GpuDescription(vendorId=0x8086, deviceId=0xa001, subSysId=0x22671019, revision=2, driver: "igdumdx32.dll", version=8.14.10.2230, "Intel(R) Graphics Media Accelerator 3150")
[ 22:43:27,766 ] QObject::connect: Cannot connect (null)::stateChanged(QNetworkSession::State) to QNetworkReplyHttpImpl::_q_networkSessionStateChanged(QNetworkSession::State)
[ 22:43:53,943 ] Asset loading complete
[ 22:43:55,135 ] QObject::connect: Cannot connect (null)::stateChanged(QNetworkSession::State) to QNetworkReplyHttpImpl::_q_networkSessionStateChanged(QNetworkSession::State)
[ 22:50:38,680 ] Disabling Desktop GL:  GpuDescription(vendorId=0x8086, deviceId=0xa001, subSysId=0x22671019, revision=2, driver: "igdumdx32.dll", version=8.14.10.2230, "Intel(R) Graphics Media Accelerator 3150")
[ 22:50:56,730 ] QObject::connect: Cannot connect (null)::stateChanged(QNetworkSession::State) to QNetworkReplyHttpImpl::_q_networkSessionStateChanged(QNetworkSession::State)
[ 22:51:21,544 ] Asset loading complete
[ 22:51:22,950 ] QObject::connect: Cannot connect (null)::stateChanged(QNetworkSession::State) to QNetworkReplyHttpImpl::_q_networkSessionStateChanged(QNetworkSession::State)
[ 23:20:56,551 ] Disabling Desktop GL:  GpuDescription(vendorId=0x8086, deviceId=0xa001, subSysId=0x22671019, revision=2, driver: "igdumdx32.dll", version=8.14.10.2230, "Intel(R) Graphics Media Accelerator 3150")
[ 23:21:31,446 ] QObject::connect: Cannot connect (null)::stateChanged(QNetworkSession::State) to QNetworkReplyHttpImpl::_q_networkSessionStateChanged(QNetworkSession::State)
[ 23:22:11,675 ] Asset loading complete
[ 23:22:13,801 ] QObject::connect: Cannot connect (null)::stateChanged(QNetworkSession::State) to QNetworkReplyHttpImpl::_q_networkSessionStateChanged(QNetworkSession::State)
[ 23:26:53,051 ] QObject::connect: Cannot connect (null)::stateChanged(QNetworkSession::State) to QNetworkReplyHttpImpl::_q_networkSessionStateChanged(QNetworkSession::State)
[ 23:27:34,171 ] QObject::connect: Cannot connect (null)::stateChanged(QNetworkSession::State) to QNetworkReplyHttpImpl::_q_networkSessionStateChanged(QNetworkSession::State)
[ 23:27:43,662 ] QObject::connect: Cannot connect (null)::stateChanged(QNetworkSession::State) to QNetworkReplyHttpImpl::_q_networkSessionStateChanged(QNetworkSession::State)
[ 23:33:56,148 ] Disabling Desktop GL:  GpuDescription(vendorId=0x8086, deviceId=0xa001, subSysId=0x22671019, revision=2, driver: "igdumdx32.dll", version=8.14.10.2230, "Intel(R) Graphics Media Accelerator 3150")
[ 23:34:19,570 ] QObject::connect: Cannot connect (null)::stateChanged(QNetworkSession::State) to QNetworkReplyHttpImpl::_q_networkSessionStateChanged(QNetworkSession::State)
[ 23:34:32,504 ] Disabling Desktop GL:  GpuDescription(vendorId=0x8086, deviceId=0xa001, subSysId=0x22671019, revision=2, driver: "igdumdx32.dll", version=8.14.10.2230, "Intel(R) Graphics Media Accelerator 3150")
[ 23:34:48,965 ] Asset loading complete
[ 23:34:51,024 ] QObject::connect: Cannot connect (null)::stateChanged(QNetworkSession::State) to QNetworkReplyHttpImpl::_q_networkSessionStateChanged(QNetworkSession::State)
[ 23:34:52,095 ] QObject::connect: Cannot connect (null)::stateChanged(QNetworkSession::State) to QNetworkReplyHttpImpl::_q_networkSessionStateChanged(QNetworkSession::State)
[ 23:35:00,297 ] QObject::connect: Cannot connect (null)::stateChanged(QNetworkSession::State) to QNetworkReplyHttpImpl::_q_networkSessionStateChanged(QNetworkSession::State)
[ 23:35:03,561 ] Start playing sessiondump:  "tutorial-sessiondump.dmp"
[ 23:35:03,857 ] Sessiondump read:
WorldName: Tibia
Timestamp:14/12/2016 04:30
Header length:34
[ 23:35:04,292 ] QObject::connect: Cannot connect (null)::stateChanged(QNetworkSession::State) to QNetworkReplyHttpImpl::_q_networkSessionStateChanged(QNetworkSession::State)
[ 23:35:06,769 ] QObject::connect: Cannot connect (null)::stateChanged(QNetworkSession::State) to QNetworkReplyHttpImpl::_q_networkSessionStateChanged(QNetworkSession::State)
[ 23:35:07,544 ] News query failed: "Account name or password is not correct."
[ 23:35:10,102 ] QObject::connect: Cannot connect (null)::stateChanged(QNetworkSession::State) to QNetworkReplyHttpImpl::_q_networkSessionStateChanged(QNetworkSession::State)
[ 23:35:17,911 ] QObject::connect: Cannot connect (null)::stateChanged(QNetworkSession::State) to QNetworkReplyHttpImpl::_q_networkSessionStateChanged(QNetworkSession::State)
[ 23:35:21,066 ] QObject::connect: Cannot connect (null)::stateChanged(QNetworkSession::State) to QNetworkReplyHttpImpl::_q_networkSessionStateChanged(QNetworkSession::State)
[ 23:35:21,970 ] Asset loading complete
[ 23:35:23,435 ] QObject::connect: Cannot connect (null)::stateChanged(QNetworkSession::State) to QNetworkReplyHttpImpl::_q_networkSessionStateChanged(QNetworkSession::State)
[ 23:35:39,902 ] QObject::connect: Cannot connect (null)::stateChanged(QNetworkSession::State) to QNetworkReplyHttpImpl::_q_networkSessionStateChanged(QNetworkSession::State)
[ 23:35:41,478 ] QObject::connect: Cannot connect (null)::stateChanged(QNetworkSession::State) to QNetworkReplyHttpImpl::_q_networkSessionStateChanged(QNetworkSession::State)
[ 23:35:43,039 ] QObject::connect: Cannot connect (null)::stateChanged(QNetworkSession::State) to QNetworkReplyHttpImpl::_q_networkSessionStateChanged(QNetworkSession::State)
[ 23:35:44,304 ] QObject::connect: Cannot connect (null)::stateChanged(QNetworkSession::State) to QNetworkReplyHttpImpl::_q_networkSessionStateChanged(QNetworkSession::State)
[ 23:35:45,714 ] QObject::connect: Cannot connect (null)::stateChanged(QNetworkSession::State) to QNetworkReplyHttpImpl::_q_networkSessionStateChanged(QNetworkSession::State)
[ 23:35:46,833 ] QObject::connect: Cannot connect (null)::stateChanged(QNetworkSession::State) to QNetworkReplyHttpImpl::_q_networkSessionStateChanged(QNetworkSession::State)
[ 23:35:47,751 ] QObject::connect: Cannot connect (null)::stateChanged(QNetworkSession::State) to QNetworkReplyHttpImpl::_q_networkSessionStateChanged(QNetworkSession::State)
[ 23:35:52,092 ] QObject::connect: Cannot connect (null)::stateChanged(QNetworkSession::State) to QNetworkReplyHttpImpl::_q_networkSessionStateChanged(QNetworkSession::State)
[ 23:35:52,094 ] QObject::connect: Cannot connect (null)::stateChanged(QNetworkSession::State) to QNetworkReplyHttpImpl::_q_networkSessionStateChanged(QNetworkSession::State)
[ 23:35:54,260 ] QObject::connect: Cannot connect (null)::stateChanged(QNetworkSession::State) to QNetworkReplyHttpImpl::_q_networkSessionStateChanged(QNetworkSession::State)
[ 23:35:55,034 ] QObject::connect: Cannot connect (null)::stateChanged(QNetworkSession::State) to QNetworkReplyHttpImpl::_q_networkSessionStateChanged(QNetworkSession::State)
[ 23:35:55,230 ] sessiondump game session terminated
[ 23:35:55,401 ] QObject::connect: Cannot connect (null)::stateChanged(QNetworkSession::State) to QNetworkReplyHttpImpl::_q_networkSessionStateChanged(QNetworkSession::State)
[ 23:35:55,457 ] BattlEye: "Initialized (v1.243)"
[ 23:35:55,457 ] BattlEye: "Restarting client is necessary, service isn't running properly"
[ 23:35:55,458 ] BattlEye: "Restarting client is necessary, update required"
[ 23:35:55,645 ] Connection to gameserver  QUrl("tcp://oganza.ddns.net:7172")  requested (Charakter "Teste" )
[ 23:35:55,646 ] Socket state changed  QAbstractSocket::HostLookupState
[ 23:35:55,646 ] Socket state changed  QAbstractSocket::ConnectingState
[ 23:35:55,696 ] Socket state changed  QAbstractSocket::ConnectedState
[ 23:35:55,696 ] Connected to Gameserver  "oganza.ddns.net" "Oganza"
[ 23:35:58,299 ] QObject::connect: Cannot connect (null)::stateChanged(QNetworkSession::State) to QNetworkReplyHttpImpl::_q_networkSessionStateChanged(QNetworkSession::State)
[ 23:35:58,539 ] News query failed: "Account name or password is not correct."
[ 23:36:03,475 ] QObject::connect: Cannot connect (null)::stateChanged(QNetworkSession::State) to QNetworkReplyHttpImpl::_q_networkSessionStateChanged(QNetworkSession::State)
[ 23:36:33,701 ] QObject::connect: Cannot connect (null)::stateChanged(QNetworkSession::State) to QNetworkReplyHttpImpl::_q_networkSessionStateChanged(QNetworkSession::State)
[ 23:36:33,993 ] Socket state changed  QAbstractSocket::ClosingState
[ 23:36:33,994 ] Socket state changed  QAbstractSocket::UnconnectedState
[ 23:36:33,994 ] Disconnected from Gameserver
[ 23:36:34,612 ] QObject::connect: Cannot connect (null)::stateChanged(QNetworkSession::State) to QNetworkReplyHttpImpl::_q_networkSessionStateChanged(QNetworkSession::State)
[ 23:36:34,621 ] QObject::connect: Cannot connect (null)::stateChanged(QNetworkSession::State) to QNetworkReplyHttpImpl::_q_networkSessionStateChanged(QNetworkSession::State)
[ 23:36:36,214 ] Connection to gameserver  QUrl("tcp://oganza.ddns.net:7172")  requested (Charakter "Oganza" )
[ 23:36:36,215 ] Socket state changed  QAbstractSocket::HostLookupState
[ 23:36:36,234 ] Socket state changed  QAbstractSocket::ConnectingState
[ 23:36:36,335 ] Socket state changed  QAbstractSocket::ConnectedState
[ 23:36:36,335 ] Connected to Gameserver  "oganza.ddns.net" "Oganza"
[ 23:36:37,558 ] QObject::connect: Cannot connect (null)::stateChanged(QNetworkSession::State) to QNetworkReplyHttpImpl::_q_networkSessionStateChanged(QNetworkSession::State)
[ 23:36:37,855 ] News query failed: "Account name or password is not correct."
[ 23:37:08,930 ] QObject::connect: Cannot connect (null)::stateChanged(QNetworkSession::State) to QNetworkReplyHttpImpl::_q_networkSessionStateChanged(QNetworkSession::State)
[ 23:37:09,233 ] Socket state changed  QAbstractSocket::ClosingState
[ 23:37:09,233 ] Socket state changed  QAbstractSocket::UnconnectedState
[ 23:37:09,233 ] Disconnected from Gameserver
[ 23:37:09,703 ] QObject::connect: Cannot connect (null)::stateChanged(QNetworkSession::State) to QNetworkReplyHttpImpl::_q_networkSessionStateChanged(QNetworkSession::State)
[ 23:37:09,714 ] QObject::connect: Cannot connect (null)::stateChanged(QNetworkSession::State) to QNetworkReplyHttpImpl::_q_networkSessionStateChanged(QNetworkSession::State)
[ 23:37:11,189 ] Connection to gameserver  QUrl("tcp://oganza.ddns.net:7172")  requested (Charakter "Tchaka" )
[ 23:37:11,190 ] Socket state changed  QAbstractSocket::HostLookupState
[ 23:37:11,190 ] Socket state changed  QAbstractSocket::ConnectingState
[ 23:37:11,217 ] Socket state changed  QAbstractSocket::ConnectedState
[ 23:37:11,217 ] Connected to Gameserver  "oganza.ddns.net" "Oganza"
[ 23:37:13,273 ] QObject::connect: Cannot connect (null)::stateChanged(QNetworkSession::State) to QNetworkReplyHttpImpl::_q_networkSessionStateChanged(QNetworkSession::State)
[ 23:37:13,769 ] News query failed: "Account name or password is not correct."
[ 23:37:26,177 ] QObject::connect: Cannot connect (null)::stateChanged(QNetworkSession::State) to QNetworkReplyHttpImpl::_q_networkSessionStateChanged(QNetworkSession::State)
[ 23:37:26,479 ] Socket state changed  QAbstractSocket::ClosingState
[ 23:37:26,480 ] Socket state changed  QAbstractSocket::UnconnectedState
[ 23:37:26,480 ] Disconnected from Gameserver
[ 23:37:27,067 ] QObject::connect: Cannot connect (null)::stateChanged(QNetworkSession::State) to QNetworkReplyHttpImpl::_q_networkSessionStateChanged(QNetworkSession::State)
[ 23:37:39,194 ] QObject::connect: Cannot connect (null)::stateChanged(QNetworkSession::State) to QNetworkReplyHttpImpl::_q_networkSessionStateChanged(QNetworkSession::State)
[ 14:32:24,140 ] Disabling Desktop GL:  GpuDescription(vendorId=0x8086, deviceId=0xa001, subSysId=0x22671019, revision=2, driver: "igdumdx32.dll", version=8.14.10.2230, "Intel(R) Graphics Media Accelerator 3150")
[ 14:32:43,023 ] QObject::connect: Cannot connect (null)::stateChanged(QNetworkSession::State) to QNetworkReplyHttpImpl::_q_networkSessionStateChanged(QNetworkSession::State)
[ 14:33:09,333 ] Asset loading complete
[ 14:33:10,766 ] QObject::connect: Cannot connect (null)::stateChanged(QNetworkSession::State) to QNetworkReplyHttpImpl::_q_networkSessionStateChanged(QNetworkSession::State)
[ 14:33:17,291 ] QObject::connect: Cannot connect (null)::stateChanged(QNetworkSession::State) to QNetworkReplyHttpImpl::_q_networkSessionStateChanged(QNetworkSession::State)
[ 14:33:19,573 ] BattlEye: "Initialized (v1.243)"
[ 14:33:19,573 ] BattlEye: "Restarting client is necessary, service isn't running properly"
[ 14:33:19,573 ] BattlEye: "Restarting client is necessary, update required"
[ 14:33:19,803 ] Connection to gameserver  QUrl("tcp://oganza.ddns.net:7172")  requested (Charakter "Oganza" )
[ 14:33:19,803 ] Socket state changed  QAbstractSocket::HostLookupState
[ 14:33:19,803 ] Socket state changed  QAbstractSocket::ConnectingState
[ 14:33:19,834 ] Socket state changed  QAbstractSocket::ConnectedState
[ 14:33:19,834 ] Connected to Gameserver  "oganza.ddns.net" "Oganza"
[ 14:33:21,510 ] QObject::connect: Cannot connect (null)::stateChanged(QNetworkSession::State) to QNetworkReplyHttpImpl::_q_networkSessionStateChanged(QNetworkSession::State)
[ 14:33:21,738 ] News query failed: "Account name or password is not correct."
[ 14:33:23,015 ] QObject::connect: Cannot connect (null)::stateChanged(QNetworkSession::State) to QNetworkReplyHttpImpl::_q_networkSessionStateChanged(QNetworkSession::State)
[ 14:33:23,311 ] Socket state changed  QAbstractSocket::ClosingState
[ 14:33:23,311 ] Socket state changed  QAbstractSocket::UnconnectedState
[ 14:33:23,311 ] Disconnected from Gameserver
[ 14:33:23,797 ] QObject::connect: Cannot connect (null)::stateChanged(QNetworkSession::State) to QNetworkReplyHttpImpl::_q_networkSessionStateChanged(QNetworkSession::State)
[ 14:37:57,398 ] QObject::connect: Cannot connect (null)::stateChanged(QNetworkSession::State) to QNetworkReplyHttpImpl::_q_networkSessionStateChanged(QNetworkSession::State)
[ 14:42:57,267 ] QObject::connect: Cannot connect (null)::stateChanged(QNetworkSession::State) to QNetworkReplyHttpImpl::_q_networkSessionStateChanged(QNetworkSession::State)
[ 14:47:57,268 ] QObject::connect: Cannot connect (null)::stateChanged(QNetworkSession::State) to QNetworkReplyHttpImpl::_q_networkSessionStateChanged(QNetworkSession::State)
[ 14:49:00,233 ] QObject::connect: Cannot connect (null)::stateChanged(QNetworkSession::State) to QNetworkReplyHttpImpl::_q_networkSessionStateChanged(QNetworkSession::State)
[ 14:49:02,606 ] Connection to gameserver  QUrl("tcp://oganza.ddns.net:7172")  requested (Charakter "Oganza" )
[ 14:49:02,607 ] Socket state changed  QAbstractSocket::HostLookupState
[ 14:49:02,607 ] Socket state changed  QAbstractSocket::ConnectingState
[ 14:49:02,640 ] Socket state changed  QAbstractSocket::ConnectedState
[ 14:49:02,640 ] Connected to Gameserver  "oganza.ddns.net" "Oganza"
[ 14:49:03,653 ] QObject::connect: Cannot connect (null)::stateChanged(QNetworkSession::State) to QNetworkReplyHttpImpl::_q_networkSessionStateChanged(QNetworkSession::State)
[ 14:49:03,862 ] News query failed: "Account name or password is not correct."
[ 14:49:06,330 ] QObject::connect: Cannot connect (null)::stateChanged(QNetworkSession::State) to QNetworkReplyHttpImpl::_q_networkSessionStateChanged(QNetworkSession::State)
[ 14:49:06,671 ] Socket state changed  QAbstractSocket::ClosingState
[ 14:49:06,671 ] Socket state changed  QAbstractSocket::UnconnectedState
[ 14:49:06,671 ] Disconnected from Gameserver
[ 14:49:07,050 ] QObject::connect: Cannot connect (null)::stateChanged(QNetworkSession::State) to QNetworkReplyHttpImpl::_q_networkSessionStateChanged(QNetworkSession::State)
[ 14:49:07,101 ] QObject::connect: Cannot connect (null)::stateChanged(QNetworkSession::State) to QNetworkReplyHttpImpl::_q_networkSessionStateChanged(QNetworkSession::State)
[ 14:49:09,446 ] Connection to gameserver  QUrl("tcp://oganza.ddns.net:7172")  requested (Charakter "Tchaka" )
[ 14:49:09,446 ] Socket state changed  QAbstractSocket::HostLookupState
[ 14:49:09,446 ] Socket state changed  QAbstractSocket::ConnectingState
[ 14:49:09,470 ] Socket state changed  QAbstractSocket::ConnectedState
[ 14:49:09,471 ] Connected to Gameserver  "oganza.ddns.net" "Oganza"
[ 14:49:11,065 ] QObject::connect: Cannot connect (null)::stateChanged(QNetworkSession::State) to QNetworkReplyHttpImpl::_q_networkSessionStateChanged(QNetworkSession::State)
[ 14:49:11,283 ] News query failed: "Account name or password is not correct."
[ 14:49:14,125 ] QObject::connect: Cannot connect (null)::stateChanged(QNetworkSession::State) to QNetworkReplyHttpImpl::_q_networkSessionStateChanged(QNetworkSession::State)
[ 14:52:57,310 ] QObject::connect: Cannot connect (null)::stateChanged(QNetworkSession::State) to QNetworkReplyHttpImpl::_q_networkSessionStateChanged(QNetworkSession::State)
[ 14:57:38,397 ] QObject::connect: Cannot connect (null)::stateChanged(QNetworkSession::State) to QNetworkReplyHttpImpl::_q_networkSessionStateChanged(QNetworkSession::State)
[ 14:57:38,706 ] Socket state changed  QAbstractSocket::ClosingState
[ 14:57:38,706 ] Socket state changed  QAbstractSocket::UnconnectedState
[ 14:57:38,706 ] Disconnected from Gameserver
[ 14:57:39,349 ] QObject::connect: Cannot connect (null)::stateChanged(QNetworkSession::State) to QNetworkReplyHttpImpl::_q_networkSessionStateChanged(QNetworkSession::State)
[ 14:57:39,405 ] QObject::connect: Cannot connect (null)::stateChanged(QNetworkSession::State) to QNetworkReplyHttpImpl::_q_networkSessionStateChanged(QNetworkSession::State)
[ 14:57:40,666 ] Connection to gameserver  QUrl("tcp://oganza.ddns.net:7172")  requested (Charakter "Teste" )
[ 14:57:40,666 ] Socket state changed  QAbstractSocket::HostLookupState
[ 14:57:40,683 ] Socket state changed  QAbstractSocket::ConnectingState
[ 14:57:40,706 ] Socket state changed  QAbstractSocket::ConnectedState
[ 14:57:40,707 ] Connected to Gameserver  "oganza.ddns.net" "Oganza"
[ 14:57:42,126 ] QObject::connect: Cannot connect (null)::stateChanged(QNetworkSession::State) to QNetworkReplyHttpImpl::_q_networkSessionStateChanged(QNetworkSession::State)
[ 14:57:42,354 ] News query failed: "Account name or password is not correct."
[ 14:57:45,915 ] QObject::connect: Cannot connect (null)::stateChanged(QNetworkSession::State) to QNetworkReplyHttpImpl::_q_networkSessionStateChanged(QNetworkSession::State)
[ 14:57:53,930 ] QObject::connect: Cannot connect (null)::stateChanged(QNetworkSession::State) to QNetworkReplyHttpImpl::_q_networkSessionStateChanged(QNetworkSession::State)
[ 14:57:54,265 ] Socket state changed  QAbstractSocket::ClosingState
[ 14:57:54,266 ] Socket state changed  QAbstractSocket::UnconnectedState
[ 14:57:54,266 ] Disconnected from Gameserver
[ 14:57:54,652 ] QObject::connect: Cannot connect (null)::stateChanged(QNetworkSession::State) to QNetworkReplyHttpImpl::_q_networkSessionStateChanged(QNetworkSession::State)
[ 15:02:57,285 ] QObject::connect: Cannot connect (null)::stateChanged(QNetworkSession::State) to QNetworkReplyHttpImpl::_q_networkSessionStateChanged(QNetworkSession::State)
[ 15:07:57,294 ] QObject::connect: Cannot connect (null)::stateChanged(QNetworkSession::State) to QNetworkReplyHttpImpl::_q_networkSessionStateChanged(QNetworkSession::State)
[ 15:14:06,323 ] Disabling Desktop GL:  GpuDescription(vendorId=0x8086, deviceId=0xa001, subSysId=0x22671019, revision=2, driver: "igdumdx32.dll", version=8.14.10.2230, "Intel(R) Graphics Media Accelerator 3150")
[ 15:14:17,265 ] QObject::connect: Cannot connect (null)::stateChanged(QNetworkSession::State) to QNetworkReplyHttpImpl::_q_networkSessionStateChanged(QNetworkSession::State)
[ 15:14:27,627 ] Asset loading complete
[ 15:14:30,559 ] QObject::connect: Cannot connect (null)::stateChanged(QNetworkSession::State) to QNetworkReplyHttpImpl::_q_networkSessionStateChanged(QNetworkSession::State)
[ 15:18:38,532 ] QObject::connect: Cannot connect (null)::stateChanged(QNetworkSession::State) to QNetworkReplyHttpImpl::_q_networkSessionStateChanged(QNetworkSession::State)
[ 15:18:49,852 ] BattlEye: "Initialized (v1.243)"
[ 15:18:49,853 ] BattlEye: "Restarting client is necessary, service isn't running properly"
[ 15:18:49,853 ] BattlEye: "Restarting client is necessary, update required"
[ 15:18:50,322 ] Connection to gameserver  QUrl("tcp://oganza.ddns.net:7172")  requested (Charakter "Oganza" )
[ 15:18:50,323 ] Socket state changed  QAbstractSocket::HostLookupState
[ 15:18:50,323 ] Socket state changed  QAbstractSocket::ConnectingState
[ 15:18:50,394 ] Socket state changed  QAbstractSocket::ConnectedState
[ 15:18:50,395 ] Connected to Gameserver  "oganza.ddns.net" "Oganza"
[ 15:18:52,749 ] QObject::connect: Cannot connect (null)::stateChanged(QNetworkSession::State) to QNetworkReplyHttpImpl::_q_networkSessionStateChanged(QNetworkSession::State)
[ 15:18:55,131 ] News query failed: "Account name or password is not correct."
[ 15:18:56,006 ] QObject::connect: Cannot connect (null)::stateChanged(QNetworkSession::State) to QNetworkReplyHttpImpl::_q_networkSessionStateChanged(QNetworkSession::State)
[ 15:18:56,389 ] Socket state changed  QAbstractSocket::ClosingState
[ 15:18:56,389 ] Socket state changed  QAbstractSocket::UnconnectedState
[ 15:18:56,390 ] Disconnected from Gameserver
[ 15:18:57,029 ] QObject::connect: Cannot connect (null)::stateChanged(QNetworkSession::State) to QNetworkReplyHttpImpl::_q_networkSessionStateChanged(QNetworkSession::State)
[ 15:18:58,612 ] Connection to gameserver  QUrl("tcp://oganza.ddns.net:7172")  requested (Charakter "Tchaka" )
[ 15:18:58,612 ] Socket state changed  QAbstractSocket::HostLookupState
[ 15:18:58,612 ] Socket state changed  QAbstractSocket::ConnectingState
[ 15:18:58,616 ] Socket state changed  QAbstractSocket::ConnectedState
[ 15:18:58,616 ] Connected to Gameserver  "oganza.ddns.net" "Oganza"
[ 15:19:00,551 ] QObject::connect: Cannot connect (null)::stateChanged(QNetworkSession::State) to QNetworkReplyHttpImpl::_q_networkSessionStateChanged(QNetworkSession::State)
[ 15:19:00,999 ] News query failed: "Account name or password is not correct."
[ 15:19:23,257 ] QObject::connect: Cannot connect (null)::stateChanged(QNetworkSession::State) to QNetworkReplyHttpImpl::_q_networkSessionStateChanged(QNetworkSession::State)
[ 15:19:23,666 ] Socket state changed  QAbstractSocket::ClosingState
[ 15:19:23,666 ] Socket state changed  QAbstractSocket::UnconnectedState
[ 15:19:23,667 ] Disconnected from Gameserver
[ 15:19:24,294 ] QObject::connect: Cannot connect (null)::stateChanged(QNetworkSession::State) to QNetworkReplyHttpImpl::_q_networkSessionStateChanged(QNetworkSession::State)
[ 15:19:24,361 ] QObject::connect: Cannot connect (null)::stateChanged(QNetworkSession::State) to QNetworkReplyHttpImpl::_q_networkSessionStateChanged(QNetworkSession::State)
[ 15:19:25,771 ] Connection to gameserver  QUrl("tcp://oganza.ddns.net:7172")  requested (Charakter "Teste" )
[ 15:19:25,772 ] Socket state changed  QAbstractSocket::HostLookupState
[ 15:19:25,772 ] Socket state changed  QAbstractSocket::ConnectingState
[ 15:19:25,819 ] Socket state changed  QAbstractSocket::ConnectedState
[ 15:19:25,819 ] Connected to Gameserver  "oganza.ddns.net" "Oganza"
[ 15:19:27,746 ] QObject::connect: Cannot connect (null)::stateChanged(QNetworkSession::State) to QNetworkReplyHttpImpl::_q_networkSessionStateChanged(QNetworkSession::State)
[ 15:19:28,065 ] News query failed: "Account name or password is not correct."
[ 15:19:30,875 ] QObject::connect: Cannot connect (null)::stateChanged(QNetworkSession::State) to QNetworkReplyHttpImpl::_q_networkSessionStateChanged(QNetworkSession::State)
[ 15:19:31,238 ] Socket state changed  QAbstractSocket::ClosingState
[ 15:19:31,238 ] Socket state changed  QAbstractSocket::UnconnectedState
[ 15:19:31,238 ] Disconnected from Gameserver
[ 15:19:31,926 ] QObject::connect: Cannot connect (null)::stateChanged(QNetworkSession::State) to QNetworkReplyHttpImpl::_q_networkSessionStateChanged(QNetworkSession::State)
[ 15:24:23,751 ] QObject::connect: Cannot connect (null)::stateChanged(QNetworkSession::State) to QNetworkReplyHttpImpl::_q_networkSessionStateChanged(QNetworkSession::State)
[ 15:26:09,838 ] QObject::connect: Cannot connect (null)::stateChanged(QNetworkSession::State) to QNetworkReplyHttpImpl::_q_networkSessionStateChanged(QNetworkSession::State)
[ 15:26:12,169 ] Connection to gameserver  QUrl("tcp://oganza.ddns.net:7172")  requested (Charakter "Oganza" )
[ 15:26:12,170 ] Socket state changed  QAbstractSocket::HostLookupState
[ 15:26:12,170 ] Socket state changed  QAbstractSocket::ConnectingState
[ 15:26:12,172 ] Socket state changed  QAbstractSocket::ConnectedState
[ 15:26:12,173 ] Connected to Gameserver  "oganza.ddns.net" "Oganza"
[ 15:26:13,229 ] QObject::connect: Cannot connect (null)::stateChanged(QNetworkSession::State) to QNetworkReplyHttpImpl::_q_networkSessionStateChanged(QNetworkSession::State)
[ 15:26:13,481 ] News query failed: "Account name or password is not correct."
[ 15:26:15,435 ] QObject::connect: Cannot connect (null)::stateChanged(QNetworkSession::State) to QNetworkReplyHttpImpl::_q_networkSessionStateChanged(QNetworkSession::State)
[ 15:26:15,809 ] News query failed: "Account name or password is not correct."
[ 15:27:20,625 ] QObject::connect: Cannot connect (null)::stateChanged(QNetworkSession::State) to QNetworkReplyHttpImpl::_q_networkSessionStateChanged(QNetworkSession::State)
[ 15:27:21,000 ] Socket state changed  QAbstractSocket::ClosingState
[ 15:27:21,001 ] Socket state changed  QAbstractSocket::UnconnectedState
[ 15:27:21,001 ] Disconnected from Gameserver
[ 15:27:21,506 ] QObject::connect: Cannot connect (null)::stateChanged(QNetworkSession::State) to QNetworkReplyHttpImpl::_q_networkSessionStateChanged(QNetworkSession::State)
[ 15:27:31,731 ] Disabling Desktop GL:  GpuDescription(vendorId=0x8086, deviceId=0xa001, subSysId=0x22671019, revision=2, driver: "igdumdx32.dll", version=8.14.10.2230, "Intel(R) Graphics Media Accelerator 3150")
[ 15:27:39,555 ] Disabling Desktop GL:  GpuDescription(vendorId=0x8086, deviceId=0xa001, subSysId=0x22671019, revision=2, driver: "igdumdx32.dll", version=8.14.10.2230, "Intel(R) Graphics Media Accelerator 3150")
[ 15:27:55,675 ] QObject::connect: Cannot connect (null)::stateChanged(QNetworkSession::State) to QNetworkReplyHttpImpl::_q_networkSessionStateChanged(QNetworkSession::State)
[ 15:28:08,160 ] QObject::connect: Cannot connect (null)::stateChanged(QNetworkSession::State) to QNetworkReplyHttpImpl::_q_networkSessionStateChanged(QNetworkSession::State)
[ 15:28:30,012 ] Asset loading complete
[ 15:28:31,832 ] QObject::connect: Cannot connect (null)::stateChanged(QNetworkSession::State) to QNetworkReplyHttpImpl::_q_networkSessionStateChanged(QNetworkSession::State)
[ 15:28:44,255 ] QObject::connect: Cannot connect (null)::stateChanged(QNetworkSession::State) to QNetworkReplyHttpImpl::_q_networkSessionStateChanged(QNetworkSession::State)
[ 15:28:46,171 ] BattlEye: "Initialized (v1.243)"
[ 15:28:46,171 ] BattlEye: "Restarting client is necessary, service isn't running properly"
[ 15:28:46,171 ] BattlEye: "Restarting client is necessary, update required"
[ 15:28:46,380 ] Connection to gameserver  QUrl("tcp://oganza.ddns.net:7172")  requested (Charakter "Oganza" )
[ 15:28:46,380 ] Socket state changed  QAbstractSocket::HostLookupState
[ 15:28:46,380 ] Socket state changed  QAbstractSocket::ConnectingState
[ 15:28:46,408 ] Socket state changed  QAbstractSocket::ConnectedState
[ 15:28:46,409 ] Connected to Gameserver  "oganza.ddns.net" "Oganza"
[ 15:28:48,042 ] QObject::connect: Cannot connect (null)::stateChanged(QNetworkSession::State) to QNetworkReplyHttpImpl::_q_networkSessionStateChanged(QNetworkSession::State)
[ 15:28:48,244 ] News query failed: "Account name or password is not correct."
[ 15:28:51,147 ] QObject::connect: Cannot connect (null)::stateChanged(QNetworkSession::State) to QNetworkReplyHttpImpl::_q_networkSessionStateChanged(QNetworkSession::State)
[ 15:28:51,412 ] News query failed: "Account name or password is not correct."
[ 15:33:14,803 ] QObject::connect: Cannot connect (null)::stateChanged(QNetworkSession::State) to QNetworkReplyHttpImpl::_q_networkSessionStateChanged(QNetworkSession::State)
[ 15:34:01,635 ] QObject::connect: Cannot connect (null)::stateChanged(QNetworkSession::State) to QNetworkReplyHttpImpl::_q_networkSessionStateChanged(QNetworkSession::State)
[ 15:34:01,960 ] Socket state changed  QAbstractSocket::ClosingState
[ 15:34:01,960 ] Socket state changed  QAbstractSocket::UnconnectedState
[ 15:34:01,960 ] Disconnected from Gameserver
[ 15:34:02,748 ] QObject::connect: Cannot connect (null)::stateChanged(QNetworkSession::State) to QNetworkReplyHttpImpl::_q_networkSessionStateChanged(QNetworkSession::State)
[ 15:34:03,987 ] Connection to gameserver  QUrl("tcp://oganza.ddns.net:7172")  requested (Charakter "Oganza" )
[ 15:34:03,987 ] Socket state changed  QAbstractSocket::HostLookupState
[ 15:34:04,003 ] Socket state changed  QAbstractSocket::ConnectingState
[ 15:34:04,040 ] Socket state changed  QAbstractSocket::ConnectedState
[ 15:34:04,041 ] Connected to Gameserver  "oganza.ddns.net" "Oganza"
[ 15:34:05,025 ] QObject::connect: Cannot connect (null)::stateChanged(QNetworkSession::State) to QNetworkReplyHttpImpl::_q_networkSessionStateChanged(QNetworkSession::State)
[ 15:34:05,219 ] News query failed: "Account name or password is not correct."
[ 15:34:06,226 ] QObject::connect: Cannot connect (null)::stateChanged(QNetworkSession::State) to QNetworkReplyHttpImpl::_q_networkSessionStateChanged(QNetworkSession::State)
[ 15:34:06,250 ] QObject::connect: Cannot connect (null)::stateChanged(QNetworkSession::State) to QNetworkReplyHttpImpl::_q_networkSessionStateChanged(QNetworkSession::State)
[ 15:34:06,297 ] QObject::connect: Cannot connect (null)::stateChanged(QNetworkSession::State) to QNetworkReplyHttpImpl::_q_networkSessionStateChanged(QNetworkSession::State)
[ 15:34:06,318 ] QObject::connect: Cannot connect (null)::stateChanged(QNetworkSession::State) to QNetworkReplyHttpImpl::_q_networkSessionStateChanged(QNetworkSession::State)
[ 15:34:06,327 ] QObject::connect: Cannot connect (null)::stateChanged(QNetworkSession::State) to QNetworkReplyHttpImpl::_q_networkSessionStateChanged(QNetworkSession::State)
[ 15:34:06,346 ] QObject::connect: Cannot connect (null)::stateChanged(QNetworkSession::State) to QNetworkReplyHttpImpl::_q_networkSessionStateChanged(QNetworkSession::State)
[ 15:34:06,536 ] QObject::connect: Cannot connect (null)::stateChanged(QNetworkSession::State) to QNetworkReplyHttpImpl::_q_networkSessionStateChanged(QNetworkSession::State)
[ 15:34:06,543 ] QObject::connect: Cannot connect (null)::stateChanged(QNetworkSession::State) to QNetworkReplyHttpImpl::_q_networkSessionStateChanged(QNetworkSession::State)
[ 15:34:06,563 ] QObject::connect: Cannot connect (null)::stateChanged(QNetworkSession::State) to QNetworkReplyHttpImpl::_q_networkSessionStateChanged(QNetworkSession::State)
[ 15:34:06,570 ] QObject::connect: Cannot connect (null)::stateChanged(QNetworkSession::State) to QNetworkReplyHttpImpl::_q_networkSessionStateChanged(QNetworkSession::State)
[ 15:34:06,575 ] QObject::connect: Cannot connect (null)::stateChanged(QNetworkSession::State) to QNetworkReplyHttpImpl::_q_networkSessionStateChanged(QNetworkSession::State)
[ 15:34:06,580 ] QObject::connect: Cannot connect (null)::stateChanged(QNetworkSession::State) to QNetworkReplyHttpImpl::_q_networkSessionStateChanged(QNetworkSession::State)
[ 15:34:07,367 ] QObject::connect: Cannot connect (null)::stateChanged(QNetworkSession::State) to QNetworkReplyHttpImpl::_q_networkSessionStateChanged(QNetworkSession::State)
[ 15:34:07,372 ] QObject::connect: Cannot connect (null)::stateChanged(QNetworkSession::State) to QNetworkReplyHttpImpl::_q_networkSessionStateChanged(QNetworkSession::State)
[ 15:34:07,379 ] QObject::connect: Cannot connect (null)::stateChanged(QNetworkSession::State) to QNetworkReplyHttpImpl::_q_networkSessionStateChanged(QNetworkSession::State)
[ 15:34:07,384 ] QObject::connect: Cannot connect (null)::stateChanged(QNetworkSession::State) to QNetworkReplyHttpImpl::_q_networkSessionStateChanged(QNetworkSession::State)
[ 15:34:07,422 ] QObject::connect: Cannot connect (null)::stateChanged(QNetworkSession::State) to QNetworkReplyHttpImpl::_q_networkSessionStateChanged(QNetworkSession::State)
[ 15:34:07,428 ] QObject::connect: Cannot connect (null)::stateChanged(QNetworkSession::State) to QNetworkReplyHttpImpl::_q_networkSessionStateChanged(QNetworkSession::State)
[ 15:34:07,587 ] QObject::connect: Cannot connect (null)::stateChanged(QNetworkSession::State) to QNetworkReplyHttpImpl::_q_networkSessionStateChanged(QNetworkSession::State)
[ 15:34:07,634 ] QObject::connect: Cannot connect (null)::stateChanged(QNetworkSession::State) to QNetworkReplyHttpImpl::_q_networkSessionStateChanged(QNetworkSession::State)
[ 15:34:07,651 ] QObject::connect: Cannot connect (null)::stateChanged(QNetworkSession::State) to QNetworkReplyHttpImpl::_q_networkSessionStateChanged(QNetworkSession::State)
[ 15:34:07,667 ] QObject::connect: Cannot connect (null)::stateChanged(QNetworkSession::State) to QNetworkReplyHttpImpl::_q_networkSessionStateChanged(QNetworkSession::State)
[ 15:34:07,673 ] QObject::connect: Cannot connect (null)::stateChanged(QNetworkSession::State) to QNetworkReplyHttpImpl::_q_networkSessionStateChanged(QNetworkSession::State)
[ 15:34:11,726 ] QObject::connect: Cannot connect (null)::stateChanged(QNetworkSession::State) to QNetworkReplyHttpImpl::_q_networkSessionStateChanged(QNetworkSession::State)
[ 15:34:12,063 ] QObject::connect: Cannot connect (null)::stateChanged(QNetworkSession::State) to QNetworkReplyHttpImpl::_q_networkSessionStateChanged(QNetworkSession::State)
[ 15:34:16,245 ] QObject::connect: Cannot connect (null)::stateChanged(QNetworkSession::State) to QNetworkReplyHttpImpl::_q_networkSessionStateChanged(QNetworkSession::State)
[ 15:34:16,556 ] Socket state changed  QAbstractSocket::ClosingState
[ 15:34:16,557 ] Socket state changed  QAbstractSocket::UnconnectedState
[ 15:34:16,557 ] Disconnected from Gameserver
[ 15:34:16,985 ] QObject::connect: Cannot connect (null)::stateChanged(QNetworkSession::State) to QNetworkReplyHttpImpl::_q_networkSessionStateChanged(QNetworkSession::State)
[ 02:47:21,263 ] Disabling Desktop GL:  GpuDescription(vendorId=0x8086, deviceId=0xa001, subSysId=0x22671019, revision=2, driver: "igdumdx32.dll", version=8.14.10.2230, "Intel(R) Graphics Media Accelerator 3150")
[ 02:47:40,186 ] QObject::connect: Cannot connect (null)::stateChanged(QNetworkSession::State) to QNetworkReplyHttpImpl::_q_networkSessionStateChanged(QNetworkSession::State)
[ 02:48:03,682 ] Asset loading complete
[ 02:48:05,132 ] QObject::connect: Cannot connect (null)::stateChanged(QNetworkSession::State) to QNetworkReplyHttpImpl::_q_networkSessionStateChanged(QNetworkSession::State)
[ 02:48:13,915 ] QObject::connect: Cannot connect (null)::stateChanged(QNetworkSession::State) to QNetworkReplyHttpImpl::_q_networkSessionStateChanged(QNetworkSession::State)
[ 02:48:15,757 ] BattlEye: "Initialized (v1.243)"
[ 02:48:15,757 ] BattlEye: "Restarting client is necessary, service isn't running properly"
[ 02:48:15,757 ] BattlEye: "Restarting client is necessary, update required"
[ 02:48:15,961 ] Connection to gameserver  QUrl("tcp://oganza.ddns.net:7172")  requested (Charakter "Oganza" )
[ 02:48:15,961 ] Socket state changed  QAbstractSocket::HostLookupState
[ 02:48:15,961 ] Socket state changed  QAbstractSocket::ConnectingState
[ 02:48:15,990 ] Socket state changed  QAbstractSocket::ConnectedState
[ 02:48:15,990 ] Connected to Gameserver  "oganza.ddns.net" "Oganza"
[ 17:00:21,225 ] Disabling Desktop GL:  GpuDescription(vendorId=0x8086, deviceId=0xa001, subSysId=0x22671019, revision=2, driver: "igdumdx32.dll", version=8.14.10.2230, "Intel(R) Graphics Media Accelerator 3150")
[ 17:00:25,031 ] QObject::connect: Cannot connect (null)::stateChanged(QNetworkSession::State) to QNetworkReplyHttpImpl::_q_networkSessionStateChanged(QNetworkSession::State)
[ 17:00:30,225 ] Asset loading complete
[ 17:00:31,691 ] QObject::connect: Cannot connect (null)::stateChanged(QNetworkSession::State) to QNetworkReplyHttpImpl::_q_networkSessionStateChanged(QNetworkSession::State)
[ 18:04:53,700 ] Disabling Desktop GL:  GpuDescription(vendorId=0x8086, deviceId=0xa001, subSysId=0x22671019, revision=2, driver: "igdumdx32.dll", version=8.14.10.2230, "Intel(R) Graphics Media Accelerator 3150")
[ 18:04:58,663 ] QObject::connect: Cannot connect (null)::stateChanged(QNetworkSession::State) to QNetworkReplyHttpImpl::_q_networkSessionStateChanged(QNetworkSession::State)
[ 18:05:01,094 ] Asset loading complete
[ 18:05:02,417 ] QObject::connect: Cannot connect (null)::stateChanged(QNetworkSession::State) to QNetworkReplyHttpImpl::_q_networkSessionStateChanged(QNetworkSession::State)
[ 23:03:19,468 ] Disabling Desktop GL:  GpuDescription(vendorId=0x8086, deviceId=0x102, subSysId=-0x7bb2efbd, revision=9, driver: "igdumd32.dll", version=9.17.10.4459, "Intel(R) HD Graphics")
[ 23:03:23,389 ] QObject::connect: Cannot connect (null)::stateChanged(QNetworkSession::State) to QNetworkReplyHttpImpl::_q_networkSessionStateChanged(QNetworkSession::State)
[ 23:03:28,257 ] QObject::connect: Cannot connect (null)::stateChanged(QNetworkSession::State) to QNetworkReplyHttpImpl::_q_networkSessionStateChanged(QNetworkSession::State)
[ 23:03:33,746 ] QObject::connect: Cannot connect (null)::stateChanged(QNetworkSession::State) to QNetworkReplyHttpImpl::_q_networkSessionStateChanged(QNetworkSession::State)
[ 23:03:44,416 ] QObject::connect: Cannot connect (null)::stateChanged(QNetworkSession::State) to QNetworkReplyHttpImpl::_q_networkSessionStateChanged(QNetworkSession::State)
[ 23:03:50,467 ] BattlEye: "Initialized (v1.243)"
[ 23:03:50,467 ] BattlEye: "Restarting client is necessary, service isn't running properly"
[ 23:03:50,467 ] BattlEye: "Restarting client is necessary, update required"
[ 23:03:51,547 ] Connection to gameserver  QUrl("tcp://127.0.0.1:7172")  requested (Charakter "Community Manager" )
[ 23:03:51,547 ] Socket state changed  QAbstractSocket::HostLookupState
[ 23:03:51,547 ] Socket state changed  QAbstractSocket::ConnectingState
[ 23:03:51,567 ] Socket state changed  QAbstractSocket::ConnectedState
[ 23:03:51,568 ] Connected to Gameserver  "127.0.0.1" "Valhala"
[ 23:03:53,064 ] QObject::connect: Cannot connect (null)::stateChanged(QNetworkSession::State) to QNetworkReplyHttpImpl::_q_networkSessionStateChanged(QNetworkSession::State)
[ 23:03:53,262 ] News query failed: "Failed to get account. Try again!"
[ 23:04:57,601 ] Disabling Desktop GL:  GpuDescription(vendorId=0x8086, deviceId=0x102, subSysId=-0x7bb2efbd, revision=9, driver: "igdumd32.dll", version=9.17.10.4459, "Intel(R) HD Graphics")
[ 23:04:59,510 ] QObject::connect: Cannot connect (null)::stateChanged(QNetworkSession::State) to QNetworkReplyHttpImpl::_q_networkSessionStateChanged(QNetworkSession::State)
[ 23:05:00,266 ] QObject::connect: Cannot connect (null)::stateChanged(QNetworkSession::State) to QNetworkReplyHttpImpl::_q_networkSessionStateChanged(QNetworkSession::State)
[ 23:05:31,861 ] Asset loading complete
[ 23:05:40,057 ] QObject::connect: Cannot connect (null)::stateChanged(QNetworkSession::State) to QNetworkReplyHttpImpl::_q_networkSessionStateChanged(QNetworkSession::State)
[ 23:05:43,247 ] BattlEye: "Initialized (v1.243)"
[ 23:05:43,247 ] BattlEye: "Restarting client is necessary, service isn't running properly"
[ 23:05:43,247 ] BattlEye: "Restarting client is necessary, update required"
[ 23:05:43,302 ] Connection to gameserver  QUrl("tcp://127.0.0.1:7172")  requested (Charakter "Community Manager" )
[ 23:05:43,302 ] Socket state changed  QAbstractSocket::HostLookupState
[ 23:05:43,302 ] Socket state changed  QAbstractSocket::ConnectingState
[ 23:05:43,323 ] Socket state changed  QAbstractSocket::ConnectedState
[ 23:05:43,323 ] Connected to Gameserver  "127.0.0.1" "Valhala"
[ 23:05:44,333 ] QObject::connect: Cannot connect (null)::stateChanged(QNetworkSession::State) to QNetworkReplyHttpImpl::_q_networkSessionStateChanged(QNetworkSession::State)
[ 23:05:44,384 ] News query failed: "Failed to get account. Try again!"
[ 23:08:23,148 ] Disabling Desktop GL:  GpuDescription(vendorId=0x8086, deviceId=0x102, subSysId=-0x7bb2efbd, revision=9, driver: "igdumd32.dll", version=9.17.10.4459, "Intel(R) HD Graphics")
[ 23:08:25,142 ] QObject::connect: Cannot connect (null)::stateChanged(QNetworkSession::State) to QNetworkReplyHttpImpl::_q_networkSessionStateChanged(QNetworkSession::State)
[ 23:08:25,966 ] QObject::connect: Cannot connect (null)::stateChanged(QNetworkSession::State) to QNetworkReplyHttpImpl::_q_networkSessionStateChanged(QNetworkSession::State)
[ 23:08:30,480 ] QObject::connect: Cannot connect (null)::stateChanged(QNetworkSession::State) to QNetworkReplyHttpImpl::_q_networkSessionStateChanged(QNetworkSession::State)
[ 23:08:33,652 ] BattlEye: "Initialized (v1.243)"
[ 23:08:33,652 ] BattlEye: "Restarting client is necessary, service isn't running properly"
[ 23:08:33,652 ] BattlEye: "Restarting client is necessary, update required"
[ 23:08:33,714 ] Connection to gameserver  QUrl("tcp://127.0.0.1:7172")  requested (Charakter "Community Manager" )
[ 23:08:33,714 ] Socket state changed  QAbstractSocket::HostLookupState
[ 23:08:33,714 ] Socket state changed  QAbstractSocket::ConnectingState
[ 23:08:33,731 ] Socket state changed  QAbstractSocket::ConnectedState
[ 23:08:33,732 ] Connected to Gameserver  "127.0.0.1" "Valhala"
[ 23:08:34,737 ] QObject::connect: Cannot connect (null)::stateChanged(QNetworkSession::State) to QNetworkReplyHttpImpl::_q_networkSessionStateChanged(QNetworkSession::State)
[ 23:08:34,788 ] News query failed: "Failed to get account. Try again!"
[ 23:09:03,285 ] Asset loading complete
[ 23:10:11,243 ] Disabling Desktop GL:  GpuDescription(vendorId=0x8086, deviceId=0x102, subSysId=-0x7bb2efbd, revision=9, driver: "igdumd32.dll", version=9.17.10.4459, "Intel(R) HD Graphics")
[ 23:10:13,283 ] QObject::connect: Cannot connect (null)::stateChanged(QNetworkSession::State) to QNetworkReplyHttpImpl::_q_networkSessionStateChanged(QNetworkSession::State)
[ 23:10:13,919 ] Asset loading complete
[ 23:10:14,178 ] QObject::connect: Cannot connect (null)::stateChanged(QNetworkSession::State) to QNetworkReplyHttpImpl::_q_networkSessionStateChanged(QNetworkSession::State)
[ 23:10:18,710 ] QObject::connect: Cannot connect (null)::stateChanged(QNetworkSession::State) to QNetworkReplyHttpImpl::_q_networkSessionStateChanged(QNetworkSession::State)
[ 23:10:22,050 ] BattlEye: "Initialized (v1.243)"
[ 23:10:22,050 ] BattlEye: "Restarting client is necessary, service isn't running properly"
[ 23:10:22,050 ] BattlEye: "Restarting client is necessary, update required"
[ 23:10:22,105 ] Connection to gameserver  QUrl("tcp://127.0.0.1:7172")  requested (Charakter "Community Manager" )
[ 23:10:22,105 ] Socket state changed  QAbstractSocket::HostLookupState
[ 23:10:22,105 ] Socket state changed  QAbstractSocket::ConnectingState
[ 23:10:22,122 ] Socket state changed  QAbstractSocket::ConnectedState
[ 23:10:22,122 ] Connected to Gameserver  "127.0.0.1" "Valhala"
[ 23:10:23,121 ] QObject::connect: Cannot connect (null)::stateChanged(QNetworkSession::State) to QNetworkReplyHttpImpl::_q_networkSessionStateChanged(QNetworkSession::State)
[ 23:10:23,204 ] News query failed: "Failed to get account. Try again!"
[ 23:11:09,792 ] Disabling Desktop GL:  GpuDescription(vendorId=0x8086, deviceId=0x102, subSysId=-0x7bb2efbd, revision=9, driver: "igdumd32.dll", version=9.17.10.4459, "Intel(R) HD Graphics")
[ 23:11:11,790 ] QObject::connect: Cannot connect (null)::stateChanged(QNetworkSession::State) to QNetworkReplyHttpImpl::_q_networkSessionStateChanged(QNetworkSession::State)
[ 23:11:12,653 ] Asset loading complete
[ 23:11:12,731 ] QObject::connect: Cannot connect (null)::stateChanged(QNetworkSession::State) to QNetworkReplyHttpImpl::_q_networkSessionStateChanged(QNetworkSession::State)
[ 23:11:17,037 ] QObject::connect: Cannot connect (null)::stateChanged(QNetworkSession::State) to QNetworkReplyHttpImpl::_q_networkSessionStateChanged(QNetworkSession::State)
[ 23:11:19,560 ] BattlEye: "Initialized (v1.243)"
[ 23:11:19,560 ] BattlEye: "Restarting client is necessary, service isn't running properly"
[ 23:11:19,560 ] BattlEye: "Restarting client is necessary, update required"
[ 23:11:19,615 ] Connection to gameserver  QUrl("tcp://127.0.0.1:7172")  requested (Charakter "Community Manager" )
[ 23:11:19,615 ] Socket state changed  QAbstractSocket::HostLookupState
[ 23:11:19,615 ] Socket state changed  QAbstractSocket::ConnectingState
[ 23:11:20,633 ] QObject::connect: Cannot connect (null)::stateChanged(QNetworkSession::State) to QNetworkReplyHttpImpl::_q_networkSessionStateChanged(QNetworkSession::State)
[ 23:11:20,700 ] News query failed: "Failed to get account. Try again!"
[ 23:11:22,336 ] Socket state changed  QAbstractSocket::ConnectedState
[ 23:11:22,337 ] Connected to Gameserver  "127.0.0.1" "Valhala"
[ 23:11:42,571 ] Disabling Desktop GL:  GpuDescription(vendorId=0x8086, deviceId=0x102, subSysId=-0x7bb2efbd, revision=9, driver: "igdumd32.dll", version=9.17.10.4459, "Intel(R) HD Graphics")
[ 23:11:45,022 ] QObject::connect: Cannot connect (null)::stateChanged(QNetworkSession::State) to QNetworkReplyHttpImpl::_q_networkSessionStateChanged(QNetworkSession::State)
[ 23:11:46,013 ] Asset loading complete
[ 23:11:46,388 ] QObject::connect: Cannot connect (null)::stateChanged(QNetworkSession::State) to QNetworkReplyHttpImpl::_q_networkSessionStateChanged(QNetworkSession::State)
[ 23:12:00,413 ] QObject::connect: Cannot connect (null)::stateChanged(QNetworkSession::State) to QNetworkReplyHttpImpl::_q_networkSessionStateChanged(QNetworkSession::State)
[ 23:12:04,902 ] QObject::connect: Cannot connect (null)::stateChanged(QNetworkSession::State) to QNetworkReplyHttpImpl::_q_networkSessionStateChanged(QNetworkSession::State)
[ 23:12:06,777 ] BattlEye: "Initialized (v1.243)"
[ 23:12:06,777 ] BattlEye: "Restarting client is necessary, service isn't running properly"
[ 23:12:06,777 ] BattlEye: "Restarting client is necessary, update required"
[ 23:12:06,822 ] Connection to gameserver  QUrl("tcp://127.0.0.1:7172")  requested (Charakter "Community Manager" )
[ 23:12:06,822 ] Socket state changed  QAbstractSocket::HostLookupState
[ 23:12:06,822 ] Socket state changed  QAbstractSocket::ConnectingState
[ 23:12:06,838 ] Socket state changed  QAbstractSocket::ConnectedState
[ 23:12:06,839 ] Connected to Gameserver  "127.0.0.1" "Valhala"
[ 23:12:07,846 ] QObject::connect: Cannot connect (null)::stateChanged(QNetworkSession::State) to QNetworkReplyHttpImpl::_q_networkSessionStateChanged(QNetworkSession::State)
[ 23:12:07,897 ] News query failed: "Failed to get account. Try again!"
[ 23:12:20,234 ] Disabling Desktop GL:  GpuDescription(vendorId=0x8086, deviceId=0x102, subSysId=-0x7bb2efbd, revision=9, driver: "igdumd32.dll", version=9.17.10.4459, "Intel(R) HD Graphics")
[ 23:12:22,095 ] QObject::connect: Cannot connect (null)::stateChanged(QNetworkSession::State) to QNetworkReplyHttpImpl::_q_networkSessionStateChanged(QNetworkSession::State)
[ 23:12:22,939 ] QObject::connect: Cannot connect (null)::stateChanged(QNetworkSession::State) to QNetworkReplyHttpImpl::_q_networkSessionStateChanged(QNetworkSession::State)
[ 23:12:36,149 ] QObject::connect: Cannot connect (null)::stateChanged(QNetworkSession::State) to QNetworkReplyHttpImpl::_q_networkSessionStateChanged(QNetworkSession::State)
[ 23:12:38,261 ] BattlEye: "Initialized (v1.243)"
[ 23:12:38,291 ] BattlEye: "Restarting client is necessary, service isn't running properly"
[ 23:12:38,291 ] BattlEye: "Restarting client is necessary, update required"
[ 23:12:38,369 ] Connection to gameserver  QUrl("tcp://127.0.0.1:7172")  requested (Charakter "Community Manager" )
[ 23:12:38,369 ] Socket state changed  QAbstractSocket::HostLookupState
[ 23:12:38,369 ] Socket state changed  QAbstractSocket::ConnectingState
[ 23:12:39,399 ] QObject::connect: Cannot connect (null)::stateChanged(QNetworkSession::State) to QNetworkReplyHttpImpl::_q_networkSessionStateChanged(QNetworkSession::State)
[ 23:12:39,466 ] News query failed: "Failed to get account. Try again!"
[ 23:12:40,385 ] Socket state changed  QAbstractSocket::UnconnectedState
[ 23:12:41,669 ] Connection to gameserver  QUrl("tcp://127.0.0.1:7172")  requested (Charakter "Community Manager" )
[ 23:12:41,669 ] Socket state changed  QAbstractSocket::HostLookupState
[ 23:12:41,669 ] Socket state changed  QAbstractSocket::ConnectingState
[ 23:12:42,705 ] QObject::connect: Cannot connect (null)::stateChanged(QNetworkSession::State) to QNetworkReplyHttpImpl::_q_networkSessionStateChanged(QNetworkSession::State)
[ 23:12:42,755 ] News query failed: "Failed to get account. Try again!"
[ 23:12:43,691 ] Socket state changed  QAbstractSocket::UnconnectedState
[ 23:12:44,869 ] Connection to gameserver  QUrl("tcp://127.0.0.1:7172")  requested (Charakter "Community Manager" )
[ 23:12:44,869 ] Socket state changed  QAbstractSocket::HostLookupState
[ 23:12:44,869 ] Socket state changed  QAbstractSocket::ConnectingState
[ 23:12:45,910 ] QObject::connect: Cannot connect (null)::stateChanged(QNetworkSession::State) to QNetworkReplyHttpImpl::_q_networkSessionStateChanged(QNetworkSession::State)
[ 23:12:45,960 ] News query failed: "Failed to get account. Try again!"
[ 23:12:46,896 ] Socket state changed  QAbstractSocket::UnconnectedState
[ 23:12:48,156 ] Connection to gameserver  QUrl("tcp://127.0.0.1:7172")  requested (Charakter "Community Manager" )
[ 23:12:48,156 ] Socket state changed  QAbstractSocket::HostLookupState
[ 23:12:48,156 ] Socket state changed  QAbstractSocket::ConnectingState
[ 23:12:49,166 ] Didn't send news query with params ( 0 0 ) (URL: QUrl("http://127.0.0.1/login.php") ) due to too many retries.
[ 23:12:50,184 ] Socket state changed  QAbstractSocket::UnconnectedState
[ 23:12:52,514 ] Connection to gameserver  QUrl("tcp://127.0.0.1:7172")  requested (Charakter "Community Manager" )
[ 23:12:52,514 ] Socket state changed  QAbstractSocket::HostLookupState
[ 23:12:52,514 ] Socket state changed  QAbstractSocket::ConnectingState
[ 23:12:53,524 ] Didn't send news query with params ( 0 0 ) (URL: QUrl("http://127.0.0.1/login.php") ) due to too many retries.
[ 23:12:54,525 ] Socket state changed  QAbstractSocket::UnconnectedState
[ 23:12:59,018 ] Connection to gameserver  QUrl("tcp://127.0.0.1:7172")  requested (Charakter "Community Manager" )
[ 23:12:59,019 ] Socket state changed  QAbstractSocket::HostLookupState
[ 23:12:59,019 ] Socket state changed  QAbstractSocket::ConnectingState
[ 23:13:00,036 ] Didn't send news query with params ( 0 0 ) (URL: QUrl("http://127.0.0.1/login.php") ) due to too many retries.
[ 23:13:01,053 ] Socket state changed  QAbstractSocket::UnconnectedState
[ 23:13:06,606 ] Connection to gameserver  QUrl("tcp://127.0.0.1:7172")  requested (Charakter "Community Manager" )
[ 23:13:06,606 ] Socket state changed  QAbstractSocket::HostLookupState
[ 23:13:06,606 ] Socket state changed  QAbstractSocket::ConnectingState
[ 23:13:07,615 ] Didn't send news query with params ( 0 0 ) (URL: QUrl("http://127.0.0.1/login.php") ) due to too many retries.
[ 23:13:08,617 ] Socket state changed  QAbstractSocket::UnconnectedState
[ 23:13:11,348 ] Asset loading complete
[ 23:13:14,187 ] Connection to gameserver  QUrl("tcp://127.0.0.1:7172")  requested (Charakter "Community Manager" )
[ 23:13:14,187 ] Socket state changed  QAbstractSocket::HostLookupState
[ 23:13:14,187 ] Socket state changed  QAbstractSocket::ConnectingState
[ 23:13:15,210 ] Didn't send news query with params ( 0 0 ) (URL: QUrl("http://127.0.0.1/login.php") ) due to too many retries.
[ 23:13:16,213 ] Socket state changed  QAbstractSocket::UnconnectedState
[ 23:13:21,766 ] Connection to gameserver  QUrl("tcp://127.0.0.1:7172")  requested (Charakter "Community Manager" )
[ 23:13:21,767 ] Socket state changed  QAbstractSocket::HostLookupState
[ 23:13:21,767 ] Socket state changed  QAbstractSocket::ConnectingState
[ 23:13:21,781 ] Socket state changed  QAbstractSocket::ConnectedState
[ 23:13:21,781 ] Connected to Gameserver  "127.0.0.1" "Valhala"
[ 23:13:22,774 ] Didn't send news query with params ( 0 0 ) (URL: QUrl("http://127.0.0.1/login.php") ) due to too many retries.
[ 23:14:09,431 ] Disabling Desktop GL:  GpuDescription(vendorId=0x8086, deviceId=0x102, subSysId=-0x7bb2efbd, revision=9, driver: "igdumd32.dll", version=9.17.10.4459, "Intel(R) HD Graphics")
[ 23:14:11,348 ] QObject::connect: Cannot connect (null)::stateChanged(QNetworkSession::State) to QNetworkReplyHttpImpl::_q_networkSessionStateChanged(QNetworkSession::State)
[ 23:14:12,599 ] QObject::connect: Cannot connect (null)::stateChanged(QNetworkSession::State) to QNetworkReplyHttpImpl::_q_networkSessionStateChanged(QNetworkSession::State)
[ 23:14:15,070 ] QObject::connect: Cannot connect (null)::stateChanged(QNetworkSession::State) to QNetworkReplyHttpImpl::_q_networkSessionStateChanged(QNetworkSession::State)
[ 23:14:21,187 ] BattlEye: "Initialized (v1.243)"
[ 23:14:21,188 ] BattlEye: "Restarting client is necessary, service isn't running properly"
[ 23:14:21,188 ] BattlEye: "Restarting client is necessary, update required"
[ 23:14:21,251 ] Connection to gameserver  QUrl("tcp://127.0.0.1:7172")  requested (Charakter "Community Manager" )
[ 23:14:21,251 ] Socket state changed  QAbstractSocket::HostLookupState
[ 23:14:21,251 ] Socket state changed  QAbstractSocket::ConnectingState
[ 23:14:21,270 ] Socket state changed  QAbstractSocket::ConnectedState
[ 23:14:21,270 ] Connected to Gameserver  "127.0.0.1" "Valhala"
[ 23:14:22,290 ] QObject::connect: Cannot connect (null)::stateChanged(QNetworkSession::State) to QNetworkReplyHttpImpl::_q_networkSessionStateChanged(QNetworkSession::State)
[ 23:14:22,357 ] News query failed: "Failed to get account. Try again!"
[ 23:15:08,066 ] Disabling Desktop GL:  GpuDescription(vendorId=0x8086, deviceId=0x102, subSysId=-0x7bb2efbd, revision=9, driver: "igdumd32.dll", version=9.17.10.4459, "Intel(R) HD Graphics")
[ 23:15:10,255 ] QObject::connect: Cannot connect (null)::stateChanged(QNetworkSession::State) to QNetworkReplyHttpImpl::_q_networkSessionStateChanged(QNetworkSession::State)
[ 23:15:11,169 ] QObject::connect: Cannot connect (null)::stateChanged(QNetworkSession::State) to QNetworkReplyHttpImpl::_q_networkSessionStateChanged(QNetworkSession::State)
[ 23:15:14,151 ] Asset loading complete
[ 23:15:15,284 ] QObject::connect: Cannot connect (null)::stateChanged(QNetworkSession::State) to QNetworkReplyHttpImpl::_q_networkSessionStateChanged(QNetworkSession::State)
[ 23:15:17,490 ] BattlEye: "Initialized (v1.243)"
[ 23:15:17,490 ] BattlEye: "Restarting client is necessary, service isn't running properly"
[ 23:15:17,490 ] BattlEye: "Restarting client is necessary, update required"
[ 23:15:17,548 ] Connection to gameserver  QUrl("tcp://127.0.0.1:7172")  requested (Charakter "Community Manager" )
[ 23:15:17,548 ] Socket state changed  QAbstractSocket::HostLookupState
[ 23:15:17,548 ] Socket state changed  QAbstractSocket::ConnectingState
[ 23:15:17,555 ] Socket state changed  QAbstractSocket::ConnectedState
[ 23:15:17,555 ] Connected to Gameserver  "127.0.0.1" "Valhala"
[ 23:15:18,585 ] QObject::connect: Cannot connect (null)::stateChanged(QNetworkSession::State) to QNetworkReplyHttpImpl::_q_networkSessionStateChanged(QNetworkSession::State)
[ 23:15:18,636 ] News query failed: "Failed to get account. Try again!"
[ 23:15:44,905 ] Disabling Desktop GL:  GpuDescription(vendorId=0x8086, deviceId=0x102, subSysId=-0x7bb2efbd, revision=9, driver: "igdumd32.dll", version=9.17.10.4459, "Intel(R) HD Graphics")
[ 23:15:47,084 ] QObject::connect: Cannot connect (null)::stateChanged(QNetworkSession::State) to QNetworkReplyHttpImpl::_q_networkSessionStateChanged(QNetworkSession::State)
[ 23:15:47,980 ] Asset loading complete
[ 23:15:48,274 ] QObject::connect: Cannot connect (null)::stateChanged(QNetworkSession::State) to QNetworkReplyHttpImpl::_q_networkSessionStateChanged(QNetworkSession::State)
[ 23:15:52,916 ] QObject::connect: Cannot connect (null)::stateChanged(QNetworkSession::State) to QNetworkReplyHttpImpl::_q_networkSessionStateChanged(QNetworkSession::State)
[ 23:15:55,666 ] BattlEye: "Initialized (v1.243)"
[ 23:15:55,666 ] BattlEye: "Restarting client is necessary, service isn't running properly"
[ 23:15:55,666 ] BattlEye: "Restarting client is necessary, update required"
[ 23:15:55,720 ] Connection to gameserver  QUrl("tcp://127.0.0.1:7172")  requested (Charakter "Community Manager" )
[ 23:15:55,720 ] Socket state changed  QAbstractSocket::HostLookupState
[ 23:15:55,720 ] Socket state changed  QAbstractSocket::ConnectingState
[ 23:15:55,742 ] Socket state changed  QAbstractSocket::ConnectedState
[ 23:15:55,742 ] Connected to Gameserver  "127.0.0.1" "Valhala"
[ 23:15:56,766 ] QObject::connect: Cannot connect (null)::stateChanged(QNetworkSession::State) to QNetworkReplyHttpImpl::_q_networkSessionStateChanged(QNetworkSession::State)
[ 23:15:56,833 ] News query failed: "Failed to get account. Try again!"
[ 23:16:07,146 ] Disabling Desktop GL:  GpuDescription(vendorId=0x8086, deviceId=0x102, subSysId=-0x7bb2efbd, revision=9, driver: "igdumd32.dll", version=9.17.10.4459, "Intel(R) HD Graphics")
[ 23:16:09,332 ] QObject::connect: Cannot connect (null)::stateChanged(QNetworkSession::State) to QNetworkReplyHttpImpl::_q_networkSessionStateChanged(QNetworkSession::State)
[ 23:16:10,085 ] Asset loading complete
[ 23:16:10,382 ] QObject::connect: Cannot connect (null)::stateChanged(QNetworkSession::State) to QNetworkReplyHttpImpl::_q_networkSessionStateChanged(QNetworkSession::State)
[ 23:16:24,812 ] QObject::connect: Cannot connect (null)::stateChanged(QNetworkSession::State) to QNetworkReplyHttpImpl::_q_networkSessionStateChanged(QNetworkSession::State)
[ 23:16:26,928 ] BattlEye: "Initialized (v1.243)"
[ 23:16:26,928 ] BattlEye: "Restarting client is necessary, service isn't running properly"
[ 23:16:26,928 ] BattlEye: "Restarting client is necessary, update required"
[ 23:16:26,991 ] Connection to gameserver  QUrl("tcp://127.0.0.1:7172")  requested (Charakter "Community Manager" )
[ 23:16:26,992 ] Socket state changed  QAbstractSocket::HostLookupState
[ 23:16:26,992 ] Socket state changed  QAbstractSocket::ConnectingState
[ 23:16:27,018 ] Socket state changed  QAbstractSocket::ConnectedState
[ 23:16:27,018 ] Connected to Gameserver  "127.0.0.1" "Valhala"
[ 23:16:28,020 ] QObject::connect: Cannot connect (null)::stateChanged(QNetworkSession::State) to QNetworkReplyHttpImpl::_q_networkSessionStateChanged(QNetworkSession::State)
[ 23:16:28,069 ] News query failed: "Failed to get account. Try again!"
[ 23:16:52,886 ] Disabling Desktop GL:  GpuDescription(vendorId=0x8086, deviceId=0x102, subSysId=-0x7bb2efbd, revision=9, driver: "igdumd32.dll", version=9.17.10.4459, "Intel(R) HD Graphics")
[ 23:16:54,793 ] QObject::connect: Cannot connect (null)::stateChanged(QNetworkSession::State) to QNetworkReplyHttpImpl::_q_networkSessionStateChanged(QNetworkSession::State)
[ 23:16:55,629 ] QObject::connect: Cannot connect (null)::stateChanged(QNetworkSession::State) to QNetworkReplyHttpImpl::_q_networkSessionStateChanged(QNetworkSession::State)
[ 23:17:35,404 ] QObject::connect: Cannot connect (null)::stateChanged(QNetworkSession::State) to QNetworkReplyHttpImpl::_q_networkSessionStateChanged(QNetworkSession::State)
[ 23:17:36,249 ] Asset loading complete
[ 23:17:37,787 ] BattlEye: "Initialized (v1.243)"
[ 23:17:37,787 ] BattlEye: "Restarting client is necessary, service isn't running properly"
[ 23:17:37,788 ] BattlEye: "Restarting client is necessary, update required"
[ 23:17:37,845 ] Connection to gameserver  QUrl("tcp://127.0.0.1:7172")  requested (Charakter "Community Manager" )
[ 23:17:37,845 ] Socket state changed  QAbstractSocket::HostLookupState
[ 23:17:37,845 ] Socket state changed  QAbstractSocket::ConnectingState
[ 23:17:38,871 ] QObject::connect: Cannot connect (null)::stateChanged(QNetworkSession::State) to QNetworkReplyHttpImpl::_q_networkSessionStateChanged(QNetworkSession::State)
[ 23:17:38,937 ] News query failed: "Failed to get account. Try again!"
[ 23:17:39,857 ] Socket state changed  QAbstractSocket::UnconnectedState
[ 23:17:41,084 ] Connection to gameserver  QUrl("tcp://127.0.0.1:7172")  requested (Charakter "Community Manager" )
[ 23:17:41,084 ] Socket state changed  QAbstractSocket::HostLookupState
[ 23:17:41,084 ] Socket state changed  QAbstractSocket::ConnectingState
[ 23:17:42,110 ] QObject::connect: Cannot connect (null)::stateChanged(QNetworkSession::State) to QNetworkReplyHttpImpl::_q_networkSessionStateChanged(QNetworkSession::State)
[ 23:17:42,177 ] News query failed: "Failed to get account. Try again!"
[ 23:17:43,112 ] Socket state changed  QAbstractSocket::UnconnectedState
[ 23:17:44,304 ] Connection to gameserver  QUrl("tcp://127.0.0.1:7172")  requested (Charakter "Community Manager" )
[ 23:17:44,304 ] Socket state changed  QAbstractSocket::HostLookupState
[ 23:17:44,304 ] Socket state changed  QAbstractSocket::ConnectingState
[ 23:17:45,332 ] QObject::connect: Cannot connect (null)::stateChanged(QNetworkSession::State) to QNetworkReplyHttpImpl::_q_networkSessionStateChanged(QNetworkSession::State)
[ 23:17:45,382 ] News query failed: "Failed to get account. Try again!"
[ 23:17:46,333 ] Socket state changed  QAbstractSocket::UnconnectedState
[ 23:17:47,508 ] Connection to gameserver  QUrl("tcp://127.0.0.1:7172")  requested (Charakter "Community Manager" )
[ 23:17:47,508 ] Socket state changed  QAbstractSocket::HostLookupState
[ 23:17:47,508 ] Socket state changed  QAbstractSocket::ConnectingState
[ 23:17:48,520 ] Didn't send news query with params ( 0 0 ) (URL: QUrl("http://127.0.0.1/login.php") ) due to too many retries.
[ 23:17:49,539 ] Socket state changed  QAbstractSocket::UnconnectedState
[ 23:17:51,841 ] Connection to gameserver  QUrl("tcp://127.0.0.1:7172")  requested (Charakter "Community Manager" )
[ 23:17:51,841 ] Socket state changed  QAbstractSocket::HostLookupState
[ 23:17:51,841 ] Socket state changed  QAbstractSocket::ConnectingState
[ 23:17:51,851 ] Socket state changed  QAbstractSocket::ConnectedState
[ 23:17:51,851 ] Connected to Gameserver  "127.0.0.1" "Valhala"
[ 23:17:52,836 ] Didn't send news query with params ( 0 0 ) (URL: QUrl("http://127.0.0.1/login.php") ) due to too many retries.
[ 23:17:55,350 ] QObject::connect: Cannot connect (null)::stateChanged(QNetworkSession::State) to QNetworkReplyHttpImpl::_q_networkSessionStateChanged(QNetworkSession::State)
[ 23:17:55,372 ] QObject::connect: Cannot connect (null)::stateChanged(QNetworkSession::State) to QNetworkReplyHttpImpl::_q_networkSessionStateChanged(QNetworkSession::State)
[ 23:17:55,583 ] QObject::connect: Cannot connect (null)::stateChanged(QNetworkSession::State) to QNetworkReplyHttpImpl::_q_networkSessionStateChanged(QNetworkSession::State)
[ 23:20:04,400 ] Disabling Desktop GL:  GpuDescription(vendorId=0x8086, deviceId=0x102, subSysId=-0x7bb2efbd, revision=9, driver: "igdumd32.dll", version=9.17.10.4459, "Intel(R) HD Graphics")
[ 23:20:04,931 ] "Failed to load asset 'sprites-d60489da86afea5c6f5d8a66745f83bdee4f589996b3179bf024e75e47ecdb5e.bmp.lzma': I/O error on file C:/Users/guilh/Desktop/Tibia 11.44.5516/assets/sprites-d60489da86afea5c6f5d8a66745f83bdee4f589996b3179bf024e75e47ecdb5e.bmp.lzma: No such file or directory"
[ 23:20:05,050 ] Update failed. Please reinstall Tibia to update your client.
[ 23:20:05,050 ] "Failed to load asset 'sprites-6bb758224b69df67672b4b30d24dda13049b2298102db106a97dc0b4c769b56a.bmp.lzma': I/O error on file C:/Users/guilh/Desktop/Tibia 11.44.5516/assets/sprites-6bb758224b69df67672b4b30d24dda13049b2298102db106a97dc0b4c769b56a.bmp.lzma: No such file or directory"
[ 23:20:05,051 ] Update failed. Please reinstall Tibia to update your client.
[ 23:20:05,645 ] "Failed to load asset 'sprites-90662294800601054f57e2aef19ef64391bf59535d69d41cdcd5b02ec0c07b6a.bmp.lzma': I/O error on file C:/Users/guilh/Desktop/Tibia 11.44.5516/assets/sprites-90662294800601054f57e2aef19ef64391bf59535d69d41cdcd5b02ec0c07b6a.bmp.lzma: No such file or directory"
[ 23:20:05,646 ] Update failed. Please reinstall Tibia to update your client.
[ 23:20:05,646 ] "Failed to load asset 'sprites-ba1e5a44dbb573c6b36d171f35fd32fe50703b8d47dc998e6bb0d0f88bd416f6.bmp.lzma': I/O error on file C:/Users/guilh/Desktop/Tibia 11.44.5516/assets/sprites-ba1e5a44dbb573c6b36d171f35fd32fe50703b8d47dc998e6bb0d0f88bd416f6.bmp.lzma: No such file or directory"
[ 23:20:05,647 ] Update failed. Please reinstall Tibia to update your client.
[ 23:20:05,647 ] "Failed to load asset 'sprites-dcac13ce3e1c99eaebd5c4833b1614b44e501862a13a656d15435f39e3be3aaf.bmp.lzma': I/O error on file C:/Users/guilh/Desktop/Tibia 11.44.5516/assets/sprites-dcac13ce3e1c99eaebd5c4833b1614b44e501862a13a656d15435f39e3be3aaf.bmp.lzma: No such file or directory"
[ 23:20:05,647 ] Update failed. Please reinstall Tibia to update your client.
[ 23:20:05,647 ] "Failed to load asset 'sprites-7f4c82008873356e19a423355266544e464599c422e18a859ef2696f1759cb6f.bmp.lzma': I/O error on file C:/Users/guilh/Desktop/Tibia 11.44.5516/assets/sprites-7f4c82008873356e19a423355266544e464599c422e18a859ef2696f1759cb6f.bmp.lzma: No such file or directory"
[ 23:20:05,648 ] Update failed. Please reinstall Tibia to update your client.
[ 23:20:05,648 ] "Failed to load asset 'sprites-cf64c0ac2b1a85ea608b5310f731cd99d48eea3bd1cda69c30a3d5832252c387.bmp.lzma': I/O error on file C:/Users/guilh/Desktop/Tibia 11.44.5516/assets/sprites-cf64c0ac2b1a85ea608b5310f731cd99d48eea3bd1cda69c30a3d5832252c387.bmp.lzma: No such file or directory"
[ 23:20:05,649 ] Update failed. Please reinstall Tibia to update your client.
[ 23:20:05,649 ] "Failed to load asset 'sprites-bc9e4b059c487b0b700a7d11e4eb14431f633ee313c24a38957d087a70e6a2ed.bmp.lzma': I/O error on file C:/Users/guilh/Desktop/Tibia 11.44.5516/assets/sprites-bc9e4b059c487b0b700a7d11e4eb14431f633ee313c24a38957d087a70e6a2ed.bmp.lzma: No such file or directory"
[ 23:20:05,650 ] Update failed. Please reinstall Tibia to update your client.
[ 23:20:05,650 ] "Failed to load asset 'sprites-de2ba6e73c2210777983f3d743690bb746f5e1f8be2535522c9cb28a59be6f4b.bmp.lzma': I/O error on file C:/Users/guilh/Desktop/Tibia 11.44.5516/assets/sprites-de2ba6e73c2210777983f3d743690bb746f5e1f8be2535522c9cb28a59be6f4b.bmp.lzma: No such file or directory"
[ 23:20:05,651 ] Update failed. Please reinstall Tibia to update your client.
[ 23:20:05,651 ] "Failed to load asset 'sprites-87fabef5f8c653cc3468bace9e11a3051e03a16f47453114ede62b13cd458078.bmp.lzma': I/O error on file C:/Users/guilh/Desktop/Tibia 11.44.5516/assets/sprites-87fabef5f8c653cc3468bace9e11a3051e03a16f47453114ede62b13cd458078.bmp.lzma: No such file or directory"
[ 23:20:05,651 ] Update failed. Please reinstall Tibia to update your client.
[ 23:20:05,651 ] "Failed to load asset 'sprites-a3b28e97eaec53ce01588eff35046b20206ca6d92ad8fb3fb0e1bd49ed6c24fb.bmp.lzma': I/O error on file C:/Users/guilh/Desktop/Tibia 11.44.5516/assets/sprites-a3b28e97eaec53ce01588eff35046b20206ca6d92ad8fb3fb0e1bd49ed6c24fb.bmp.lzma: No such file or directory"
[ 23:20:05,652 ] Update failed. Please reinstall Tibia to update your client.
[ 23:20:05,652 ] "Failed to load asset 'sprites-f6433ff01964ebfff531cc80875d22c000b6bd963beaf9119e4cc54df11be7a6.bmp.lzma': I/O error on file C:/Users/guilh/Desktop/Tibia 11.44.5516/assets/sprites-f6433ff01964ebfff531cc80875d22c000b6bd963beaf9119e4cc54df11be7a6.bmp.lzma: No such file or directory"
[ 23:20:05,653 ] Update failed. Please reinstall Tibia to update your client.
[ 23:20:05,653 ] "Failed to load asset 'sprites-65ee82953b98a61d928abaa12d40d27cb8dd6598750bd813a0004f9ab32629b1.bmp.lzma': I/O error on file C:/Users/guilh/Desktop/Tibia 11.44.5516/assets/sprites-65ee82953b98a61d928abaa12d40d27cb8dd6598750bd813a0004f9ab32629b1.bmp.lzma: No such file or directory"
[ 23:20:05,654 ] Update failed. Please reinstall Tibia to update your client.
[ 23:20:05,654 ] "Failed to load asset 'sprites-c28f511801899251dcc52f315a7278a2f65f67b94e4e94764a00e9b66b8e2901.bmp.lzma': I/O error on file C:/Users/guilh/Desktop/Tibia 11.44.5516/assets/sprites-c28f511801899251dcc52f315a7278a2f65f67b94e4e94764a00e9b66b8e2901.bmp.lzma: No such file or directory"
[ 23:20:05,655 ] Update failed. Please reinstall Tibia to update your client.
[ 23:20:05,655 ] "Failed to load asset 'sprites-c9406b78ec8c1f50495fc0365084917cfc45ed4a341d22d79d71ab3b6ad9b0ab.bmp.lzma': I/O error on file C:/Users/guilh/Desktop/Tibia 11.44.5516/assets/sprites-c9406b78ec8c1f50495fc0365084917cfc45ed4a341d22d79d71ab3b6ad9b0ab.bmp.lzma: No such file or directory"
[ 23:20:05,655 ] Update failed. Please reinstall Tibia to update your client.
[ 23:20:05,655 ] "Failed to load asset 'sprites-8459d1ac8890cbc8276b583bdba29f5931831c1c92f809990bc13b8c2554625c.bmp.lzma': I/O error on file C:/Users/guilh/Desktop/Tibia 11.44.5516/assets/sprites-8459d1ac8890cbc8276b583bdba29f5931831c1c92f809990bc13b8c2554625c.bmp.lzma: No such file or directory"
[ 23:20:05,656 ] Update failed. Please reinstall Tibia to update your client.
[ 23:20:05,656 ] "Failed to load asset 'sprites-69b65341ee4f855ddf5823ca5d83aa1823aa08fcb8f46a119838c413e4edf540.bmp.lzma': I/O error on file C:/Users/guilh/Desktop/Tibia 11.44.5516/assets/sprites-69b65341ee4f855ddf5823ca5d83aa1823aa08fcb8f46a119838c413e4edf540.bmp.lzma: No such file or directory"
[ 23:20:05,657 ] Update failed. Please reinstall Tibia to update your client.
[ 23:20:05,657 ] "Failed to load asset 'sprites-f04ab2f64a3ad5182d8fb1198826785302fe8386660f2546e58e9196e8b04066.bmp.lzma': I/O error on file C:/Users/guilh/Desktop/Tibia 11.44.5516/assets/sprites-f04ab2f64a3ad5182d8fb1198826785302fe8386660f2546e58e9196e8b04066.bmp.lzma: No such file or directory"
[ 23:20:05,658 ] Update failed. Please reinstall Tibia to update your client.
[ 23:20:05,658 ] "Failed to load asset 'sprites-8754ce924b13a7f3e20585175fda62fe592d6295ea05111cce8e2244239eacd0.bmp.lzma': I/O error on file C:/Users/guilh/Desktop/Tibia 11.44.5516/assets/sprites-8754ce924b13a7f3e20585175fda62fe592d6295ea05111cce8e2244239eacd0.bmp.lzma: No such file or directory"
[ 23:20:05,658 ] Update failed. Please reinstall Tibia to update your client.
[ 23:20:05,658 ] "Failed to load asset 'sprites-93fbc0ac365d802e1302393a668286b643ead789062fc530a855eeff4a8550ef.bmp.lzma': I/O error on file C:/Users/guilh/Desktop/Tibia 11.44.5516/assets/sprites-93fbc0ac365d802e1302393a668286b643ead789062fc530a855eeff4a8550ef.bmp.lzma: No such file or directory"
[ 23:20:05,659 ] Update failed. Please reinstall Tibia to update your client.
[ 23:20:05,659 ] "Failed to load asset 'sprites-88a89d706880afa522f9ecd39925ec17e5a1f07d76c510ca83d295d5896be1e1.bmp.lzma': I/O error on file C:/Users/guilh/Desktop/Tibia 11.44.5516/assets/sprites-88a89d706880afa522f9ecd39925ec17e5a1f07d76c510ca83d295d5896be1e1.bmp.lzma: No such file or directory"
[ 23:20:05,660 ] Update failed. Please reinstall Tibia to update your client.
[ 23:20:05,660 ] "Failed to load asset 'sprites-905cc57bfb29f9f5b5bc92d3712b4226e570c4895bc61a735b9f411e0d7c8a5f.bmp.lzma': I/O error on file C:/Users/guilh/Desktop/Tibia 11.44.5516/assets/sprites-905cc57bfb29f9f5b5bc92d3712b4226e570c4895bc61a735b9f411e0d7c8a5f.bmp.lzma: No such file or directory"
[ 23:20:05,661 ] Update failed. Please reinstall Tibia to update your client.
[ 23:20:05,661 ] "Failed to load asset 'sprites-b4c82b15d8be28950e0e365741a95cb0b58b33790e726e00e94ec35fd3204f80.bmp.lzma': I/O error on file C:/Users/guilh/Desktop/Tibia 11.44.5516/assets/sprites-b4c82b15d8be28950e0e365741a95cb0b58b33790e726e00e94ec35fd3204f80.bmp.lzma: No such file or directory"
[ 23:20:05,661 ] Update failed. Please reinstall Tibia to update your client.
[ 23:20:05,661 ] "Failed to load asset 'sprites-62dc29eb353bb40765181663276f5d0cf4202c0a6a8b3e692fb2d82b3025c477.bmp.lzma': I/O error on file C:/Users/guilh/Desktop/Tibia 11.44.5516/assets/sprites-62dc29eb353bb40765181663276f5d0cf4202c0a6a8b3e692fb2d82b3025c477.bmp.lzma: No such file or directory"
[ 23:20:05,662 ] Update failed. Please reinstall Tibia to update your client.
[ 23:20:05,662 ] "Failed to load asset 'sprites-8a4601aac2e5fc7782283f454ce9376fdd1f2c7fe226ac96a44e0f12668caf2d.bmp.lzma': I/O error on file C:/Users/guilh/Desktop/Tibia 11.44.5516/assets/sprites-8a4601aac2e5fc7782283f454ce9376fdd1f2c7fe226ac96a44e0f12668caf2d.bmp.lzma: No such file or directory"
[ 23:20:05,663 ] Update failed. Please reinstall Tibia to update your client.
[ 23:20:05,663 ] "Failed to load asset 'sprites-897084acc47e37ee31c73ae1efaf266609d8a6d3436a24fc97d75008c52d0bc1.bmp.lzma': I/O error on file C:/Users/guilh/Desktop/Tibia 11.44.5516/assets/sprites-897084acc47e37ee31c73ae1efaf266609d8a6d3436a24fc97d75008c52d0bc1.bmp.lzma: No such file or directory"
[ 23:20:05,663 ] Update failed. Please reinstall Tibia to update your client.
[ 23:20:05,663 ] "Failed to load asset 'sprites-9b9e62473c2df6bc108c9b654ea2d004f23a0ca82df10694ee518c9d8a29b237.bmp.lzma': I/O error on file C:/Users/guilh/Desktop/Tibia 11.44.5516/assets/sprites-9b9e62473c2df6bc108c9b654ea2d004f23a0ca82df10694ee518c9d8a29b237.bmp.lzma: No such file or directory"
[ 23:20:05,664 ] Update failed. Please reinstall Tibia to update your client.
[ 23:20:05,664 ] "Failed to load asset 'sprites-6208bfbe3129b5c1b15cc8db22dd99b9bd55c7e58088c15fd4ecd5467b554428.bmp.lzma': I/O error on file C:/Users/guilh/Desktop/Tibia 11.44.5516/assets/sprites-6208bfbe3129b5c1b15cc8db22dd99b9bd55c7e58088c15fd4ecd5467b554428.bmp.lzma: No such file or directory"
[ 23:20:05,665 ] Update failed. Please reinstall Tibia to update your client.
[ 23:20:05,665 ] "Failed to load asset 'sprites-fe6aa744a78e97513c0c44fa1c21fef15602106954ac1f4bf0dc7943ce527413.bmp.lzma': I/O error on file C:/Users/guilh/Desktop/Tibia 11.44.5516/assets/sprites-fe6aa744a78e97513c0c44fa1c21fef15602106954ac1f4bf0dc7943ce527413.bmp.lzma: No such file or directory"
[ 23:20:05,666 ] Update failed. Please reinstall Tibia to update your client.
[ 23:20:05,666 ] "Failed to load asset 'sprites-e8bf0cd1dab7f04168ab88d19c68dad3ab3842f53d8ec61c396976e7d982d544.bmp.lzma': I/O error on file C:/Users/guilh/Desktop/Tibia 11.44.5516/assets/sprites-e8bf0cd1dab7f04168ab88d19c68dad3ab3842f53d8ec61c396976e7d982d544.bmp.lzma: No such file or directory"
[ 23:20:05,667 ] Update failed. Please reinstall Tibia to update your client.
[ 23:20:05,667 ] "Failed to load asset 'sprites-9f7748359cfd8da48285d94ea305be3dd5e58165504b872ed83df0f4647fc696.bmp.lzma': I/O error on file C:/Users/guilh/Desktop/Tibia 11.44.5516/assets/sprites-9f7748359cfd8da48285d94ea305be3dd5e58165504b872ed83df0f4647fc696.bmp.lzma: No such file or directory"
[ 23:20:05,667 ] Update failed. Please reinstall Tibia to update your client.
[ 23:20:05,667 ] "Failed to load asset 'sprites-8fb44402188b4b24358e9fc49c0f54d9337c776993adbf920c0e1c837a3bb02c.bmp.lzma': I/O error on file C:/Users/guilh/Desktop/Tibia 11.44.5516/assets/sprites-8fb44402188b4b24358e9fc49c0f54d9337c776993adbf920c0e1c837a3bb02c.bmp.lzma: No such file or directory"
[ 23:20:05,668 ] Update failed. Please reinstall Tibia to update your client.
[ 23:20:05,668 ] "Failed to load asset 'sprites-8763971bfb1c99398125716d9b64a59a966549bada2cd5400451a5014a526804.bmp.lzma': I/O error on file C:/Users/guilh/Desktop/Tibia 11.44.5516/assets/sprites-8763971bfb1c99398125716d9b64a59a966549bada2cd5400451a5014a526804.bmp.lzma: No such file or directory"
[ 23:20:05,669 ] Update failed. Please reinstall Tibia to update your client.
[ 23:20:05,669 ] "Failed to load asset 'sprites-602b3ed35385137d70e0f4f1f14d0a88ff33a10b249ea4faccec67d24677250d.bmp.lzma': I/O error on file C:/Users/guilh/Desktop/Tibia 11.44.5516/assets/sprites-602b3ed35385137d70e0f4f1f14d0a88ff33a10b249ea4faccec67d24677250d.bmp.lzma: No such file or directory"
[ 23:20:05,670 ] Update failed. Please reinstall Tibia to update your client.
[ 23:20:05,670 ] "Failed to load asset 'sprites-cb73e9130f453156f20fe9e447a98f31c29a91889cf2c117b8e68676f86213f0.bmp.lzma': I/O error on file C:/Users/guilh/Desktop/Tibia 11.44.5516/assets/sprites-cb73e9130f453156f20fe9e447a98f31c29a91889cf2c117b8e68676f86213f0.bmp.lzma: No such file or directory"
[ 23:20:05,671 ] Update failed. Please reinstall Tibia to update your client.
[ 23:20:05,671 ] "Failed to load asset 'sprites-ccb9af1b84a6c9da5d3c6381bb75bb293bbcb8674f1944645a1f64e4903975f7.bmp.lzma': I/O error on file C:/Users/guilh/Desktop/Tibia 11.44.5516/assets/sprites-ccb9af1b84a6c9da5d3c6381bb75bb293bbcb8674f1944645a1f64e4903975f7.bmp.lzma: No such file or directory"
[ 23:20:05,671 ] Update failed. Please reinstall Tibia to update your client.
[ 23:20:05,672 ] "Failed to load asset 'sprites-f022c77dcf53a94880bdeee985f86ec223d5f5c070dc33a9a81043ae25ea7604.bmp.lzma': I/O error on file C:/Users/guilh/Desktop/Tibia 11.44.5516/assets/sprites-f022c77dcf53a94880bdeee985f86ec223d5f5c070dc33a9a81043ae25ea7604.bmp.lzma: No such file or directory"
[ 23:20:05,672 ] Update failed. Please reinstall Tibia to update your client.
[ 23:20:05,672 ] "Failed to load asset 'sprites-8f2df6c9e4954f094daae90297de59968feb546ab5c0f8ae63cf345c54c39ca4.bmp.lzma': I/O error on file C:/Users/guilh/Desktop/Tibia 11.44.5516/assets/sprites-8f2df6c9e4954f094daae90297de59968feb546ab5c0f8ae63cf345c54c39ca4.bmp.lzma: No such file or directory"
[ 23:20:05,673 ] Update failed. Please reinstall Tibia to update your client.
[ 23:20:05,673 ] "Failed to load asset 'sprites-65d67b8c8bb90e4505602ad7ef292fb75e82fe99dcab09e97e4c1ed707d059b7.bmp.lzma': I/O error on file C:/Users/guilh/Desktop/Tibia 11.44.5516/assets/sprites-65d67b8c8bb90e4505602ad7ef292fb75e82fe99dcab09e97e4c1ed707d059b7.bmp.lzma: No such file or directory"
[ 23:20:05,674 ] Update failed. Please reinstall Tibia to update your client.
[ 23:20:05,674 ] "Failed to load asset 'sprites-f253b321194f190dbc292b93ccf5b13cd69dfadb50f99907a9357b16d49c5732.bmp.lzma': I/O error on file C:/Users/guilh/Desktop/Tibia 11.44.5516/assets/sprites-f253b321194f190dbc292b93ccf5b13cd69dfadb50f99907a9357b16d49c5732.bmp.lzma: No such file or directory"
[ 23:20:05,675 ] Update failed. Please reinstall Tibia to update your client.
[ 23:20:05,675 ] "Failed to load asset 'sprites-e4fe98877a980822d42205e419186ca23de2af96b6e2e7db0893a5ec6d926d75.bmp.lzma': I/O error on file C:/Users/guilh/Desktop/Tibia 11.44.5516/assets/sprites-e4fe98877a980822d42205e419186ca23de2af96b6e2e7db0893a5ec6d926d75.bmp.lzma: No such file or directory"
[ 23:20:05,676 ] Update failed. Please reinstall Tibia to update your client.
[ 23:20:05,676 ] "Failed to load asset 'sprites-e5b0b518ec4a2bbfb48a53657e4d0973a82cacce691d654f1c890a3db0c2a04c.bmp.lzma': I/O error on file C:/Users/guilh/Desktop/Tibia 11.44.5516/assets/sprites-e5b0b518ec4a2bbfb48a53657e4d0973a82cacce691d654f1c890a3db0c2a04c.bmp.lzma: No such file or directory"
[ 23:20:05,676 ] Update failed. Please reinstall Tibia to update your client.
[ 23:20:05,676 ] "Failed to load asset 'sprites-d6ea568a6568a72adc6f7f6a9e634a870af57d14f2c07d7a0e61029e01cd662e.bmp.lzma': I/O error on file C:/Users/guilh/Desktop/Tibia 11.44.5516/assets/sprites-d6ea568a6568a72adc6f7f6a9e634a870af57d14f2c07d7a0e61029e01cd662e.bmp.lzma: No such file or directory"
[ 23:20:05,677 ] Update failed. Please reinstall Tibia to update your client.
[ 23:20:05,677 ] "Failed to load asset 'sprites-d64b7f091099ffcafc129b8dd32f5c16806857b47c120f3352c7468be75de044.bmp.lzma': I/O error on file C:/Users/guilh/Desktop/Tibia 11.44.5516/assets/sprites-d64b7f091099ffcafc129b8dd32f5c16806857b47c120f3352c7468be75de044.bmp.lzma: No such file or directory"
[ 23:20:05,678 ] Update failed. Please reinstall Tibia to update your client.
[ 23:20:05,678 ] "Failed to load asset 'sprites-89aa7dbc308071736839100329f63a928ef85757ef6c0c4fe2d9be103bd23ed3.bmp.lzma': I/O error on file C:/Users/guilh/Desktop/Tibia 11.44.5516/assets/sprites-89aa7dbc308071736839100329f63a928ef85757ef6c0c4fe2d9be103bd23ed3.bmp.lzma: No such file or directory"
[ 23:20:05,679 ] Update failed. Please reinstall Tibia to update your client.
[ 23:20:05,679 ] "Failed to load asset 'sprites-c6479a466cfede6c4679b43fb1aeaa6b83b8185887558327483a82bfc473f9b0.bmp.lzma': I/O error on file C:/Users/guilh/Desktop/Tibia 11.44.5516/assets/sprites-c6479a466cfede6c4679b43fb1aeaa6b83b8185887558327483a82bfc473f9b0.bmp.lzma: No such file or directory"
[ 23:20:05,679 ] Update failed. Please reinstall Tibia to update your client.
[ 23:20:05,680 ] "Failed to load asset 'sprites-ba041d77f5ef8b7b8e5b011555d308e30e47a1e6f23e854df95d37b18217e710.bmp.lzma': I/O error on file C:/Users/guilh/Desktop/Tibia 11.44.5516/assets/sprites-ba041d77f5ef8b7b8e5b011555d308e30e47a1e6f23e854df95d37b18217e710.bmp.lzma: No such file or directory"
[ 23:20:05,680 ] Update failed. Please reinstall Tibia to update your client.
[ 23:20:05,680 ] "Failed to load asset 'sprites-99bf940542a99212e8f36a562b91257722c973514b65517dd43bcc5598a94ca0.bmp.lzma': I/O error on file C:/Users/guilh/Desktop/Tibia 11.44.5516/assets/sprites-99bf940542a99212e8f36a562b91257722c973514b65517dd43bcc5598a94ca0.bmp.lzma: No such file or directory"
[ 23:20:05,681 ] Update failed. Please reinstall Tibia to update your client.
[ 23:20:05,681 ] "Failed to load asset 'sprites-ebae373457aa9b66669f191ecfbfdf13b47b51e7e398ee6d2d38ec700219b527.bmp.lzma': I/O error on file C:/Users/guilh/Desktop/Tibia 11.44.5516/assets/sprites-ebae373457aa9b66669f191ecfbfdf13b47b51e7e398ee6d2d38ec700219b527.bmp.lzma: No such file or directory"
[ 23:20:05,682 ] Update failed. Please reinstall Tibia to update your client.
[ 23:20:05,682 ] "Failed to load asset 'sprites-bb207de958b7cd32041a2aa8619cd895ef50fd975fcf926397a543c208502d04.bmp.lzma': I/O error on file C:/Users/guilh/Desktop/Tibia 11.44.5516/assets/sprites-bb207de958b7cd32041a2aa8619cd895ef50fd975fcf926397a543c208502d04.bmp.lzma: No such file or directory"
[ 23:20:05,683 ] Update failed. Please reinstall Tibia to update your client.
[ 23:20:05,683 ] "Failed to load asset 'sprites-f09d405dc34504eede00d069e0859ca77c0c96f4bd7c03250d4e02d28a8e5ac8.bmp.lzma': I/O error on file C:/Users/guilh/Desktop/Tibia 11.44.5516/assets/sprites-f09d405dc34504eede00d069e0859ca77c0c96f4bd7c03250d4e02d28a8e5ac8.bmp.lzma: No such file or directory"
[ 23:20:05,683 ] Update failed. Please reinstall Tibia to update your client.
[ 23:20:05,683 ] "Failed to load asset 'sprites-c8d5a1306a5665c6024136e656c0cb747f08c5f79eb29295536972e983be5b38.bmp.lzma': I/O error on file C:/Users/guilh/Desktop/Tibia 11.44.5516/assets/sprites-c8d5a1306a5665c6024136e656c0cb747f08c5f79eb29295536972e983be5b38.bmp.lzma: No such file or directory"
[ 23:20:05,684 ] Update failed. Please reinstall Tibia to update your client.
[ 23:20:05,684 ] "Failed to load asset 'sprites-ec45e6caaff7e7662aa3273d08cc6ca8f42000741931ea53d98d22606f750fc9.bmp.lzma': I/O error on file C:/Users/guilh/Desktop/Tibia 11.44.5516/assets/sprites-ec45e6caaff7e7662aa3273d08cc6ca8f42000741931ea53d98d22606f750fc9.bmp.lzma: No such file or directory"
[ 23:20:05,685 ] Update failed. Please reinstall Tibia to update your client.
[ 23:20:05,685 ] "Failed to load asset 'sprites-e26facdb5be3bdccd36a5daaa34d1ef05d4dfb74c06afe69642b7f0aaac4c39b.bmp.lzma': I/O error on file C:/Users/guilh/Desktop/Tibia 11.44.5516/assets/sprites-e26facdb5be3bdccd36a5daaa34d1ef05d4dfb74c06afe69642b7f0aaac4c39b.bmp.lzma: No such file or directory"
[ 23:20:05,686 ] Update failed. Please reinstall Tibia to update your client.
[ 23:20:05,686 ] "Failed to load asset 'sprites-bc11c64e8134dd4e3cfe9fae9996ea9936286cabff9c988571b32d4c3ab63a92.bmp.lzma': I/O error on file C:/Users/guilh/Desktop/Tibia 11.44.5516/assets/sprites-bc11c64e8134dd4e3cfe9fae9996ea9936286cabff9c988571b32d4c3ab63a92.bmp.lzma: No such file or directory"
[ 23:20:05,687 ] Update failed. Please reinstall Tibia to update your client.
[ 23:20:05,687 ] "Failed to load asset 'sprites-f3c95397183535f86fd8efd04422f79475e0950271fab56a7a3d935511e3187c.bmp.lzma': I/O error on file C:/Users/guilh/Desktop/Tibia 11.44.5516/assets/sprites-f3c95397183535f86fd8efd04422f79475e0950271fab56a7a3d935511e3187c.bmp.lzma: No such file or directory"
[ 23:20:05,687 ] Update failed. Please reinstall Tibia to update your client.
[ 23:20:05,687 ] "Failed to load asset 'sprites-e7707a90622d0197f215d961e49832a2f7641e353e4ba8bec17d997d14f3ba7a.bmp.lzma': I/O error on file C:/Users/guilh/Desktop/Tibia 11.44.5516/assets/sprites-e7707a90622d0197f215d961e49832a2f7641e353e4ba8bec17d997d14f3ba7a.bmp.lzma: No such file or directory"
[ 23:20:05,688 ] Update failed. Please reinstall Tibia to update your client.
[ 23:20:05,688 ] "Failed to load asset 'sprites-657592731857b495f02b99781a6037e593bffc03db3f90936ef48286cca2a4ff.bmp.lzma': I/O error on file C:/Users/guilh/Desktop/Tibia 11.44.5516/assets/sprites-657592731857b495f02b99781a6037e593bffc03db3f90936ef48286cca2a4ff.bmp.lzma: No such file or directory"
[ 23:20:05,689 ] Update failed. Please reinstall Tibia to update your client.
[ 23:20:05,689 ] "Failed to load asset 'sprites-ac08fa67b18a5675ff09d1e65330833e6a944203d15510cd9a34dc3a2bd81055.bmp.lzma': I/O error on file C:/Users/guilh/Desktop/Tibia 11.44.5516/assets/sprites-ac08fa67b18a5675ff09d1e65330833e6a944203d15510cd9a34dc3a2bd81055.bmp.lzma: No such file or directory"
[ 23:20:05,690 ] Update failed. Please reinstall Tibia to update your client.
[ 23:20:05,690 ] "Failed to load asset 'sprites-d166e7ec10efcd40f58eefd995e8249ffe3e3e6af111838fc78a20c32b362d18.bmp.lzma': I/O error on file C:/Users/guilh/Desktop/Tibia 11.44.5516/assets/sprites-d166e7ec10efcd40f58eefd995e8249ffe3e3e6af111838fc78a20c32b362d18.bmp.lzma: No such file or directory"
[ 23:20:05,690 ] Update failed. Please reinstall Tibia to update your client.
[ 23:20:05,690 ] "Failed to load asset 'sprites-92e635803e1c486c6a4fed2b45cb1ea2e3951bb2d76c0c189e2160ace5d9d25b.bmp.lzma': I/O error on file C:/Users/guilh/Desktop/Tibia 11.44.5516/assets/sprites-92e635803e1c486c6a4fed2b45cb1ea2e3951bb2d76c0c189e2160ace5d9d25b.bmp.lzma: No such file or directory"
[ 23:20:05,691 ] Update failed. Please reinstall Tibia to update your client.
[ 23:20:05,691 ] "Failed to load asset 'sprites-9346e4c73b17328701f905e3210477d2a6ad5be4db5c53eb0b39fac875ba845c.bmp.lzma': I/O error on file C:/Users/guilh/Desktop/Tibia 11.44.5516/assets/sprites-9346e4c73b17328701f905e3210477d2a6ad5be4db5c53eb0b39fac875ba845c.bmp.lzma: No such file or directory"
[ 23:20:05,692 ] Update failed. Please reinstall Tibia to update your client.
[ 23:20:05,692 ] "Failed to load asset 'sprites-b356fb0661796d9e94cb7983ffd828b1188f7b4384bafe9b816b3f68d6ed849e.bmp.lzma': I/O error on file C:/Users/guilh/Desktop/Tibia 11.44.5516/assets/sprites-b356fb0661796d9e94cb7983ffd828b1188f7b4384bafe9b816b3f68d6ed849e.bmp.lzma: No such file or directory"
[ 23:20:05,693 ] Update failed. Please reinstall Tibia to update your client.
[ 23:20:05,693 ] "Failed to load asset 'sprites-e2ded7c48e72bf78bba0c977b52b2df494b433ef95bbbe7bb2a5fbe4251dc15e.bmp.lzma': I/O error on file C:/Users/guilh/Desktop/Tibia 11.44.5516/assets/sprites-e2ded7c48e72bf78bba0c977b52b2df494b433ef95bbbe7bb2a5fbe4251dc15e.bmp.lzma: No such file or directory"
[ 23:20:05,693 ] Update failed. Please reinstall Tibia to update your client.
[ 23:20:05,694 ] "Failed to load asset 'sprites-d3238f75b131366e8dd090db529576189e0979d0b76d22f8cb8e5c356e7d5b91.bmp.lzma': I/O error on file C:/Users/guilh/Desktop/Tibia 11.44.5516/assets/sprites-d3238f75b131366e8dd090db529576189e0979d0b76d22f8cb8e5c356e7d5b91.bmp.lzma: No such file or directory"
[ 23:20:05,694 ] Update failed. Please reinstall Tibia to update your client.
[ 23:20:05,694 ] "Failed to load asset 'sprites-c6ce9996db30f4e2c3d45f8df9229a37e147767fd65e3ed78c0cdbc8c0172ca4.bmp.lzma': I/O error on file C:/Users/guilh/Desktop/Tibia 11.44.5516/assets/sprites-c6ce9996db30f4e2c3d45f8df9229a37e147767fd65e3ed78c0cdbc8c0172ca4.bmp.lzma: No such file or directory"
[ 23:20:05,695 ] Update failed. Please reinstall Tibia to update your client.
[ 23:20:05,695 ] "Failed to load asset 'sprites-6eb9fb9cc94ef4bcd3d3c5825e95044e03882f26942cf8e8fd12d865907ebf84.bmp.lzma': I/O error on file C:/Users/guilh/Desktop/Tibia 11.44.5516/assets/sprites-6eb9fb9cc94ef4bcd3d3c5825e95044e03882f26942cf8e8fd12d865907ebf84.bmp.lzma: No such file or directory"
[ 23:20:05,696 ] Update failed. Please reinstall Tibia to update your client.
[ 23:20:05,696 ] "Failed to load asset 'sprites-aac4fc0b97bb31d2e4649193e240828b938c866ddd63233bb908f40a0f67a1e4.bmp.lzma': I/O error on file C:/Users/guilh/Desktop/Tibia 11.44.5516/assets/sprites-aac4fc0b97bb31d2e4649193e240828b938c866ddd63233bb908f40a0f67a1e4.bmp.lzma: No such file or directory"
[ 23:20:05,697 ] Update failed. Please reinstall Tibia to update your client.
[ 23:20:05,697 ] "Failed to load asset 'sprites-d771790b84dfa1b45cb19351a02d9bd31192f266252bcc64b3cb15774f5fdea4.bmp.lzma': I/O error on file C:/Users/guilh/Desktop/Tibia 11.44.5516/assets/sprites-d771790b84dfa1b45cb19351a02d9bd31192f266252bcc64b3cb15774f5fdea4.bmp.lzma: No such file or directory"
[ 23:20:05,697 ] Update failed. Please reinstall Tibia to update your client.
[ 23:20:05,697 ] "Failed to load asset 'sprites-ff5a9466b5b18f7c37cfdb668b6049e4f29df618da23e178ef5073a50f44f7b5.bmp.lzma': I/O error on file C:/Users/guilh/Desktop/Tibia 11.44.5516/assets/sprites-ff5a9466b5b18f7c37cfdb668b6049e4f29df618da23e178ef5073a50f44f7b5.bmp.lzma: No such file or directory"
[ 23:20:05,698 ] Update failed. Please reinstall Tibia to update your client.
[ 23:20:05,698 ] "Failed to load asset 'sprites-93912fd84c8e67dfc8da990276a3d3bd4917df3d33bcc7caa73ef78f0f81209f.bmp.lzma': I/O error on file C:/Users/guilh/Desktop/Tibia 11.44.5516/assets/sprites-93912fd84c8e67dfc8da990276a3d3bd4917df3d33bcc7caa73ef78f0f81209f.bmp.lzma: No such file or directory"
[ 23:20:05,699 ] Update failed. Please reinstall Tibia to update your client.
[ 23:20:05,699 ] "Failed to load asset 'sprites-d589f5621b05c12805731c3735da5c4f765a6acc52054f9a13d72a7cc931b598.bmp.lzma': I/O error on file C:/Users/guilh/Desktop/Tibia 11.44.5516/assets/sprites-d589f5621b05c12805731c3735da5c4f765a6acc52054f9a13d72a7cc931b598.bmp.lzma: No such file or directory"
[ 23:20:05,700 ] Update failed. Please reinstall Tibia to update your client.
[ 23:20:05,700 ] "Failed to load asset 'sprites-bff2c1257debb2b1a847205efb0f7a227e6d03d2fb4c7579eeb926264961b28d.bmp.lzma': I/O error on file C:/Users/guilh/Desktop/Tibia 11.44.5516/assets/sprites-bff2c1257debb2b1a847205efb0f7a227e6d03d2fb4c7579eeb926264961b28d.bmp.lzma: No such file or directory"
[ 23:20:05,701 ] Update failed. Please reinstall Tibia to update your client.
[ 23:20:05,701 ] "Failed to load asset 'sprites-848e8246a1e758fc63aa84eb21074c85dca44330aee8f4863cf88ad56e54c172.bmp.lzma': I/O error on file C:/Users/guilh/Desktop/Tibia 11.44.5516/assets/sprites-848e8246a1e758fc63aa84eb21074c85dca44330aee8f4863cf88ad56e54c172.bmp.lzma: No such file or directory"
[ 23:20:05,701 ] Update failed. Please reinstall Tibia to update your client.
[ 23:20:05,701 ] "Failed to load asset 'sprites-86f44b4e063cef1d9e260d426aa58229253b18b60a8615d89d0487f00a1202c3.bmp.lzma': I/O error on file C:/Users/guilh/Desktop/Tibia 11.44.5516/assets/sprites-86f44b4e063cef1d9e260d426aa58229253b18b60a8615d89d0487f00a1202c3.bmp.lzma: No such file or directory"
[ 23:20:05,702 ] Update failed. Please reinstall Tibia to update your client.
[ 23:20:05,702 ] "Failed to load asset 'sprites-d91f7904cd8f09c0df9c8b6184d0216ec7153e44d10a4c73ddbc156aadf90db8.bmp.lzma': I/O error on file C:/Users/guilh/Desktop/Tibia 11.44.5516/assets/sprites-d91f7904cd8f09c0df9c8b6184d0216ec7153e44d10a4c73ddbc156aadf90db8.bmp.lzma: No such file or directory"
[ 23:20:05,703 ] Update failed. Please reinstall Tibia to update your client.
[ 23:20:05,703 ] "Failed to load asset 'sprites-60276133e0d9615bfe6dbdf8349301ac605faa93882c9c1eee3397c956a07de6.bmp.lzma': I/O error on file C:/Users/guilh/Desktop/Tibia 11.44.5516/assets/sprites-60276133e0d9615bfe6dbdf8349301ac605faa93882c9c1eee3397c956a07de6.bmp.lzma: No such file or directory"
[ 23:20:05,704 ] Update failed. Please reinstall Tibia to update your client.
[ 23:20:05,704 ] "Failed to load asset 'sprites-652f5e2e2538e84a96a2cf3a29e47d2c158381172028eb9cd9fdd792f05e9a5c.bmp.lzma': I/O error on file C:/Users/guilh/Desktop/Tibia 11.44.5516/assets/sprites-652f5e2e2538e84a96a2cf3a29e47d2c158381172028eb9cd9fdd792f05e9a5c.bmp.lzma: No such file or directory"
[ 23:20:05,704 ] Update failed. Please reinstall Tibia to update your client.
[ 23:20:05,705 ] "Failed to load asset 'sprites-a5c6709a06f772b68562696a4049b076936e903f2851344b433e80b76398f3bc.bmp.lzma': I/O error on file C:/Users/guilh/Desktop/Tibia 11.44.5516/assets/sprites-a5c6709a06f772b68562696a4049b076936e903f2851344b433e80b76398f3bc.bmp.lzma: No such file or directory"
[ 23:20:05,705 ] Update failed. Please reinstall Tibia to update your client.
[ 23:20:05,705 ] "Failed to load asset 'sprites-82b43f32a8c961a24dc822a207e42c29938c5b72d06af138d12ec1f0cb9fe69d.bmp.lzma': I/O error on file C:/Users/guilh/Desktop/Tibia 11.44.5516/assets/sprites-82b43f32a8c961a24dc822a207e42c29938c5b72d06af138d12ec1f0cb9fe69d.bmp.lzma: No such file or directory"
[ 23:20:05,706 ] Update failed. Please reinstall Tibia to update your client.
[ 23:20:05,706 ] "Failed to load asset 'sprites-d36bb05d6ff4ac6d9e43e9018decb9d5f5d3f67f7a4747cd7c2c9c9418fc100f.bmp.lzma': I/O error on file C:/Users/guilh/Desktop/Tibia 11.44.5516/assets/sprites-d36bb05d6ff4ac6d9e43e9018decb9d5f5d3f67f7a4747cd7c2c9c9418fc100f.bmp.lzma: No such file or directory"
[ 23:20:05,707 ] Update failed. Please reinstall Tibia to update your client.
[ 23:20:05,707 ] "Failed to load asset 'sprites-b87aaf6c77b3524aabd7ebb3f6f6614774b506395fdf4b13d8507c7bd9fb7494.bmp.lzma': I/O error on file C:/Users/guilh/Desktop/Tibia 11.44.5516/assets/sprites-b87aaf6c77b3524aabd7ebb3f6f6614774b506395fdf4b13d8507c7bd9fb7494.bmp.lzma: No such file or directory"
[ 23:20:05,708 ] Update failed. Please reinstall Tibia to update your client.
[ 23:20:05,708 ] "Failed to load asset 'sprites-bc4a71e04e16fb5548f4a14cbcb762029eec290d8d9613ac2900da89d1b78d08.bmp.lzma': I/O error on file C:/Users/guilh/Desktop/Tibia 11.44.5516/assets/sprites-bc4a71e04e16fb5548f4a14cbcb762029eec290d8d9613ac2900da89d1b78d08.bmp.lzma: No such file or directory"
[ 23:20:05,708 ] Update failed. Please reinstall Tibia to update your client.
[ 23:20:05,708 ] "Failed to load asset 'sprites-8f7d992d6620e645ccf83d3ec77cb62fe24a78c4b97a7d2979a875acc678a444.bmp.lzma': I/O error on file C:/Users/guilh/Desktop/Tibia 11.44.5516/assets/sprites-8f7d992d6620e645ccf83d3ec77cb62fe24a78c4b97a7d2979a875acc678a444.bmp.lzma: No such file or directory"
[ 23:20:05,709 ] Update failed. Please reinstall Tibia to update your client.
[ 23:20:05,709 ] "Failed to load asset 'sprites-c6d129ea3396b68a6079b528e33605c03e41afa2874ce83bee9479d07d292864.bmp.lzma': I/O error on file C:/Users/guilh/Desktop/Tibia 11.44.5516/assets/sprites-c6d129ea3396b68a6079b528e33605c03e41afa2874ce83bee9479d07d292864.bmp.lzma: No such file or directory"
[ 23:20:05,710 ] Update failed. Please reinstall Tibia to update your client.
[ 23:20:05,710 ] "Failed to load asset 'sprites-7c4c7ab0be6edb0a9668301f0f815251f5beb99aefaadcaf2a7e8b1668774de3.bmp.lzma': I/O error on file C:/Users/guilh/Desktop/Tibia 11.44.5516/assets/sprites-7c4c7ab0be6edb0a9668301f0f815251f5beb99aefaadcaf2a7e8b1668774de3.bmp.lzma: No such file or directory"
[ 23:20:05,711 ] Update failed. Please reinstall Tibia to update your client.
[ 23:20:05,711 ] "Failed to load asset 'sprites-aa4ea8a2b6ec84f95b5c29b5d093bcae82504e0cf6a8e5462d34e3987157555e.bmp.lzma': I/O error on file C:/Users/guilh/Desktop/Tibia 11.44.5516/assets/sprites-aa4ea8a2b6ec84f95b5c29b5d093bcae82504e0cf6a8e5462d34e3987157555e.bmp.lzma: No such file or directory"
[ 23:20:05,711 ] Update failed. Please reinstall Tibia to update your client.
[ 23:20:05,712 ] "Failed to load asset 'sprites-66a6509d61ed596ab01f6e4e51d0426f947a216b9b286b34be7d6a7a864bee5c.bmp.lzma': I/O error on file C:/Users/guilh/Desktop/Tibia 11.44.5516/assets/sprites-66a6509d61ed596ab01f6e4e51d0426f947a216b9b286b34be7d6a7a864bee5c.bmp.lzma: No such file or directory"
[ 23:20:05,712 ] Update failed. Please reinstall Tibia to update your client.
[ 23:20:05,712 ] "Failed to load asset 'sprites-e1d715fea359c454955dba6860af3f17f0cbf21c0a43c58b8c755776eff55ad1.bmp.lzma': I/O error on file C:/Users/guilh/Desktop/Tibia 11.44.5516/assets/sprites-e1d715fea359c454955dba6860af3f17f0cbf21c0a43c58b8c755776eff55ad1.bmp.lzma: No such file or directory"
[ 23:20:05,713 ] Update failed. Please reinstall Tibia to update your client.
[ 23:20:05,713 ] "Failed to load asset 'sprites-d52b784b471c43b546da7eeca417f130ee6916ba8871053cc934c8274a040fef.bmp.lzma': I/O error on file C:/Users/guilh/Desktop/Tibia 11.44.5516/assets/sprites-d52b784b471c43b546da7eeca417f130ee6916ba8871053cc934c8274a040fef.bmp.lzma: No such file or directory"
[ 23:20:05,714 ] Update failed. Please reinstall Tibia to update your client.
[ 23:20:05,714 ] "Failed to load asset 'sprites-c96e306992fb922b72672cc2c43bb7a249caed4156a1990110dde7b2473051cf.bmp.lzma': I/O error on file C:/Users/guilh/Desktop/Tibia 11.44.5516/assets/sprites-c96e306992fb922b72672cc2c43bb7a249caed4156a1990110dde7b2473051cf.bmp.lzma: No such file or directory"
[ 23:20:05,715 ] Update failed. Please reinstall Tibia to update your client.
[ 23:20:05,715 ] "Failed to load asset 'sprites-c0ef0efb4a8175db97cc3e47ecff9c53dd9b1bbda9a832cacb0f3db0fe362f8d.bmp.lzma': I/O error on file C:/Users/guilh/Desktop/Tibia 11.44.5516/assets/sprites-c0ef0efb4a8175db97cc3e47ecff9c53dd9b1bbda9a832cacb0f3db0fe362f8d.bmp.lzma: No such file or directory"
[ 23:20:05,715 ] Update failed. Please reinstall Tibia to update your client.
[ 23:20:05,716 ] "Failed to load asset 'sprites-bf328ac2ae6c4ff5c8ddcb8833c3f4e06276a773af8114b4c52efbdbd5feaa81.bmp.lzma': I/O error on file C:/Users/guilh/Desktop/Tibia 11.44.5516/assets/sprites-bf328ac2ae6c4ff5c8ddcb8833c3f4e06276a773af8114b4c52efbdbd5feaa81.bmp.lzma: No such file or directory"
[ 23:20:05,717 ] Update failed. Please reinstall Tibia to update your client.
[ 23:20:05,717 ] "Failed to load asset 'sprites-74c5b9d36bf65123195d7377e198443d7230cb4f5d5c51eb1486be2752485f36.bmp.lzma': I/O error on file C:/Users/guilh/Desktop/Tibia 11.44.5516/assets/sprites-74c5b9d36bf65123195d7377e198443d7230cb4f5d5c51eb1486be2752485f36.bmp.lzma: No such file or directory"
[ 23:20:05,717 ] Update failed. Please reinstall Tibia to update your client.
[ 23:20:05,718 ] "Failed to load asset 'sprites-dffdc211e70987d7dbc9667f902c17adb21df3b2e4eb021dbfa0dc82709ccaa1.bmp.lzma': I/O error on file C:/Users/guilh/Desktop/Tibia 11.44.5516/assets/sprites-dffdc211e70987d7dbc9667f902c17adb21df3b2e4eb021dbfa0dc82709ccaa1.bmp.lzma: No such file or directory"
[ 23:20:05,718 ] Update failed. Please reinstall Tibia to update your client.
[ 23:20:05,718 ] "Failed to load asset 'sprites-a83a0efd0a8de37fa9bc86ec644334162aca8d0dc1a8936baa27039bf80b8a4f.bmp.lzma': I/O error on file C:/Users/guilh/Desktop/Tibia 11.44.5516/assets/sprites-a83a0efd0a8de37fa9bc86ec644334162aca8d0dc1a8936baa27039bf80b8a4f.bmp.lzma: No such file or directory"
[ 23:20:05,719 ] Update failed. Please reinstall Tibia to update your client.
[ 23:20:05,719 ] "Failed to load asset 'sprites-b13bc1cd5ad87c13d98047b5d6fb685af762be0ad8fa289be907054fd441a2cf.bmp.lzma': I/O error on file C:/Users/guilh/Desktop/Tibia 11.44.5516/assets/sprites-b13bc1cd5ad87c13d98047b5d6fb685af762be0ad8fa289be907054fd441a2cf.bmp.lzma: No such file or directory"
[ 23:20:05,719 ] Update failed. Please reinstall Tibia to update your client.
[ 23:20:05,719 ] "Failed to load asset 'sprites-bc9b6f018540053efd9388d780330d732c6053aafba758d4edc1bbe5f91a3082.bmp.lzma': I/O error on file C:/Users/guilh/Desktop/Tibia 11.44.5516/assets/sprites-bc9b6f018540053efd9388d780330d732c6053aafba758d4edc1bbe5f91a3082.bmp.lzma: No such file or directory"
[ 23:20:05,720 ] Update failed. Please reinstall Tibia to update your client.
[ 23:20:05,720 ] "Failed to load asset 'sprites-f2e70b5c4e9d83635dbe326b37c80a795436aa459bdf5366c590ab88287c7bed.bmp.lzma': I/O error on file C:/Users/guilh/Desktop/Tibia 11.44.5516/assets/sprites-f2e70b5c4e9d83635dbe326b37c80a795436aa459bdf5366c590ab88287c7bed.bmp.lzma: No such file or directory"
[ 23:20:05,720 ] Update failed. Please reinstall Tibia to update your client.
[ 23:20:05,720 ] "Failed to load asset 'sprites-c42709b35cc04854f311258b47fb44a9aa477816704cf5206ac35048a599b7aa.bmp.lzma': I/O error on file C:/Users/guilh/Desktop/Tibia 11.44.5516/assets/sprites-c42709b35cc04854f311258b47fb44a9aa477816704cf5206ac35048a599b7aa.bmp.lzma: No such file or directory"
[ 23:20:05,720 ] Update failed. Please reinstall Tibia to update your client.
[ 23:20:05,721 ] "Failed to load asset 'sprites-64150baa720197e89ae565ea29974797c339742ecdb63e8789fe3371a669bf0b.bmp.lzma': I/O error on file C:/Users/guilh/Desktop/Tibia 11.44.5516/assets/sprites-64150baa720197e89ae565ea29974797c339742ecdb63e8789fe3371a669bf0b.bmp.lzma: No such file or directory"
[ 23:20:05,721 ] Update failed. Please reinstall Tibia to update your client.
[ 23:20:05,721 ] "Failed to load asset 'sprites-a7776d938e4b42021ce94136a2930593469d815042839912de3e53104878dc53.bmp.lzma': I/O error on file C:/Users/guilh/Desktop/Tibia 11.44.5516/assets/sprites-a7776d938e4b42021ce94136a2930593469d815042839912de3e53104878dc53.bmp.lzma: No such file or directory"
[ 23:20:05,721 ] Update failed. Please reinstall Tibia to update your client.
[ 23:20:05,722 ] "Failed to load asset 'sprites-dea26fe3b65a5b400a12f81b6ca11cfe6f7793696c1cb8e591e38f8ada4c79a4.bmp.lzma': I/O error on file C:/Users/guilh/Desktop/Tibia 11.44.5516/assets/sprites-dea26fe3b65a5b400a12f81b6ca11cfe6f7793696c1cb8e591e38f8ada4c79a4.bmp.lzma: No such file or directory"
[ 23:20:05,722 ] Update failed. Please reinstall Tibia to update your client.
[ 23:20:05,722 ] "Failed to load asset 'sprites-ba04e95c1c510e232a71a1bb471c1cc23fb634da4a918ef04c34d7873b06065c.bmp.lzma': I/O error on file C:/Users/guilh/Desktop/Tibia 11.44.5516/assets/sprites-ba04e95c1c510e232a71a1bb471c1cc23fb634da4a918ef04c34d7873b06065c.bmp.lzma: No such file or directory"
[ 23:20:05,722 ] Update failed. Please reinstall Tibia to update your client.
[ 23:20:05,723 ] "Failed to load asset 'sprites-6b89df298471c1606b2e16c422a647d7d267f7603efa1c9c6e9492cc23263342.bmp.lzma': I/O error on file C:/Users/guilh/Desktop/Tibia 11.44.5516/assets/sprites-6b89df298471c1606b2e16c422a647d7d267f7603efa1c9c6e9492cc23263342.bmp.lzma: No such file or directory"
[ 23:20:05,723 ] Update failed. Please reinstall Tibia to update your client.
[ 23:20:05,723 ] "Failed to load asset 'sprites-76d118ebced30ac5fe5c762c02dae738b2e57542b313be2fd3cc648b7d1adb5c.bmp.lzma': I/O error on file C:/Users/guilh/Desktop/Tibia 11.44.5516/assets/sprites-76d118ebced30ac5fe5c762c02dae738b2e57542b313be2fd3cc648b7d1adb5c.bmp.lzma: No such file or directory"
[ 23:20:05,723 ] Update failed. Please reinstall Tibia to update your client.
[ 23:20:05,724 ] "Failed to load asset 'sprites-951b5318c93274cee1ec987fa93a52dcd1e972f523f2b270ab8db23975216c4c.bmp.lzma': I/O error on file C:/Users/guilh/Desktop/Tibia 11.44.5516/assets/sprites-951b5318c93274cee1ec987fa93a52dcd1e972f523f2b270ab8db23975216c4c.bmp.lzma: No such file or directory"
[ 23:20:05,724 ] Update failed. Please reinstall Tibia to update your client.
[ 23:20:05,724 ] "Failed to load asset 'sprites-c26b99f2b31cac071df9e82b5d5666945251cbbf8dd22ad2fd1f096e0fceb934.bmp.lzma': I/O error on file C:/Users/guilh/Desktop/Tibia 11.44.5516/assets/sprites-c26b99f2b31cac071df9e82b5d5666945251cbbf8dd22ad2fd1f096e0fceb934.bmp.lzma: No such file or directory"
[ 23:20:05,724 ] Update failed. Please reinstall Tibia to update your client.
[ 23:20:05,725 ] "Failed to load asset 'sprites-6a809e7566bf461fbd74f896499fd9374bef22806dcc1e9c90eee299ef5183ef.bmp.lzma': I/O error on file C:/Users/guilh/Desktop/Tibia 11.44.5516/assets/sprites-6a809e7566bf461fbd74f896499fd9374bef22806dcc1e9c90eee299ef5183ef.bmp.lzma: No such file or directory"
[ 23:20:05,725 ] Update failed. Please reinstall Tibia to update your client.
[ 23:20:05,725 ] "Failed to load asset 'sprites-a33a0eb3892fce216fd2f4ceb3c21fea04a0fac25a13c7b5ecafcc38b80722d7.bmp.lzma': I/O error on file C:/Users/guilh/Desktop/Tibia 11.44.5516/assets/sprites-a33a0eb3892fce216fd2f4ceb3c21fea04a0fac25a13c7b5ecafcc38b80722d7.bmp.lzma: No such file or directory"
[ 23:20:05,725 ] Update failed. Please reinstall Tibia to update your client.
[ 23:20:05,725 ] "Failed to load asset 'sprites-a78492f35c194d18da9a6bceca0669dc19d5fb0cb3efcfcb6333e14a732e7c08.bmp.lzma': I/O error on file C:/Users/guilh/Desktop/Tibia 11.44.5516/assets/sprites-a78492f35c194d18da9a6bceca0669dc19d5fb0cb3efcfcb6333e14a732e7c08.bmp.lzma: No such file or directory"
[ 23:20:05,726 ] Update failed. Please reinstall Tibia to update your client.
[ 23:20:05,726 ] "Failed to load asset 'sprites-b89f7f69a2ab100e16a9f37c7aad12229b740f00e5d956504b8ea5405388df71.bmp.lzma': I/O error on file C:/Users/guilh/Desktop/Tibia 11.44.5516/assets/sprites-b89f7f69a2ab100e16a9f37c7aad12229b740f00e5d956504b8ea5405388df71.bmp.lzma: No such file or directory"
[ 23:20:05,726 ] Update failed. Please reinstall Tibia to update your client.
[ 23:20:05,726 ] "Failed to load asset 'sprites-d19287b6bbaee534ccc1e2e05d3b412e3759c2ca33656ced0c346f773796ceb1.bmp.lzma': I/O error on file C:/Users/guilh/Desktop/Tibia 11.44.5516/assets/sprites-d19287b6bbaee534ccc1e2e05d3b412e3759c2ca33656ced0c346f773796ceb1.bmp.lzma: No such file or directory"
[ 23:20:05,727 ] Update failed. Please reinstall Tibia to update your client.
[ 23:20:05,727 ] "Failed to load asset 'sprites-f817c7da016f902dbf274d99ac49775f0582af8b3e82c61ba068b757a573a82e.bmp.lzma': I/O error on file C:/Users/guilh/Desktop/Tibia 11.44.5516/assets/sprites-f817c7da016f902dbf274d99ac49775f0582af8b3e82c61ba068b757a573a82e.bmp.lzma: No such file or directory"
[ 23:20:05,727 ] Update failed. Please reinstall Tibia to update your client.
[ 23:20:05,727 ] "Failed to load asset 'sprites-e58ad77da4822f1fd271d1007876f901627ea3aed7154d2cab537f1ad41953b0.bmp.lzma': I/O error on file C:/Users/guilh/Desktop/Tibia 11.44.5516/assets/sprites-e58ad77da4822f1fd271d1007876f901627ea3aed7154d2cab537f1ad41953b0.bmp.lzma: No such file or directory"
[ 23:20:05,728 ] Update failed. Please reinstall Tibia to update your client.
[ 23:20:05,728 ] "Failed to load asset 'sprites-989e79b775f382a5d187f07bba3aab6cd3c2644ecd4b04aa80b86f043920f1f2.bmp.lzma': I/O error on file C:/Users/guilh/Desktop/Tibia 11.44.5516/assets/sprites-989e79b775f382a5d187f07bba3aab6cd3c2644ecd4b04aa80b86f043920f1f2.bmp.lzma: No such file or directory"
[ 23:20:05,728 ] Update failed. Please reinstall Tibia to update your client.
[ 23:20:05,728 ] "Failed to load asset 'sprites-cb9b12e5cf2ec70fb114e34be038770f7ded8921694689044b16a94a5c5b0715.bmp.lzma': I/O error on file C:/Users/guilh/Desktop/Tibia 11.44.5516/assets/sprites-cb9b12e5cf2ec70fb114e34be038770f7ded8921694689044b16a94a5c5b0715.bmp.lzma: No such file or directory"
[ 23:20:05,729 ] Update failed. Please reinstall Tibia to update your client.
[ 23:20:05,729 ] "Failed to load asset 'sprites-c73f523aa286f6a550bdcee61d107b7f6bfc65058c96b7600b79e2ea4e13005e.bmp.lzma': I/O error on file C:/Users/guilh/Desktop/Tibia 11.44.5516/assets/sprites-c73f523aa286f6a550bdcee61d107b7f6bfc65058c96b7600b79e2ea4e13005e.bmp.lzma: No such file or directory"
[ 23:20:05,730 ] Update failed. Please reinstall Tibia to update your client.
[ 23:20:05,730 ] "Failed to load asset 'sprites-aedaafbb314b8a4cf4f19f800b7ec376b9702db1dbfb62e83568de4aaf50900e.bmp.lzma': I/O error on file C:/Users/guilh/Desktop/Tibia 11.44.5516/assets/sprites-aedaafbb314b8a4cf4f19f800b7ec376b9702db1dbfb62e83568de4aaf50900e.bmp.lzma: No such file or directory"
[ 23:20:05,731 ] Update failed. Please reinstall Tibia to update your client.
[ 23:20:05,731 ] "Failed to load asset 'sprites-d2794e1cfa800d35536522cd9f20e2d92b79e578c398012a4cfd6f87d9cf81eb.bmp.lzma': I/O error on file C:/Users/guilh/Desktop/Tibia 11.44.5516/assets/sprites-d2794e1cfa800d35536522cd9f20e2d92b79e578c398012a4cfd6f87d9cf81eb.bmp.lzma: No such file or directory"
[ 23:20:05,732 ] Update failed. Please reinstall Tibia to update your client.
[ 23:20:05,732 ] "Failed to load asset 'sprites-744bd92baa50d989ee4321d7bf93cb6a1cdc56f5c626fe32910b7a4c7a819af7.bmp.lzma': I/O error on file C:/Users/guilh/Desktop/Tibia 11.44.5516/assets/sprites-744bd92baa50d989ee4321d7bf93cb6a1cdc56f5c626fe32910b7a4c7a819af7.bmp.lzma: No such file or directory"
[ 23:20:05,733 ] Update failed. Please reinstall Tibia to update your client.
[ 23:20:05,733 ] "Failed to load asset 'sprites-ec97f2e66e99bcb91c4d0f32a39df49d5235996e7a1c0ee5d5a3119e75cc34b3.bmp.lzma': I/O error on file C:/Users/guilh/Desktop/Tibia 11.44.5516/assets/sprites-ec97f2e66e99bcb91c4d0f32a39df49d5235996e7a1c0ee5d5a3119e75cc34b3.bmp.lzma: No such file or directory"
[ 23:20:05,734 ] Update failed. Please reinstall Tibia to update your client.
[ 23:20:05,734 ] "Failed to load asset 'sprites-92a3a443f6e9e90e84f7136f7f3af755908ea2f4ed1f35263eee57e361efa7c7.bmp.lzma': I/O error on file C:/Users/guilh/Desktop/Tibia 11.44.5516/assets/sprites-92a3a443f6e9e90e84f7136f7f3af755908ea2f4ed1f35263eee57e361efa7c7.bmp.lzma: No such file or directory"
[ 23:20:05,735 ] Update failed. Please reinstall Tibia to update your client.
[ 23:20:05,735 ] "Failed to load asset 'sprites-72cc63e28d923c46429861a4c8fef7d65bc37bda55d1dad9828c7f84f2890971.bmp.lzma': I/O error on file C:/Users/guilh/Desktop/Tibia 11.44.5516/assets/sprites-72cc63e28d923c46429861a4c8fef7d65bc37bda55d1dad9828c7f84f2890971.bmp.lzma: No such file or directory"
[ 23:20:05,736 ] Update failed. Please reinstall Tibia to update your client.
[ 23:20:05,737 ] "Failed to load asset 'sprites-c0d30cc3dcc9d0f72adc0d4d8c860fda66960bdcdd6812c96ed66cf929884bef.bmp.lzma': I/O error on file C:/Users/guilh/Desktop/Tibia 11.44.5516/assets/sprites-c0d30cc3dcc9d0f72adc0d4d8c860fda66960bdcdd6812c96ed66cf929884bef.bmp.lzma: No such file or directory"
[ 23:20:05,737 ] Update failed. Please reinstall Tibia to update your client.
[ 23:20:05,738 ] "Failed to load asset 'sprites-7822970c154de1d7f8a412b506e4e9a060f48c5e5b851b5eccad09fd3749f9f4.bmp.lzma': I/O error on file C:/Users/guilh/Desktop/Tibia 11.44.5516/assets/sprites-7822970c154de1d7f8a412b506e4e9a060f48c5e5b851b5eccad09fd3749f9f4.bmp.lzma: No such file or directory"
[ 23:20:05,739 ] Update failed. Please reinstall Tibia to update your client.
[ 23:20:05,739 ] "Failed to load asset 'sprites-d5901a35334113e369c649bb5b284e0702a95fbf27760253d14b912996a50a5e.bmp.lzma': I/O error on file C:/Users/guilh/Desktop/Tibia 11.44.5516/assets/sprites-d5901a35334113e369c649bb5b284e0702a95fbf27760253d14b912996a50a5e.bmp.lzma: No such file or directory"
[ 23:20:05,740 ] Update failed. Please reinstall Tibia to update your client.
[ 23:20:05,740 ] "Failed to load asset 'sprites-a895cc26ceecd9c630ea494d307b80026f5fe4dfa8d1433498c9bd286b237088.bmp.lzma': I/O error on file C:/Users/guilh/Desktop/Tibia 11.44.5516/assets/sprites-a895cc26ceecd9c630ea494d307b80026f5fe4dfa8d1433498c9bd286b237088.bmp.lzma: No such file or directory"
[ 23:20:05,741 ] Update failed. Please reinstall Tibia to update your client.
[ 23:20:05,741 ] "Failed to load asset 'sprites-e23e2101865d0e9036a7f798ad1743892fd6068dea53a2b0564509a9122cbb1d.bmp.lzma': I/O error on file C:/Users/guilh/Desktop/Tibia 11.44.5516/assets/sprites-e23e2101865d0e9036a7f798ad1743892fd6068dea53a2b0564509a9122cbb1d.bmp.lzma: No such file or directory"
[ 23:20:05,742 ] Update failed. Please reinstall Tibia to update your client.
[ 23:20:05,742 ] "Failed to load asset 'sprites-70ed539ec9e77dcc0835af6df9419ddf881b7b2b16dcad7d67c0d124736962fa.bmp.lzma': I/O error on file C:/Users/guilh/Desktop/Tibia 11.44.5516/assets/sprites-70ed539ec9e77dcc0835af6df9419ddf881b7b2b16dcad7d67c0d124736962fa.bmp.lzma: No such file or directory"
[ 23:20:05,743 ] Update failed. Please reinstall Tibia to update your client.
[ 23:20:05,743 ] "Failed to load asset 'sprites-9b510cdc155cb4707c4faadce2164d924e787fb247f11fcda13b1763fe715a22.bmp.lzma': I/O error on file C:/Users/guilh/Desktop/Tibia 11.44.5516/assets/sprites-9b510cdc155cb4707c4faadce2164d924e787fb247f11fcda13b1763fe715a22.bmp.lzma: No such file or directory"
[ 23:20:05,743 ] Update failed. Please reinstall Tibia to update your client.
[ 23:20:05,743 ] "Failed to load asset 'sprites-802377c5c51192deab32e9821cdf8d199bb34dd40cd42dc4d66d1076a927a245.bmp.lzma': I/O error on file C:/Users/guilh/Desktop/Tibia 11.44.5516/assets/sprites-802377c5c51192deab32e9821cdf8d199bb34dd40cd42dc4d66d1076a927a245.bmp.lzma: No such file or directory"
[ 23:20:05,744 ] Update failed. Please reinstall Tibia to update your client.
[ 23:20:05,744 ] "Failed to load asset 'sprites-a41d6bd09d86fd5d555f55230ee9d3a0d8470602c2529ee68e2c2648be2506b5.bmp.lzma': I/O error on file C:/Users/guilh/Desktop/Tibia 11.44.5516/assets/sprites-a41d6bd09d86fd5d555f55230ee9d3a0d8470602c2529ee68e2c2648be2506b5.bmp.lzma: No such file or directory"
[ 23:20:05,745 ] Update failed. Please reinstall Tibia to update your client.
[ 23:20:05,745 ] "Failed to load asset 'sprites-cb59ce74be3b81d02c03ad018a8c9d2443d643768971eb386916329a688d286c.bmp.lzma': I/O error on file C:/Users/guilh/Desktop/Tibia 11.44.5516/assets/sprites-cb59ce74be3b81d02c03ad018a8c9d2443d643768971eb386916329a688d286c.bmp.lzma: No such file or directory"
[ 23:20:05,746 ] Update failed. Please reinstall Tibia to update your client.
[ 23:20:06,951 ] QObject::connect: Cannot connect (null)::stateChanged(QNetworkSession::State) to QNetworkReplyHttpImpl::_q_networkSessionStateChanged(QNetworkSession::State)
[ 23:20:07,779 ] "Failed to load asset 'sprites-a60814fc493d652e9ef5c7a8c71b87fb70172a3e549015d5807defda8144c25e.bmp.lzma': I/O error on file C:/Users/guilh/Desktop/Tibia 11.44.5516/assets/sprites-a60814fc493d652e9ef5c7a8c71b87fb70172a3e549015d5807defda8144c25e.bmp.lzma: No such file or directory"
[ 23:20:07,780 ] Update failed. Please reinstall Tibia to update your client.
[ 23:20:07,791 ] "Failed to load asset 'sprites-afecf717a2bf58314cdfbf2b41a742e8086cb2c678af87fb4f76ec2f33412c99.bmp.lzma': I/O error on file C:/Users/guilh/Desktop/Tibia 11.44.5516/assets/sprites-afecf717a2bf58314cdfbf2b41a742e8086cb2c678af87fb4f76ec2f33412c99.bmp.lzma: No such file or directory"
[ 23:20:07,793 ] Update failed. Please reinstall Tibia to update your client.
[ 23:20:07,800 ] "Failed to load asset 'sprites-a67e6f3db4ba62ceed97ee49c12e7216179a7629afe63344c49266914e6e23a2.bmp.lzma': I/O error on file C:/Users/guilh/Desktop/Tibia 11.44.5516/assets/sprites-a67e6f3db4ba62ceed97ee49c12e7216179a7629afe63344c49266914e6e23a2.bmp.lzma: No such file or directory"
[ 23:20:07,814 ] Update failed. Please reinstall Tibia to update your client.
[ 23:20:07,821 ] "Failed to load asset 'sprites-a12000aeda4b36df061aba6c2e7ed0801eaa2a822d61d987d8c44a5a91f21880.bmp.lzma': I/O error on file C:/Users/guilh/Desktop/Tibia 11.44.5516/assets/sprites-a12000aeda4b36df061aba6c2e7ed0801eaa2a822d61d987d8c44a5a91f21880.bmp.lzma: No such file or directory"
[ 23:20:07,822 ] Update failed. Please reinstall Tibia to update your client.
[ 23:20:07,829 ] "Failed to load asset 'sprites-7bf5aeacb4918c20805bacd63ad32e092969937871858f16fb5958a0a8b876a5.bmp.lzma': I/O error on file C:/Users/guilh/Desktop/Tibia 11.44.5516/assets/sprites-7bf5aeacb4918c20805bacd63ad32e092969937871858f16fb5958a0a8b876a5.bmp.lzma: No such file or directory"
[ 23:20:07,830 ] Update failed. Please reinstall Tibia to update your client.
[ 23:20:07,836 ] "Failed to load asset 'sprites-87ce85b295ac8ba0739951770b5f0fde8c3f649a5d86655e4129885f586ae08e.bmp.lzma': I/O error on file C:/Users/guilh/Desktop/Tibia 11.44.5516/assets/sprites-87ce85b295ac8ba0739951770b5f0fde8c3f649a5d86655e4129885f586ae08e.bmp.lzma: No such file or directory"
[ 23:20:07,837 ] Update failed. Please reinstall Tibia to update your client.
[ 23:20:07,843 ] "Failed to load asset 'sprites-9940de3074711cd247fbcd4266130e9616f834824eb2cdb27ebaa95c9214442f.bmp.lzma': I/O error on file C:/Users/guilh/Desktop/Tibia 11.44.5516/assets/sprites-9940de3074711cd247fbcd4266130e9616f834824eb2cdb27ebaa95c9214442f.bmp.lzma: No such file or directory"
[ 23:20:07,847 ] Update failed. Please reinstall Tibia to update your client.
[ 23:20:07,852 ] "Failed to load asset 'sprites-c88624cb784155e503438ce8c8b7ee10ec0a7eef7b66aaa05813f05e1c3a6590.bmp.lzma': I/O error on file C:/Users/guilh/Desktop/Tibia 11.44.5516/assets/sprites-c88624cb784155e503438ce8c8b7ee10ec0a7eef7b66aaa05813f05e1c3a6590.bmp.lzma: No such file or directory"
[ 23:20:07,854 ] Update failed. Please reinstall Tibia to update your client.
[ 23:20:07,862 ] "Failed to load asset 'sprites-ddc39d0a238634f79dbbadc1561643aa2b18cfb6fc2ca1442afbc93910a43b2d.bmp.lzma': I/O error on file C:/Users/guilh/Desktop/Tibia 11.44.5516/assets/sprites-ddc39d0a238634f79dbbadc1561643aa2b18cfb6fc2ca1442afbc93910a43b2d.bmp.lzma: No such file or directory"
[ 23:20:07,863 ] Update failed. Please reinstall Tibia to update your client.
[ 23:20:07,889 ] "Failed to load asset 'sprites-e55a12eceda265e2c3f7fb7d9c767924ea4b6d75743ccc46b556ab387a5d93fb.bmp.lzma': I/O error on file C:/Users/guilh/Desktop/Tibia 11.44.5516/assets/sprites-e55a12eceda265e2c3f7fb7d9c767924ea4b6d75743ccc46b556ab387a5d93fb.bmp.lzma: No such file or directory"
[ 23:20:07,890 ] Update failed. Please reinstall Tibia to update your client.
[ 23:20:07,896 ] "Failed to load asset 'sprites-63548fd95cb8931e474628cc56f859e810538c2a5487531ff99ed28c71adf2da.bmp.lzma': I/O error on file C:/Users/guilh/Desktop/Tibia 11.44.5516/assets/sprites-63548fd95cb8931e474628cc56f859e810538c2a5487531ff99ed28c71adf2da.bmp.lzma: No such file or directory"
[ 23:20:07,897 ] Update failed. Please reinstall Tibia to update your client.
[ 23:20:07,903 ] "Failed to load asset 'sprites-c0af0bebb879c0087795dc1d7f987d52a061ea796bc3f53942afafc1ce696877.bmp.lzma': I/O error on file C:/Users/guilh/Desktop/Tibia 11.44.5516/assets/sprites-c0af0bebb879c0087795dc1d7f987d52a061ea796bc3f53942afafc1ce696877.bmp.lzma: No such file or directory"
[ 23:20:07,903 ] Update failed. Please reinstall Tibia to update your client.
[ 23:20:07,909 ] "Failed to load asset 'sprites-d949e48fa4e187f1be18dd22995d8929b2cef19d6614e91b5247f9fabcc2e19d.bmp.lzma': I/O error on file C:/Users/guilh/Desktop/Tibia 11.44.5516/assets/sprites-d949e48fa4e187f1be18dd22995d8929b2cef19d6614e91b5247f9fabcc2e19d.bmp.lzma: No such file or directory"
[ 23:20:07,910 ] Update failed. Please reinstall Tibia to update your client.
[ 23:20:07,914 ] "Failed to load asset 'sprites-b762fa96b24fcd86639be15ef33409427db1ff4000b7bb46a6a111789042aaef.bmp.lzma': I/O error on file C:/Users/guilh/Desktop/Tibia 11.44.5516/assets/sprites-b762fa96b24fcd86639be15ef33409427db1ff4000b7bb46a6a111789042aaef.bmp.lzma: No such file or directory"
[ 23:20:07,915 ] Update failed. Please reinstall Tibia to update your client.
[ 23:20:07,933 ] "Failed to load asset 'sprites-e0935f55ab57b746d03e89566a6d87e5ad4755e0ececf698d11f2c85d6f1bfa0.bmp.lzma': I/O error on file C:/Users/guilh/Desktop/Tibia 11.44.5516/assets/sprites-e0935f55ab57b746d03e89566a6d87e5ad4755e0ececf698d11f2c85d6f1bfa0.bmp.lzma: No such file or directory"
[ 23:20:07,934 ] Update failed. Please reinstall Tibia to update your client.
[ 23:20:07,940 ] "Failed to load asset 'sprites-7e8a574d23df3c4c81bfe079088028ae0c989b23ccf3423c58e1078ae5d4ebcc.bmp.lzma': I/O error on file C:/Users/guilh/Desktop/Tibia 11.44.5516/assets/sprites-7e8a574d23df3c4c81bfe079088028ae0c989b23ccf3423c58e1078ae5d4ebcc.bmp.lzma: No such file or directory"
[ 23:20:07,940 ] Update failed. Please reinstall Tibia to update your client.
[ 23:20:07,946 ] "Failed to load asset 'sprites-8025c312cc7d2667baad5061d4a8975ef062a2d7632c3e4bd7071bfac2cd8e0d.bmp.lzma': I/O error on file C:/Users/guilh/Desktop/Tibia 11.44.5516/assets/sprites-8025c312cc7d2667baad5061d4a8975ef062a2d7632c3e4bd7071bfac2cd8e0d.bmp.lzma: No such file or directory"
[ 23:20:07,947 ] Update failed. Please reinstall Tibia to update your client.
[ 23:20:07,955 ] "Failed to load asset 'sprites-f4a4241cd02c4548cdad1f5bbd2d8ad8d4df8f016fec9b0a6d962ffccd3ed8ce.bmp.lzma': I/O error on file C:/Users/guilh/Desktop/Tibia 11.44.5516/assets/sprites-f4a4241cd02c4548cdad1f5bbd2d8ad8d4df8f016fec9b0a6d962ffccd3ed8ce.bmp.lzma: No such file or directory"
[ 23:20:07,957 ] Update failed. Please reinstall Tibia to update your client.
[ 23:20:07,962 ] "Failed to load asset 'sprites-9caea74f1ffcefd9498b8144640b4e40deb5df4a91b487f53cef40c21c6fe9cb.bmp.lzma': I/O error on file C:/Users/guilh/Desktop/Tibia 11.44.5516/assets/sprites-9caea74f1ffcefd9498b8144640b4e40deb5df4a91b487f53cef40c21c6fe9cb.bmp.lzma: No such file or directory"
[ 23:20:07,963 ] Update failed. Please reinstall Tibia to update your client.
[ 23:20:07,981 ] "Failed to load asset 'sprites-a850e1e01b78eb7833df42ddda69cb876ca3cc4b179a591a000bbcc9803c3e66.bmp.lzma': I/O error on file C:/Users/guilh/Desktop/Tibia 11.44.5516/assets/sprites-a850e1e01b78eb7833df42ddda69cb876ca3cc4b179a591a000bbcc9803c3e66.bmp.lzma: No such file or directory"
[ 23:20:07,982 ] Update failed. Please reinstall Tibia to update your client.
[ 23:20:07,987 ] "Failed to load asset 'sprites-93f79077ea3882724a62f6608fbbeb2f7af859a8fcbe3667f0a6b8b0fa6fda0f.bmp.lzma': I/O error on file C:/Users/guilh/Desktop/Tibia 11.44.5516/assets/sprites-93f79077ea3882724a62f6608fbbeb2f7af859a8fcbe3667f0a6b8b0fa6fda0f.bmp.lzma: No such file or directory"
[ 23:20:07,988 ] Update failed. Please reinstall Tibia to update your client.
[ 23:20:07,993 ] "Failed to load asset 'sprites-dc6dbdc204f4089ce3764e148159e188a6f165ffed72c0e12ab9dedbb5efe29e.bmp.lzma': I/O error on file C:/Users/guilh/Desktop/Tibia 11.44.5516/assets/sprites-dc6dbdc204f4089ce3764e148159e188a6f165ffed72c0e12ab9dedbb5efe29e.bmp.lzma: No such file or directory"
[ 23:20:07,994 ] Update failed. Please reinstall Tibia to update your client.
[ 23:20:07,999 ] "Failed to load asset 'sprites-f38c7560ec6624131c84c2ef7ec31bb868338a1a34c81bd441304b3d9bd81e01.bmp.lzma': I/O error on file C:/Users/guilh/Desktop/Tibia 11.44.5516/assets/sprites-f38c7560ec6624131c84c2ef7ec31bb868338a1a34c81bd441304b3d9bd81e01.bmp.lzma: No such file or directory"
[ 23:20:08,000 ] Update failed. Please reinstall Tibia to update your client.
[ 23:20:08,008 ] "Failed to load asset 'sprites-aaa02e9c467abbca288b4ce9e6a843f1d8c06970be84736e3ee4e5ebe03fbdcc.bmp.lzma': I/O error on file C:/Users/guilh/Desktop/Tibia 11.44.5516/assets/sprites-aaa02e9c467abbca288b4ce9e6a843f1d8c06970be84736e3ee4e5ebe03fbdcc.bmp.lzma: No such file or directory"
[ 23:20:08,008 ] Update failed. Please reinstall Tibia to update your client.
[ 23:20:08,014 ] "Failed to load asset 'sprites-7f5548db3903734a4d9e7c1ce3872b2761a6f3c54d6fde892c3cebe005a18a0e.bmp.lzma': I/O error on file C:/Users/guilh/Desktop/Tibia 11.44.5516/assets/sprites-7f5548db3903734a4d9e7c1ce3872b2761a6f3c54d6fde892c3cebe005a18a0e.bmp.lzma: No such file or directory"
[ 23:20:08,014 ] Update failed. Please reinstall Tibia to update your client.
[ 23:20:08,020 ] "Failed to load asset 'sprites-80cb4498b61a6ab7625fdbc3842443c8f420e969b20b1142b80702155fb289f5.bmp.lzma': I/O error on file C:/Users/guilh/Desktop/Tibia 11.44.5516/assets/sprites-80cb4498b61a6ab7625fdbc3842443c8f420e969b20b1142b80702155fb289f5.bmp.lzma: No such file or directory"
[ 23:20:08,021 ] Update failed. Please reinstall Tibia to update your client.
[ 23:20:08,027 ] "Failed to load asset 'sprites-c314400b594149a907b2d1394bbcbc4b4d7ec4fa8c48398c19b48848311429e3.bmp.lzma': I/O error on file C:/Users/guilh/Desktop/Tibia 11.44.5516/assets/sprites-c314400b594149a907b2d1394bbcbc4b4d7ec4fa8c48398c19b48848311429e3.bmp.lzma: No such file or directory"
[ 23:20:08,028 ] Update failed. Please reinstall Tibia to update your client.
[ 23:20:08,033 ] "Failed to load asset 'sprites-a86bcbfc14afabd504bdeba2f71a1af89bf7eeefa7ba8664a06ecc425c435d7d.bmp.lzma': I/O error on file C:/Users/guilh/Desktop/Tibia 11.44.5516/assets/sprites-a86bcbfc14afabd504bdeba2f71a1af89bf7eeefa7ba8664a06ecc425c435d7d.bmp.lzma: No such file or directory"
[ 23:20:08,034 ] Update failed. Please reinstall Tibia to update your client.
[ 23:20:08,043 ] "Failed to load asset 'sprites-d7222e4559a9a2ac1745f098b7b2edee06300a807a741b150f00579d3ce7a7ec.bmp.lzma': I/O error on file C:/Users/guilh/Desktop/Tibia 11.44.5516/assets/sprites-d7222e4559a9a2ac1745f098b7b2edee06300a807a741b150f00579d3ce7a7ec.bmp.lzma: No such file or directory"
[ 23:20:08,048 ] Update failed. Please reinstall Tibia to update your client.
[ 23:20:08,054 ] "Failed to load asset 'sprites-cebfbb9b3cf34aafcba9026149331cc684a7762a266cb219fa8ba242fbf86cdc.bmp.lzma': I/O error on file C:/Users/guilh/Desktop/Tibia 11.44.5516/assets/sprites-cebfbb9b3cf34aafcba9026149331cc684a7762a266cb219fa8ba242fbf86cdc.bmp.lzma: No such file or directory"
[ 23:20:08,055 ] Update failed. Please reinstall Tibia to update your client.
[ 23:20:08,062 ] "Failed to load asset 'sprites-f224eb4f20f6522a4a21d5bcc56d6ac54fb6c0c5f39bd0678073ca23b34b8678.bmp.lzma': I/O error on file C:/Users/guilh/Desktop/Tibia 11.44.5516/assets/sprites-f224eb4f20f6522a4a21d5bcc56d6ac54fb6c0c5f39bd0678073ca23b34b8678.bmp.lzma: No such file or directory"
[ 23:20:08,063 ] Update failed. Please reinstall Tibia to update your client.
[ 23:20:08,069 ] "Failed to load asset 'sprites-ff63b40024cc7460c91ecc0fe547d3a9ac57576fffbcfdbb16c5a96c57abf6a5.bmp.lzma': I/O error on file C:/Users/guilh/Desktop/Tibia 11.44.5516/assets/sprites-ff63b40024cc7460c91ecc0fe547d3a9ac57576fffbcfdbb16c5a96c57abf6a5.bmp.lzma: No such file or directory"
[ 23:20:08,070 ] Update failed. Please reinstall Tibia to update your client.
[ 23:20:08,075 ] "Failed to load asset 'sprites-e78a14eb19559778cecdfeea0b3a957586b31db9599cdc81dcd5aacdb2b4d892.bmp.lzma': I/O error on file C:/Users/guilh/Desktop/Tibia 11.44.5516/assets/sprites-e78a14eb19559778cecdfeea0b3a957586b31db9599cdc81dcd5aacdb2b4d892.bmp.lzma: No such file or directory"
[ 23:20:08,076 ] Update failed. Please reinstall Tibia to update your client.
[ 23:20:08,082 ] "Failed to load asset 'sprites-86a9f14bb88ce9f51e80398ce8a1e85886bba09f44b06ae3fb444792d7b6f0a8.bmp.lzma': I/O error on file C:/Users/guilh/Desktop/Tibia 11.44.5516/assets/sprites-86a9f14bb88ce9f51e80398ce8a1e85886bba09f44b06ae3fb444792d7b6f0a8.bmp.lzma: No such file or directory"
[ 23:20:08,083 ] Update failed. Please reinstall Tibia to update your client.
[ 23:20:08,090 ] "Failed to load asset 'sprites-e9c4dc2e0034d6ac37a968280550318b383fd315ab4cf62ee8864073dc4a7411.bmp.lzma': I/O error on file C:/Users/guilh/Desktop/Tibia 11.44.5516/assets/sprites-e9c4dc2e0034d6ac37a968280550318b383fd315ab4cf62ee8864073dc4a7411.bmp.lzma: No such file or directory"
[ 23:20:08,092 ] Update failed. Please reinstall Tibia to update your client.
[ 23:20:08,097 ] "Failed to load asset 'sprites-b5a11f9751e0e97eb706603b00c132cea4050151d18b6e7c7ee726b1ab4109e2.bmp.lzma': I/O error on file C:/Users/guilh/Desktop/Tibia 11.44.5516/assets/sprites-b5a11f9751e0e97eb706603b00c132cea4050151d18b6e7c7ee726b1ab4109e2.bmp.lzma: No such file or directory"
[ 23:20:08,098 ] Update failed. Please reinstall Tibia to update your client.
[ 23:20:08,103 ] "Failed to load asset 'sprites-f37daa3731a10e381c63ecade1fd14db298bb4f2357675fe8052a191c22262b0.bmp.lzma': I/O error on file C:/Users/guilh/Desktop/Tibia 11.44.5516/assets/sprites-f37daa3731a10e381c63ecade1fd14db298bb4f2357675fe8052a191c22262b0.bmp.lzma: No such file or directory"
[ 23:20:08,104 ] Update failed. Please reinstall Tibia to update your client.
[ 23:20:08,110 ] "Failed to load asset 'sprites-d38379303d4a2b7b28ca6226829514466ab92064408dce2d34663f5bdebf50dc.bmp.lzma': I/O error on file C:/Users/guilh/Desktop/Tibia 11.44.5516/assets/sprites-d38379303d4a2b7b28ca6226829514466ab92064408dce2d34663f5bdebf50dc.bmp.lzma: No such file or directory"
[ 23:20:08,111 ] Update failed. Please reinstall Tibia to update your client.
[ 23:20:08,116 ] "Failed to load asset 'sprites-82fde3166a86c370e7951c1ff628d9a2b95b8d3afcc08d20f4ce122da9461ce9.bmp.lzma': I/O error on file C:/Users/guilh/Desktop/Tibia 11.44.5516/assets/sprites-82fde3166a86c370e7951c1ff628d9a2b95b8d3afcc08d20f4ce122da9461ce9.bmp.lzma: No such file or directory"
[ 23:20:08,117 ] Update failed. Please reinstall Tibia to update your client.
[ 23:20:08,127 ] "Failed to load asset 'sprites-f8b85d9719bdc02e0aba606133d16f5581aa3abe1b1950d3d27b4e3f7091ccf0.bmp.lzma': I/O error on file C:/Users/guilh/Desktop/Tibia 11.44.5516/assets/sprites-f8b85d9719bdc02e0aba606133d16f5581aa3abe1b1950d3d27b4e3f7091ccf0.bmp.lzma: No such file or directory"
[ 23:20:08,127 ] Update failed. Please reinstall Tibia to update your client.
[ 23:20:08,132 ] "Failed to load asset 'sprites-6814879d37313bd9991fb0dfdd4d11184641735208d0136c9aa7f356bffb8add.bmp.lzma': I/O error on file C:/Users/guilh/Desktop/Tibia 11.44.5516/assets/sprites-6814879d37313bd9991fb0dfdd4d11184641735208d0136c9aa7f356bffb8add.bmp.lzma: No such file or directory"
[ 23:20:08,133 ] Update failed. Please reinstall Tibia to update your client.
[ 23:20:08,138 ] "Failed to load asset 'sprites-a0a29816ed5f0cfc58ceccf28e7ba7010838f6613e91b895243ad3d8f2a62dd4.bmp.lzma': I/O error on file C:/Users/guilh/Desktop/Tibia 11.44.5516/assets/sprites-a0a29816ed5f0cfc58ceccf28e7ba7010838f6613e91b895243ad3d8f2a62dd4.bmp.lzma: No such file or directory"
[ 23:20:08,139 ] Update failed. Please reinstall Tibia to update your client.
[ 23:20:08,144 ] "Failed to load asset 'sprites-c2172425288284b0ad7a36fbe748a7290effa44344f4a6cec78a909a148133b2.bmp.lzma': I/O error on file C:/Users/guilh/Desktop/Tibia 11.44.5516/assets/sprites-c2172425288284b0ad7a36fbe748a7290effa44344f4a6cec78a909a148133b2.bmp.lzma: No such file or directory"
[ 23:20:08,144 ] Update failed. Please reinstall Tibia to update your client.
[ 23:20:08,149 ] "Failed to load asset 'sprites-8a3ed3f78a35c3c36259a16345ba4f2e58dcfbe5b10acaf509c3625ecb1aae02.bmp.lzma': I/O error on file C:/Users/guilh/Desktop/Tibia 11.44.5516/assets/sprites-8a3ed3f78a35c3c36259a16345ba4f2e58dcfbe5b10acaf509c3625ecb1aae02.bmp.lzma: No such file or directory"
[ 23:20:08,149 ] Update failed. Please reinstall Tibia to update your client.
[ 23:20:08,154 ] "Failed to load asset 'sprites-b9529665fe0912f9ade4d5c8fb83126b59532d7a666d2fd1f2a08b4ed5e928a0.bmp.lzma': I/O error on file C:/Users/guilh/Desktop/Tibia 11.44.5516/assets/sprites-b9529665fe0912f9ade4d5c8fb83126b59532d7a666d2fd1f2a08b4ed5e928a0.bmp.lzma: No such file or directory"
[ 23:20:08,155 ] Update failed. Please reinstall Tibia to update your client.
[ 23:20:08,162 ] "Failed to load asset 'sprites-d9712cbe9b1ed2717c450e51bbda6634ee25b5e2a96c61e1436e7410b511a78a.bmp.lzma': I/O error on file C:/Users/guilh/Desktop/Tibia 11.44.5516/assets/sprites-d9712cbe9b1ed2717c450e51bbda6634ee25b5e2a96c61e1436e7410b511a78a.bmp.lzma: No such file or directory"
[ 23:20:08,162 ] Update failed. Please reinstall Tibia to update your client.
[ 23:20:08,170 ] "Failed to load asset 'sprites-f15cc8a32269717308b996ac48a187efbfcdebf9c2e239207de7da1b262816fc.bmp.lzma': I/O error on file C:/Users/guilh/Desktop/Tibia 11.44.5516/assets/sprites-f15cc8a32269717308b996ac48a187efbfcdebf9c2e239207de7da1b262816fc.bmp.lzma: No such file or directory"
[ 23:20:08,171 ] Update failed. Please reinstall Tibia to update your client.
[ 23:20:08,175 ] "Failed to load asset 'sprites-d33827af0bb9c19cdb2ac2b5d397f014f756dfeb0180fee51ea34f76a0bf1c32.bmp.lzma': I/O error on file C:/Users/guilh/Desktop/Tibia 11.44.5516/assets/sprites-d33827af0bb9c19cdb2ac2b5d397f014f756dfeb0180fee51ea34f76a0bf1c32.bmp.lzma: No such file or directory"
[ 23:20:08,176 ] Update failed. Please reinstall Tibia to update your client.
[ 23:20:08,181 ] "Failed to load asset 'sprites-e1eb088f2bf4d8a83e8c52a0c06b182ab32345676c93687709e2d651b9d5347c.bmp.lzma': I/O error on file C:/Users/guilh/Desktop/Tibia 11.44.5516/assets/sprites-e1eb088f2bf4d8a83e8c52a0c06b182ab32345676c93687709e2d651b9d5347c.bmp.lzma: No such file or directory"
[ 23:20:08,181 ] Update failed. Please reinstall Tibia to update your client.
[ 23:20:08,187 ] "Failed to load asset 'sprites-eff05847c7d4d38473afbabcb1d501d526218c0e9e0da17c1b110b0c8b61a9ba.bmp.lzma': I/O error on file C:/Users/guilh/Desktop/Tibia 11.44.5516/assets/sprites-eff05847c7d4d38473afbabcb1d501d526218c0e9e0da17c1b110b0c8b61a9ba.bmp.lzma: No such file or directory"
[ 23:20:08,189 ] Update failed. Please reinstall Tibia to update your client.
[ 23:20:08,194 ] "Failed to load asset 'sprites-ccd088258636abdee40916ff90c7c9e39ba626bf88077a7e106cd1c5f082f930.bmp.lzma': I/O error on file C:/Users/guilh/Desktop/Tibia 11.44.5516/assets/sprites-ccd088258636abdee40916ff90c7c9e39ba626bf88077a7e106cd1c5f082f930.bmp.lzma: No such file or directory"
[ 23:20:08,195 ] Update failed. Please reinstall Tibia to update your client.
[ 23:20:08,200 ] "Failed to load asset 'sprites-6c7df85ea6f9b0e939962b36d78ac2787ffdf83069263233ed10f34c190ffc1a.bmp.lzma': I/O error on file C:/Users/guilh/Desktop/Tibia 11.44.5516/assets/sprites-6c7df85ea6f9b0e939962b36d78ac2787ffdf83069263233ed10f34c190ffc1a.bmp.lzma: No such file or directory"
[ 23:20:08,201 ] Update failed. Please reinstall Tibia to update your client.
[ 23:20:08,207 ] "Failed to load asset 'sprites-bb361f9456544c75fbbcd5f47b30a1dc98fa46d0c811da28e152156052cab7e6.bmp.lzma': I/O error on file C:/Users/guilh/Desktop/Tibia 11.44.5516/assets/sprites-bb361f9456544c75fbbcd5f47b30a1dc98fa46d0c811da28e152156052cab7e6.bmp.lzma: No such file or directory"
[ 23:20:08,208 ] Update failed. Please reinstall Tibia to update your client.
[ 23:20:08,213 ] "Failed to load asset 'sprites-dec0b51d268beeb3f0816a6b1d30ef0602e9929e35ccc8b6ecc7c62975d542c5.bmp.lzma': I/O error on file C:/Users/guilh/Desktop/Tibia 11.44.5516/assets/sprites-dec0b51d268beeb3f0816a6b1d30ef0602e9929e35ccc8b6ecc7c62975d542c5.bmp.lzma: No such file or directory"
[ 23:20:08,214 ] Update failed. Please reinstall Tibia to update your client.
[ 23:20:08,219 ] "Failed to load asset 'sprites-ed20aec81a08c3aaa85cd8d1747541d555d30924d8be1f845e91bdd6deea2f34.bmp.lzma': I/O error on file C:/Users/guilh/Desktop/Tibia 11.44.5516/assets/sprites-ed20aec81a08c3aaa85cd8d1747541d555d30924d8be1f845e91bdd6deea2f34.bmp.lzma: No such file or directory"
[ 23:20:08,220 ] Update failed. Please reinstall Tibia to update your client.
[ 23:20:08,225 ] "Failed to load asset 'sprites-98a23c8eeeb11102e57001d49cdecce22d3ca7a7e1c014e3db5547b5592b6a3a.bmp.lzma': I/O error on file C:/Users/guilh/Desktop/Tibia 11.44.5516/assets/sprites-98a23c8eeeb11102e57001d49cdecce22d3ca7a7e1c014e3db5547b5592b6a3a.bmp.lzma: No such file or directory"
[ 23:20:08,226 ] Update failed. Please reinstall Tibia to update your client.
[ 23:20:08,231 ] "Failed to load asset 'sprites-7d72c9181ee8ce52fd36c1563ab11c4a08b84b8f359c6c181d1c224ebc08eed8.bmp.lzma': I/O error on file C:/Users/guilh/Desktop/Tibia 11.44.5516/assets/sprites-7d72c9181ee8ce52fd36c1563ab11c4a08b84b8f359c6c181d1c224ebc08eed8.bmp.lzma: No such file or directory"
[ 23:20:08,232 ] Update failed. Please reinstall Tibia to update your client.
[ 23:20:08,239 ] "Failed to load asset 'sprites-d1062f0b757358a0373d5d6f9e8a3a84d142e46406aa51118093abca383681f8.bmp.lzma': I/O error on file C:/Users/guilh/Desktop/Tibia 11.44.5516/assets/sprites-d1062f0b757358a0373d5d6f9e8a3a84d142e46406aa51118093abca383681f8.bmp.lzma: No such file or directory"
[ 23:20:08,240 ] Update failed. Please reinstall Tibia to update your client.
[ 23:20:08,246 ] "Failed to load asset 'sprites-e03260b7bc5bad488f6a7d1b2c0a376ec18686ea555f459be7640daac26fe982.bmp.lzma': I/O error on file C:/Users/guilh/Desktop/Tibia 11.44.5516/assets/sprites-e03260b7bc5bad488f6a7d1b2c0a376ec18686ea555f459be7640daac26fe982.bmp.lzma: No such file or directory"
[ 23:20:08,246 ] Update failed. Please reinstall Tibia to update your client.
[ 23:20:08,252 ] "Failed to load asset 'sprites-e63a249df6593b79dec7d72aecc7ec48dd5f549e5b9c03054e495b66793391bb.bmp.lzma': I/O error on file C:/Users/guilh/Desktop/Tibia 11.44.5516/assets/sprites-e63a249df6593b79dec7d72aecc7ec48dd5f549e5b9c03054e495b66793391bb.bmp.lzma: No such file or directory"
[ 23:20:08,252 ] Update failed. Please reinstall Tibia to update your client.
[ 23:20:08,261 ] "Failed to load asset 'sprites-ec184c8f77bebfb252bb7fff1a87ccf25ae2a3ae1c2b4c91e708a52e68ab2241.bmp.lzma': I/O error on file C:/Users/guilh/Desktop/Tibia 11.44.5516/assets/sprites-ec184c8f77bebfb252bb7fff1a87ccf25ae2a3ae1c2b4c91e708a52e68ab2241.bmp.lzma: No such file or directory"
[ 23:20:08,262 ] Update failed. Please reinstall Tibia to update your client.
[ 23:20:08,268 ] "Failed to load asset 'sprites-802adbd59a45f3314403d819d20ef6adcf8732b6de9a770f4232fce807e87516.bmp.lzma': I/O error on file C:/Users/guilh/Desktop/Tibia 11.44.5516/assets/sprites-802adbd59a45f3314403d819d20ef6adcf8732b6de9a770f4232fce807e87516.bmp.lzma: No such file or directory"
[ 23:20:08,269 ] Update failed. Please reinstall Tibia to update your client.
[ 23:20:08,274 ] "Failed to load asset 'sprites-8f1cfe9ba9b80be31569929c382de7a67d41e07a9e68e8070df7dae1f3e61ce3.bmp.lzma': I/O error on file C:/Users/guilh/Desktop/Tibia 11.44.5516/assets/sprites-8f1cfe9ba9b80be31569929c382de7a67d41e07a9e68e8070df7dae1f3e61ce3.bmp.lzma: No such file or directory"
[ 23:20:08,275 ] Update failed. Please reinstall Tibia to update your client.
[ 23:20:08,283 ] "Failed to load asset 'sprites-8d644fe792a2650321cbfbd2125e617fd3769828039bae5b7839508849477052.bmp.lzma': I/O error on file C:/Users/guilh/Desktop/Tibia 11.44.5516/assets/sprites-8d644fe792a2650321cbfbd2125e617fd3769828039bae5b7839508849477052.bmp.lzma: No such file or directory"
[ 23:20:08,284 ] Update failed. Please reinstall Tibia to update your client.
[ 23:20:08,290 ] "Failed to load asset 'sprites-fd9a81e1a546cfc417adc2a326f6a7a2e6806d09e00f4179a1e7a98482a7dd70.bmp.lzma': I/O error on file C:/Users/guilh/Desktop/Tibia 11.44.5516/assets/sprites-fd9a81e1a546cfc417adc2a326f6a7a2e6806d09e00f4179a1e7a98482a7dd70.bmp.lzma: No such file or directory"
[ 23:20:08,291 ] Update failed. Please reinstall Tibia to update your client.
[ 23:20:08,297 ] "Failed to load asset 'sprites-df2615a47365360e50b6eb614faa6f90f2f04bd7109d4dac42a049d4dade0860.bmp.lzma': I/O error on file C:/Users/guilh/Desktop/Tibia 11.44.5516/assets/sprites-df2615a47365360e50b6eb614faa6f90f2f04bd7109d4dac42a049d4dade0860.bmp.lzma: No such file or directory"
[ 23:20:08,298 ] Update failed. Please reinstall Tibia to update your client.
[ 23:20:08,303 ] "Failed to load asset 'sprites-98d2ae468c26cc736d50de2654064ebce563c938000f417c5c258c2ced1b7f23.bmp.lzma': I/O error on file C:/Users/guilh/Desktop/Tibia 11.44.5516/assets/sprites-98d2ae468c26cc736d50de2654064ebce563c938000f417c5c258c2ced1b7f23.bmp.lzma: No such file or directory"
[ 23:20:08,316 ] Update failed. Please reinstall Tibia to update your client.
[ 23:20:08,323 ] "Failed to load asset 'sprites-de0009089f5df543e149b538f1ffdeec1023d02939cf81e18d344085a63dfb03.bmp.lzma': I/O error on file C:/Users/guilh/Desktop/Tibia 11.44.5516/assets/sprites-de0009089f5df543e149b538f1ffdeec1023d02939cf81e18d344085a63dfb03.bmp.lzma: No such file or directory"
[ 23:20:08,324 ] Update failed. Please reinstall Tibia to update your client.
[ 23:20:08,330 ] "Failed to load asset 'sprites-8d4b26b9d2c712a30d88df8e7271ab295d9f9c5a1a778f7efd3936747ae2688c.bmp.lzma': I/O error on file C:/Users/guilh/Desktop/Tibia 11.44.5516/assets/sprites-8d4b26b9d2c712a30d88df8e7271ab295d9f9c5a1a778f7efd3936747ae2688c.bmp.lzma: No such file or directory"
[ 23:20:08,330 ] Update failed. Please reinstall Tibia to update your client.
[ 23:20:08,336 ] "Failed to load asset 'sprites-d556de6223fc56043ce24b74219a9d6f5a24d2d2c75585efb2d75e2315513b4a.bmp.lzma': I/O error on file C:/Users/guilh/Desktop/Tibia 11.44.5516/assets/sprites-d556de6223fc56043ce24b74219a9d6f5a24d2d2c75585efb2d75e2315513b4a.bmp.lzma: No such file or directory"
[ 23:20:08,337 ] Update failed. Please reinstall Tibia to update your client.
[ 23:20:08,343 ] "Failed to load asset 'sprites-784ba4a4a76a0240567d54f1535e7e0219dd229e7afc9ac69e5251838b29c5cd.bmp.lzma': I/O error on file C:/Users/guilh/Desktop/Tibia 11.44.5516/assets/sprites-784ba4a4a76a0240567d54f1535e7e0219dd229e7afc9ac69e5251838b29c5cd.bmp.lzma: No such file or directory"
[ 23:20:08,344 ] Update failed. Please reinstall Tibia to update your client.
[ 23:20:08,350 ] "Failed to load asset 'sprites-b7b8c73d1e4927da2aed61a659319370bd036581539bd946ba394d4c728f4e47.bmp.lzma': I/O error on file C:/Users/guilh/Desktop/Tibia 11.44.5516/assets/sprites-b7b8c73d1e4927da2aed61a659319370bd036581539bd946ba394d4c728f4e47.bmp.lzma: No such file or directory"
[ 23:20:08,350 ] Update failed. Please reinstall Tibia to update your client.
[ 23:20:08,357 ] "Failed to load asset 'sprites-cafd1cc9f87e2bfeff64c063b7441d0a49fa0759e816e59f89ea003a31395feb.bmp.lzma': I/O error on file C:/Users/guilh/Desktop/Tibia 11.44.5516/assets/sprites-cafd1cc9f87e2bfeff64c063b7441d0a49fa0759e816e59f89ea003a31395feb.bmp.lzma: No such file or directory"
[ 23:20:08,358 ] Update failed. Please reinstall Tibia to update your client.
[ 23:20:08,363 ] "Failed to load asset 'sprites-c841a68d7f7aa18f9fab3aac0c0235f890134c7f56a88f3235418c7bc58e68fb.bmp.lzma': I/O error on file C:/Users/guilh/Desktop/Tibia 11.44.5516/assets/sprites-c841a68d7f7aa18f9fab3aac0c0235f890134c7f56a88f3235418c7bc58e68fb.bmp.lzma: No such file or directory"
[ 23:20:08,364 ] Update failed. Please reinstall Tibia to update your client.
[ 23:20:08,370 ] "Failed to load asset 'sprites-9ca2022ecaf2491d49de686555473950403e20120b25f792c0428e736dcd8735.bmp.lzma': I/O error on file C:/Users/guilh/Desktop/Tibia 11.44.5516/assets/sprites-9ca2022ecaf2491d49de686555473950403e20120b25f792c0428e736dcd8735.bmp.lzma: No such file or directory"
[ 23:20:08,370 ] Update failed. Please reinstall Tibia to update your client.
[ 23:20:08,376 ] "Failed to load asset 'sprites-657a76ac093aced3b7020045ffd4aa20f0ff1437cceb99a02b70bf9d7be92789.bmp.lzma': I/O error on file C:/Users/guilh/Desktop/Tibia 11.44.5516/assets/sprites-657a76ac093aced3b7020045ffd4aa20f0ff1437cceb99a02b70bf9d7be92789.bmp.lzma: No such file or directory"
[ 23:20:08,377 ] Update failed. Please reinstall Tibia to update your client.
[ 23:20:08,382 ] "Failed to load asset 'sprites-6e418819e29b531194e94e8304a2c49d792b8b6511001ecb1a471cbcc869454d.bmp.lzma': I/O error on file C:/Users/guilh/Desktop/Tibia 11.44.5516/assets/sprites-6e418819e29b531194e94e8304a2c49d792b8b6511001ecb1a471cbcc869454d.bmp.lzma: No such file or directory"
[ 23:20:08,383 ] Update failed. Please reinstall Tibia to update your client.
[ 23:20:08,388 ] "Failed to load asset 'sprites-fd350b81e663ffe0813a508739943ba56b9f22f05b8e4f705d0a332d550becf6.bmp.lzma': I/O error on file C:/Users/guilh/Desktop/Tibia 11.44.5516/assets/sprites-fd350b81e663ffe0813a508739943ba56b9f22f05b8e4f705d0a332d550becf6.bmp.lzma: No such file or directory"
[ 23:20:08,389 ] Update failed. Please reinstall Tibia to update your client.
[ 23:20:08,417 ] "Failed to load asset 'sprites-a2a82798035f4a1b2186ae9acd18a64cf2f2937c02a1f7e22f906f4a681bbe0d.bmp.lzma': I/O error on file C:/Users/guilh/Desktop/Tibia 11.44.5516/assets/sprites-a2a82798035f4a1b2186ae9acd18a64cf2f2937c02a1f7e22f906f4a681bbe0d.bmp.lzma: No such file or directory"
[ 23:20:08,418 ] Update failed. Please reinstall Tibia to update your client.
[ 23:20:08,428 ] "Failed to load asset 'sprites-6ceb0fe2c11dec5e3d3ffd801c9a0e6ba3d3d55aa37299f657ce5e07f81eb98a.bmp.lzma': I/O error on file C:/Users/guilh/Desktop/Tibia 11.44.5516/assets/sprites-6ceb0fe2c11dec5e3d3ffd801c9a0e6ba3d3d55aa37299f657ce5e07f81eb98a.bmp.lzma: No such file or directory"
[ 23:20:08,428 ] Update failed. Please reinstall Tibia to update your client.
[ 23:20:08,434 ] "Failed to load asset 'sprites-a952e174c7252771b994f47620ac9777dbb648a051d988ceaae0a352eef9eb66.bmp.lzma': I/O error on file C:/Users/guilh/Desktop/Tibia 11.44.5516/assets/sprites-a952e174c7252771b994f47620ac9777dbb648a051d988ceaae0a352eef9eb66.bmp.lzma: No such file or directory"
[ 23:20:08,434 ] Update failed. Please reinstall Tibia to update your client.
[ 23:20:08,441 ] "Failed to load asset 'sprites-be2bc7750c19acb1be3ff8f02c7f50c22ad451cb96e724f01b88a159091ab44a.bmp.lzma': I/O error on file C:/Users/guilh/Desktop/Tibia 11.44.5516/assets/sprites-be2bc7750c19acb1be3ff8f02c7f50c22ad451cb96e724f01b88a159091ab44a.bmp.lzma: No such file or directory"
[ 23:20:08,442 ] Update failed. Please reinstall Tibia to update your client.
[ 23:20:08,447 ] "Failed to load asset 'sprites-6ac3df7821b529696c9dd72a36b65f8aafec606e680b8148e3f1efb787e941f4.bmp.lzma': I/O error on file C:/Users/guilh/Desktop/Tibia 11.44.5516/assets/sprites-6ac3df7821b529696c9dd72a36b65f8aafec606e680b8148e3f1efb787e941f4.bmp.lzma: No such file or directory"
[ 23:20:08,448 ] Update failed. Please reinstall Tibia to update your client.
[ 23:20:08,453 ] "Failed to load asset 'sprites-79d7addb53aae1c1cf14259cf23848f82765cdd99be2ec3154d183e3b943fda4.bmp.lzma': I/O error on file C:/Users/guilh/Desktop/Tibia 11.44.5516/assets/sprites-79d7addb53aae1c1cf14259cf23848f82765cdd99be2ec3154d183e3b943fda4.bmp.lzma: No such file or directory"
[ 23:20:08,454 ] Update failed. Please reinstall Tibia to update your client.
[ 23:20:08,460 ] "Failed to load asset 'sprites-8fa2e558beadf5e227da14d8c3d5048d7404c99c2bf572ad30e90755d7cec634.bmp.lzma': I/O error on file C:/Users/guilh/Desktop/Tibia 11.44.5516/assets/sprites-8fa2e558beadf5e227da14d8c3d5048d7404c99c2bf572ad30e90755d7cec634.bmp.lzma: No such file or directory"
[ 23:20:08,460 ] Update failed. Please reinstall Tibia to update your client.
[ 23:20:08,471 ] "Failed to load asset 'sprites-b3c3cd10cc3498ec3cf011b0016b2288801a816956cbf0fbfb2f5039f655856c.bmp.lzma': I/O error on file C:/Users/guilh/Desktop/Tibia 11.44.5516/assets/sprites-b3c3cd10cc3498ec3cf011b0016b2288801a816956cbf0fbfb2f5039f655856c.bmp.lzma: No such file or directory"
[ 23:20:08,472 ] Update failed. Please reinstall Tibia to update your client.
[ 23:20:08,493 ] "Failed to load asset 'sprites-fd3df6115ec5f7e76dc49653d569b4c917aa8ab0f6786db248bac14a8dc408c1.bmp.lzma': I/O error on file C:/Users/guilh/Desktop/Tibia 11.44.5516/assets/sprites-fd3df6115ec5f7e76dc49653d569b4c917aa8ab0f6786db248bac14a8dc408c1.bmp.lzma: No such file or directory"
[ 23:20:08,493 ] Update failed. Please reinstall Tibia to update your client.
[ 23:20:08,499 ] "Failed to load asset 'sprites-6744b37238dae05a9b8aa6aae1d4e6e384281190da4a919f27fb8abaf017a4c1.bmp.lzma': I/O error on file C:/Users/guilh/Desktop/Tibia 11.44.5516/assets/sprites-6744b37238dae05a9b8aa6aae1d4e6e384281190da4a919f27fb8abaf017a4c1.bmp.lzma: No such file or directory"
[ 23:20:08,500 ] Update failed. Please reinstall Tibia to update your client.
[ 23:20:08,505 ] "Failed to load asset 'sprites-e058ce7cc57ef7bd1ab84812ca53a9893961af8ea6d92c3f25ac461a640a62ad.bmp.lzma': I/O error on file C:/Users/guilh/Desktop/Tibia 11.44.5516/assets/sprites-e058ce7cc57ef7bd1ab84812ca53a9893961af8ea6d92c3f25ac461a640a62ad.bmp.lzma: No such file or directory"
[ 23:20:08,506 ] Update failed. Please reinstall Tibia to update your client.
[ 23:20:08,511 ] "Failed to load asset 'sprites-b4fdba55be62f61aaae9cdf099dd40c4b72318e5d1bec8250709838c91ba0735.bmp.lzma': I/O error on file C:/Users/guilh/Desktop/Tibia 11.44.5516/assets/sprites-b4fdba55be62f61aaae9cdf099dd40c4b72318e5d1bec8250709838c91ba0735.bmp.lzma: No such file or directory"
[ 23:20:08,512 ] Update failed. Please reinstall Tibia to update your client.
[ 23:20:08,517 ] "Failed to load asset 'sprites-ee42c1d082a30d8417bd64f1298de561e1321eebdb922a88e742c6d37b757f7f.bmp.lzma': I/O error on file C:/Users/guilh/Desktop/Tibia 11.44.5516/assets/sprites-ee42c1d082a30d8417bd64f1298de561e1321eebdb922a88e742c6d37b757f7f.bmp.lzma: No such file or directory"
[ 23:20:08,518 ] Update failed. Please reinstall Tibia to update your client.
[ 23:20:08,523 ] "Failed to load asset 'sprites-6752f288d5b7c248d24de825171402c05d24c683b8fdaee5b63b589a1bae1c67.bmp.lzma': I/O error on file C:/Users/guilh/Desktop/Tibia 11.44.5516/assets/sprites-6752f288d5b7c248d24de825171402c05d24c683b8fdaee5b63b589a1bae1c67.bmp.lzma: No such file or directory"
[ 23:20:08,524 ] Update failed. Please reinstall Tibia to update your client.
[ 23:20:08,528 ] "Failed to load asset 'sprites-bc36ddba3274b8d4ccd518bcfea83bb9d0aa15035d5cf8f4c8cc3225f131f521.bmp.lzma': I/O error on file C:/Users/guilh/Desktop/Tibia 11.44.5516/assets/sprites-bc36ddba3274b8d4ccd518bcfea83bb9d0aa15035d5cf8f4c8cc3225f131f521.bmp.lzma: No such file or directory"
[ 23:20:08,529 ] Update failed. Please reinstall Tibia to update your client.
[ 23:20:08,533 ] "Failed to load asset 'sprites-d0435c4de3e2710cc258610c4d377fffd372ed72336423cf4232cee01b70b7b3.bmp.lzma': I/O error on file C:/Users/guilh/Desktop/Tibia 11.44.5516/assets/sprites-d0435c4de3e2710cc258610c4d377fffd372ed72336423cf4232cee01b70b7b3.bmp.lzma: No such file or directory"
[ 23:20:08,539 ] Update failed. Please reinstall Tibia to update your client.
[ 23:20:08,544 ] "Failed to load asset 'sprites-f843e50268cc7f4762a1a70f2d99246dfef3b393c988820a214d4a55abfd9540.bmp.lzma': I/O error on file C:/Users/guilh/Desktop/Tibia 11.44.5516/assets/sprites-f843e50268cc7f4762a1a70f2d99246dfef3b393c988820a214d4a55abfd9540.bmp.lzma: No such file or directory"
[ 23:20:08,545 ] Update failed. Please reinstall Tibia to update your client.
[ 23:20:08,551 ] "Failed to load asset 'sprites-aef06f84b2c9ab58e5f9e91214ebec126c552c948d0cd79ee19969f14f4db938.bmp.lzma': I/O error on file C:/Users/guilh/Desktop/Tibia 11.44.5516/assets/sprites-aef06f84b2c9ab58e5f9e91214ebec126c552c948d0cd79ee19969f14f4db938.bmp.lzma: No such file or directory"
[ 23:20:08,552 ] Update failed. Please reinstall Tibia to update your client.
[ 23:20:08,560 ] "Failed to load asset 'sprites-b694375c55704c18a888291466df03a4c9e411b27b8ceea4d9192741ab66b315.bmp.lzma': I/O error on file C:/Users/guilh/Desktop/Tibia 11.44.5516/assets/sprites-b694375c55704c18a888291466df03a4c9e411b27b8ceea4d9192741ab66b315.bmp.lzma: No such file or directory"
[ 23:20:08,561 ] Update failed. Please reinstall Tibia to update your client.
[ 23:20:08,571 ] "Failed to load asset 'sprites-79cd5c06820c559ea6c610fea35afe355f163130c300aafd6e2a9431d6e43952.bmp.lzma': I/O error on file C:/Users/guilh/Desktop/Tibia 11.44.5516/assets/sprites-79cd5c06820c559ea6c610fea35afe355f163130c300aafd6e2a9431d6e43952.bmp.lzma: No such file or directory"
[ 23:20:08,572 ] Update failed. Please reinstall Tibia to update your client.
[ 23:20:08,578 ] "Failed to load asset 'sprites-b829081127f51f9931e939789ceb123b825642fda1ecf16d1b7b5f558864d3be.bmp.lzma': I/O error on file C:/Users/guilh/Desktop/Tibia 11.44.5516/assets/sprites-b829081127f51f9931e939789ceb123b825642fda1ecf16d1b7b5f558864d3be.bmp.lzma: No such file or directory"
[ 23:20:08,579 ] Update failed. Please reinstall Tibia to update your client.
[ 23:20:08,584 ] "Failed to load asset 'sprites-f976abcfe625814e3544aa22b2db11b8a695642dc4c2837713f7976f32e68844.bmp.lzma': I/O error on file C:/Users/guilh/Desktop/Tibia 11.44.5516/assets/sprites-f976abcfe625814e3544aa22b2db11b8a695642dc4c2837713f7976f32e68844.bmp.lzma: No such file or directory"
[ 23:20:08,585 ] Update failed. Please reinstall Tibia to update your client.
[ 23:20:08,590 ] "Failed to load asset 'sprites-c7fb8c5901aa06feb8c2f8e3e1ee70215cb99c5221f3f1274ba1d6f379ceda0c.bmp.lzma': I/O error on file C:/Users/guilh/Desktop/Tibia 11.44.5516/assets/sprites-c7fb8c5901aa06feb8c2f8e3e1ee70215cb99c5221f3f1274ba1d6f379ceda0c.bmp.lzma: No such file or directory"
[ 23:20:08,591 ] Update failed. Please reinstall Tibia to update your client.
[ 23:20:08,596 ] "Failed to load asset 'sprites-e3eea53d9256dbd3ba2531a0b044ce89cbf48cf95018c7add224b0b1017e6481.bmp.lzma': I/O error on file C:/Users/guilh/Desktop/Tibia 11.44.5516/assets/sprites-e3eea53d9256dbd3ba2531a0b044ce89cbf48cf95018c7add224b0b1017e6481.bmp.lzma: No such file or directory"
[ 23:20:08,596 ] Update failed. Please reinstall Tibia to update your client.
[ 23:20:08,602 ] "Failed to load asset 'sprites-a002515db1fb51f4623f939cc761ac634ded05d968f486bd6371ce79e1a0ffb7.bmp.lzma': I/O error on file C:/Users/guilh/Desktop/Tibia 11.44.5516/assets/sprites-a002515db1fb51f4623f939cc761ac634ded05d968f486bd6371ce79e1a0ffb7.bmp.lzma: No such file or directory"
[ 23:20:08,603 ] Update failed. Please reinstall Tibia to update your client.
[ 23:20:08,608 ] "Failed to load asset 'sprites-aa90bd2b0b69d1a5156be922a96b9002ec0d88f5fd28da9bea51d4eca9be89c6.bmp.lzma': I/O error on file C:/Users/guilh/Desktop/Tibia 11.44.5516/assets/sprites-aa90bd2b0b69d1a5156be922a96b9002ec0d88f5fd28da9bea51d4eca9be89c6.bmp.lzma: No such file or directory"
[ 23:20:08,609 ] Update failed. Please reinstall Tibia to update your client.
[ 23:20:08,615 ] "Failed to load asset 'sprites-e87e7fb762ef1e80139a27bb04f1d3e478c39ced7286414dc9109fee4c2590df.bmp.lzma': I/O error on file C:/Users/guilh/Desktop/Tibia 11.44.5516/assets/sprites-e87e7fb762ef1e80139a27bb04f1d3e478c39ced7286414dc9109fee4c2590df.bmp.lzma: No such file or directory"
[ 23:20:08,616 ] Update failed. Please reinstall Tibia to update your client.
[ 23:20:08,621 ] "Failed to load asset 'sprites-7fee2000edaf507533f0fa06a2052ee7e31b05e2409c7035bd2372fecfa62439.bmp.lzma': I/O error on file C:/Users/guilh/Desktop/Tibia 11.44.5516/assets/sprites-7fee2000edaf507533f0fa06a2052ee7e31b05e2409c7035bd2372fecfa62439.bmp.lzma: No such file or directory"
[ 23:20:08,622 ] Update failed. Please reinstall Tibia to update your client.
[ 23:20:08,627 ] "Failed to load asset 'sprites-f9542f3a46b09611b206e8a5fa8931b3d4e8288325a343abd6319d0df5646d4e.bmp.lzma': I/O error on file C:/Users/guilh/Desktop/Tibia 11.44.5516/assets/sprites-f9542f3a46b09611b206e8a5fa8931b3d4e8288325a343abd6319d0df5646d4e.bmp.lzma: No such file or directory"
[ 23:20:08,628 ] Update failed. Please reinstall Tibia to update your client.
[ 23:20:08,633 ] "Failed to load asset 'sprites-7370f46d1f238f6cfcef4ff90d4004b94ab3ca77c5ba44e3d60fd4c477025aff.bmp.lzma': I/O error on file C:/Users/guilh/Desktop/Tibia 11.44.5516/assets/sprites-7370f46d1f238f6cfcef4ff90d4004b94ab3ca77c5ba44e3d60fd4c477025aff.bmp.lzma: No such file or directory"
[ 23:20:08,634 ] Update failed. Please reinstall Tibia to update your client.
[ 23:20:08,643 ] "Failed to load asset 'sprites-fef17c0f90da59386a2e75772751a77a05f3bbafed73132c060c1501f558ef5a.bmp.lzma': I/O error on file C:/Users/guilh/Desktop/Tibia 11.44.5516/assets/sprites-fef17c0f90da59386a2e75772751a77a05f3bbafed73132c060c1501f558ef5a.bmp.lzma: No such file or directory"
[ 23:20:08,644 ] Update failed. Please reinstall Tibia to update your client.
[ 23:20:08,649 ] "Failed to load asset 'sprites-ba8a4d5ecafe05cbdca193cb68ce711f7e057dd0e78998564286723209664051.bmp.lzma': I/O error on file C:/Users/guilh/Desktop/Tibia 11.44.5516/assets/sprites-ba8a4d5ecafe05cbdca193cb68ce711f7e057dd0e78998564286723209664051.bmp.lzma: No such file or directory"
[ 23:20:08,650 ] Update failed. Please reinstall Tibia to update your client.
[ 23:20:08,655 ] "Failed to load asset 'sprites-ec06237cc0d6dc3549520171d45a85837d796746ac3924a7ed57381ecbfedfdb.bmp.lzma': I/O error on file C:/Users/guilh/Desktop/Tibia 11.44.5516/assets/sprites-ec06237cc0d6dc3549520171d45a85837d796746ac3924a7ed57381ecbfedfdb.bmp.lzma: No such file or directory"
[ 23:20:08,656 ] Update failed. Please reinstall Tibia to update your client.
[ 23:20:08,662 ] "Failed to load asset 'sprites-8fec29a3087e008754a85dd1ad8ed9a08892d15108f41e3f8c0530a12fd735ee.bmp.lzma': I/O error on file C:/Users/guilh/Desktop/Tibia 11.44.5516/assets/sprites-8fec29a3087e008754a85dd1ad8ed9a08892d15108f41e3f8c0530a12fd735ee.bmp.lzma: No such file or directory"
[ 23:20:08,663 ] Update failed. Please reinstall Tibia to update your client.
[ 23:20:08,668 ] "Failed to load asset 'sprites-67b6b17766405f729e83bc94eb83b720a4093c80e7cdadb0ff3d00332835a5e8.bmp.lzma': I/O error on file C:/Users/guilh/Desktop/Tibia 11.44.5516/assets/sprites-67b6b17766405f729e83bc94eb83b720a4093c80e7cdadb0ff3d00332835a5e8.bmp.lzma: No such file or directory"
[ 23:20:08,669 ] Update failed. Please reinstall Tibia to update your client.
[ 23:20:08,677 ] "Failed to load asset 'sprites-ebe61e6a713422d7a4e0a8bfadfd2f7259f587703e7c49ff9f91d8ffe3e02e09.bmp.lzma': I/O error on file C:/Users/guilh/Desktop/Tibia 11.44.5516/assets/sprites-ebe61e6a713422d7a4e0a8bfadfd2f7259f587703e7c49ff9f91d8ffe3e02e09.bmp.lzma: No such file or directory"
[ 23:20:08,677 ] Update failed. Please reinstall Tibia to update your client.
[ 23:20:08,683 ] "Failed to load asset 'sprites-7a9af68d9ed5df34db2252fbcca38eca8e660c78c53424647dbbcd2171329b30.bmp.lzma': I/O error on file C:/Users/guilh/Desktop/Tibia 11.44.5516/assets/sprites-7a9af68d9ed5df34db2252fbcca38eca8e660c78c53424647dbbcd2171329b30.bmp.lzma: No such file or directory"
[ 23:20:08,683 ] Update failed. Please reinstall Tibia to update your client.
[ 23:20:08,688 ] "Failed to load asset 'sprites-69e7181672bd212003dba6163cbbbb1f783be6d4cc7b7608a571fbdb01bd314a.bmp.lzma': I/O error on file C:/Users/guilh/Desktop/Tibia 11.44.5516/assets/sprites-69e7181672bd212003dba6163cbbbb1f783be6d4cc7b7608a571fbdb01bd314a.bmp.lzma: No such file or directory"
[ 23:20:08,689 ] Update failed. Please reinstall Tibia to update your client.
[ 23:20:08,694 ] "Failed to load asset 'sprites-d7408643fc1f1c18fa154774a078a024f875bd9cc5efaa3903d6f144e33aa35c.bmp.lzma': I/O error on file C:/Users/guilh/Desktop/Tibia 11.44.5516/assets/sprites-d7408643fc1f1c18fa154774a078a024f875bd9cc5efaa3903d6f144e33aa35c.bmp.lzma: No such file or directory"
[ 23:20:08,695 ] Update failed. Please reinstall Tibia to update your client.
[ 23:20:08,700 ] "Failed to load asset 'sprites-d80ad8a757ac37e48460a4bafcc0a13596bf29fd91cf8ea77cdb088d8a625d7c.bmp.lzma': I/O error on file C:/Users/guilh/Desktop/Tibia 11.44.5516/assets/sprites-d80ad8a757ac37e48460a4bafcc0a13596bf29fd91cf8ea77cdb088d8a625d7c.bmp.lzma: No such file or directory"
[ 23:20:08,701 ] Update failed. Please reinstall Tibia to update your client.
[ 23:20:08,706 ] "Failed to load asset 'sprites-b2b19ee0e5708b32ea277e0fdad788e71d6ffcb8d635ac56394fe56985b01b3a.bmp.lzma': I/O error on file C:/Users/guilh/Desktop/Tibia 11.44.5516/assets/sprites-b2b19ee0e5708b32ea277e0fdad788e71d6ffcb8d635ac56394fe56985b01b3a.bmp.lzma: No such file or directory"
[ 23:20:08,707 ] Update failed. Please reinstall Tibia to update your client.
[ 23:20:08,717 ] "Failed to load asset 'sprites-6c147daae625211c634030512c578a44688943e764f637dd9bd097aeba4f4fc1.bmp.lzma': I/O error on file C:/Users/guilh/Desktop/Tibia 11.44.5516/assets/sprites-6c147daae625211c634030512c578a44688943e764f637dd9bd097aeba4f4fc1.bmp.lzma: No such file or directory"
[ 23:20:08,718 ] Update failed. Please reinstall Tibia to update your client.
[ 23:20:08,723 ] "Failed to load asset 'sprites-c320275a9dddcd9155f1e099dc18a1228f1fb937a83b9f7e69c1ba71b03b7f60.bmp.lzma': I/O error on file C:/Users/guilh/Desktop/Tibia 11.44.5516/assets/sprites-c320275a9dddcd9155f1e099dc18a1228f1fb937a83b9f7e69c1ba71b03b7f60.bmp.lzma: No such file or directory"
[ 23:20:08,724 ] Update failed. Please reinstall Tibia to update your client.
[ 23:20:08,730 ] "Failed to load asset 'sprites-faf4f239f68733af6b68680d78b8c4548c4a51269d97c454b25187313ab0ff08.bmp.lzma': I/O error on file C:/Users/guilh/Desktop/Tibia 11.44.5516/assets/sprites-faf4f239f68733af6b68680d78b8c4548c4a51269d97c454b25187313ab0ff08.bmp.lzma: No such file or directory"
[ 23:20:08,730 ] Update failed. Please reinstall Tibia to update your client.
[ 23:20:08,736 ] "Failed to load asset 'sprites-d65619cc2384a29549056c0213af88d70ec0907090e4c09413ae149a10e68924.bmp.lzma': I/O error on file C:/Users/guilh/Desktop/Tibia 11.44.5516/assets/sprites-d65619cc2384a29549056c0213af88d70ec0907090e4c09413ae149a10e68924.bmp.lzma: No such file or directory"
[ 23:20:08,737 ] Update failed. Please reinstall Tibia to update your client.
[ 23:20:08,742 ] "Failed to load asset 'sprites-d610df9d992bef100113d7a79811c6137999e754976bcb46a64be53ffca93ce6.bmp.lzma': I/O error on file C:/Users/guilh/Desktop/Tibia 11.44.5516/assets/sprites-d610df9d992bef100113d7a79811c6137999e754976bcb46a64be53ffca93ce6.bmp.lzma: No such file or directory"
[ 23:20:08,743 ] Update failed. Please reinstall Tibia to update your client.
[ 23:20:08,748 ] "Failed to load asset 'sprites-945c34f35a06518ef9d48cb9319e372cbe090f98778c3be228f0967e876fbb1a.bmp.lzma': I/O error on file C:/Users/guilh/Desktop/Tibia 11.44.5516/assets/sprites-945c34f35a06518ef9d48cb9319e372cbe090f98778c3be228f0967e876fbb1a.bmp.lzma: No such file or directory"
[ 23:20:08,749 ] Update failed. Please reinstall Tibia to update your client.
[ 23:20:08,755 ] "Failed to load asset 'sprites-eb26aee34ba1588adb4fa858d63bd1f9397d17ce81dbd4429a7b32fb78566528.bmp.lzma': I/O error on file C:/Users/guilh/Desktop/Tibia 11.44.5516/assets/sprites-eb26aee34ba1588adb4fa858d63bd1f9397d17ce81dbd4429a7b32fb78566528.bmp.lzma: No such file or directory"
[ 23:20:08,756 ] Update failed. Please reinstall Tibia to update your client.
[ 23:20:08,761 ] "Failed to load asset 'sprites-d2f9b726c819cfae9fb649992a74a6d32652b70fb85a951f896ed99380da079f.bmp.lzma': I/O error on file C:/Users/guilh/Desktop/Tibia 11.44.5516/assets/sprites-d2f9b726c819cfae9fb649992a74a6d32652b70fb85a951f896ed99380da079f.bmp.lzma: No such file or directory"
[ 23:20:08,762 ] Update failed. Please reinstall Tibia to update your client.
[ 23:20:08,767 ] "Failed to load asset 'sprites-824aaf386dcdb723a44d08e6d1fc911ddf58caa36a509915b28cb930794d2365.bmp.lzma': I/O error on file C:/Users/guilh/Desktop/Tibia 11.44.5516/assets/sprites-824aaf386dcdb723a44d08e6d1fc911ddf58caa36a509915b28cb930794d2365.bmp.lzma: No such file or directory"
[ 23:20:08,768 ] Update failed. Please reinstall Tibia to update your client.
[ 23:20:08,773 ] "Failed to load asset 'sprites-d8a245efc071ef602a83a26b081b9140eb54623205130703a4224de9c13d9168.bmp.lzma': I/O error on file C:/Users/guilh/Desktop/Tibia 11.44.5516/assets/sprites-d8a245efc071ef602a83a26b081b9140eb54623205130703a4224de9c13d9168.bmp.lzma: No such file or directory"
[ 23:20:08,774 ] Update failed. Please reinstall Tibia to update your client.
[ 23:20:08,783 ] "Failed to load asset 'sprites-a3a01f5dc5315355d69bc0eaac350db1f7eca4d21049b4cdd533160073622c53.bmp.lzma': I/O error on file C:/Users/guilh/Desktop/Tibia 11.44.5516/assets/sprites-a3a01f5dc5315355d69bc0eaac350db1f7eca4d21049b4cdd533160073622c53.bmp.lzma: No such file or directory"
[ 23:20:08,783 ] Update failed. Please reinstall Tibia to update your client.
[ 23:20:08,789 ] "Failed to load asset 'sprites-f5b2b00f8c37b0573dcb625cfff284662d79c36f1e2f8d2eb337af3030206ffe.bmp.lzma': I/O error on file C:/Users/guilh/Desktop/Tibia 11.44.5516/assets/sprites-f5b2b00f8c37b0573dcb625cfff284662d79c36f1e2f8d2eb337af3030206ffe.bmp.lzma: No such file or directory"
[ 23:20:08,790 ] Update failed. Please reinstall Tibia to update your client.
[ 23:20:08,795 ] "Failed to load asset 'sprites-b459ef04b912efc6da645b970fb0ba22d9231df07cfee28b55d8e384b854ebe6.bmp.lzma': I/O error on file C:/Users/guilh/Desktop/Tibia 11.44.5516/assets/sprites-b459ef04b912efc6da645b970fb0ba22d9231df07cfee28b55d8e384b854ebe6.bmp.lzma: No such file or directory"
[ 23:20:08,796 ] Update failed. Please reinstall Tibia to update your client.
[ 23:20:08,801 ] "Failed to load asset 'sprites-aa44aea48edc537597a59471359639a91f2e0a118097e6e083695a85b07dd099.bmp.lzma': I/O error on file C:/Users/guilh/Desktop/Tibia 11.44.5516/assets/sprites-aa44aea48edc537597a59471359639a91f2e0a118097e6e083695a85b07dd099.bmp.lzma: No such file or directory"
[ 23:20:08,802 ] Update failed. Please reinstall Tibia to update your client.
[ 23:20:08,807 ] "Failed to load asset 'sprites-ae33d9f21b179b705089f840c717ab961e3f8f84893f3c33b6ace76579b6d037.bmp.lzma': I/O error on file C:/Users/guilh/Desktop/Tibia 11.44.5516/assets/sprites-ae33d9f21b179b705089f840c717ab961e3f8f84893f3c33b6ace76579b6d037.bmp.lzma: No such file or directory"
[ 23:20:08,808 ] Update failed. Please reinstall Tibia to update your client.
[ 23:20:08,813 ] "Failed to load asset 'sprites-e96028ab8f27558948c09e7f278a6748def8121c4f7ccdf2b46876b9511897e3.bmp.lzma': I/O error on file C:/Users/guilh/Desktop/Tibia 11.44.5516/assets/sprites-e96028ab8f27558948c09e7f278a6748def8121c4f7ccdf2b46876b9511897e3.bmp.lzma: No such file or directory"
[ 23:20:08,817 ] Update failed. Please reinstall Tibia to update your client.
[ 23:20:08,822 ] "Failed to load asset 'sprites-a1257ff86ba132d681f70d261643435fe1cddad4efd5c8f55984f029061e9638.bmp.lzma': I/O error on file C:/Users/guilh/Desktop/Tibia 11.44.5516/assets/sprites-a1257ff86ba132d681f70d261643435fe1cddad4efd5c8f55984f029061e9638.bmp.lzma: No such file or directory"
[ 23:20:08,824 ] Update failed. Please reinstall Tibia to update your client.
[ 23:20:08,833 ] "Failed to load asset 'sprites-a81c2c41fe1153d58f84be7088e6d94b65a6396bf00c1719760e26609de26c79.bmp.lzma': I/O error on file C:/Users/guilh/Desktop/Tibia 11.44.5516/assets/sprites-a81c2c41fe1153d58f84be7088e6d94b65a6396bf00c1719760e26609de26c79.bmp.lzma: No such file or directory"
[ 23:20:08,839 ] Update failed. Please reinstall Tibia to update your client.
[ 23:20:08,876 ] "Failed to load asset 'sprites-d14872ae40e10f282d870ee41e4d9bdd6af22132947e9db0ac7070e5da1e0658.bmp.lzma': I/O error on file C:/Users/guilh/Desktop/Tibia 11.44.5516/assets/sprites-d14872ae40e10f282d870ee41e4d9bdd6af22132947e9db0ac7070e5da1e0658.bmp.lzma: No such file or directory"
[ 23:20:08,877 ] Update failed. Please reinstall Tibia to update your client.
[ 23:20:08,882 ] "Failed to load asset 'sprites-dd2a3577ec418900e1119d4a461d6f812cc6638eaac5e4f7dad779397c085a35.bmp.lzma': I/O error on file C:/Users/guilh/Desktop/Tibia 11.44.5516/assets/sprites-dd2a3577ec418900e1119d4a461d6f812cc6638eaac5e4f7dad779397c085a35.bmp.lzma: No such file or directory"
[ 23:20:08,883 ] Update failed. Please reinstall Tibia to update your client.
[ 23:20:08,889 ] "Failed to load asset 'sprites-b9cf0b9ca0ca21c0498b43b23ecd9618fbb112ff62eafd93b66e953aa17bb7bb.bmp.lzma': I/O error on file C:/Users/guilh/Desktop/Tibia 11.44.5516/assets/sprites-b9cf0b9ca0ca21c0498b43b23ecd9618fbb112ff62eafd93b66e953aa17bb7bb.bmp.lzma: No such file or directory"
[ 23:20:08,890 ] Update failed. Please reinstall Tibia to update your client.
[ 23:20:08,896 ] "Failed to load asset 'sprites-cb0c039fdae772b0e3c0a03a1c84432d7775409d1541fcda55e421982bf93f63.bmp.lzma': I/O error on file C:/Users/guilh/Desktop/Tibia 11.44.5516/assets/sprites-cb0c039fdae772b0e3c0a03a1c84432d7775409d1541fcda55e421982bf93f63.bmp.lzma: No such file or directory"
[ 23:20:08,897 ] Update failed. Please reinstall Tibia to update your client.
[ 23:20:08,902 ] "Failed to load asset 'sprites-de448ea87eeeb0598b19a37321d6636b0444b2358dd38870199c926621412cea.bmp.lzma': I/O error on file C:/Users/guilh/Desktop/Tibia 11.44.5516/assets/sprites-de448ea87eeeb0598b19a37321d6636b0444b2358dd38870199c926621412cea.bmp.lzma: No such file or directory"
[ 23:20:08,903 ] Update failed. Please reinstall Tibia to update your client.
[ 23:20:08,908 ] "Failed to load asset 'sprites-953346266a0fe91cf1e417f4d8c6c95b4661c3fa8468e5eabe7d6a1c21c8d199.bmp.lzma': I/O error on file C:/Users/guilh/Desktop/Tibia 11.44.5516/assets/sprites-953346266a0fe91cf1e417f4d8c6c95b4661c3fa8468e5eabe7d6a1c21c8d199.bmp.lzma: No such file or directory"
[ 23:20:08,909 ] Update failed. Please reinstall Tibia to update your client.
[ 23:20:08,914 ] "Failed to load asset 'sprites-d522d8efb0ff1a343bae3c8b538b9ccdc765950a366c8bca2e91612a5ff72f9d.bmp.lzma': I/O error on file C:/Users/guilh/Desktop/Tibia 11.44.5516/assets/sprites-d522d8efb0ff1a343bae3c8b538b9ccdc765950a366c8bca2e91612a5ff72f9d.bmp.lzma: No such file or directory"
[ 23:20:08,915 ] Update failed. Please reinstall Tibia to update your client.
[ 23:20:08,920 ] "Failed to load asset 'sprites-efd41769cc21a07ede5cfe690ab38ea9b6634d581c25330310038505cb4b4619.bmp.lzma': I/O error on file C:/Users/guilh/Desktop/Tibia 11.44.5516/assets/sprites-efd41769cc21a07ede5cfe690ab38ea9b6634d581c25330310038505cb4b4619.bmp.lzma: No such file or directory"
[ 23:20:08,921 ] Update failed. Please reinstall Tibia to update your client.
[ 23:20:08,927 ] "Failed to load asset 'sprites-f6834e91a1ea8fd758fe86c60209643eb39d0f0cf5c3308386077aae66424c9c.bmp.lzma': I/O error on file C:/Users/guilh/Desktop/Tibia 11.44.5516/assets/sprites-f6834e91a1ea8fd758fe86c60209643eb39d0f0cf5c3308386077aae66424c9c.bmp.lzma: No such file or directory"
[ 23:20:08,928 ] Update failed. Please reinstall Tibia to update your client.
[ 23:20:08,933 ] "Failed to load asset 'sprites-d760f6fdbbc888c770417969bd6edeecbf4b1700fb5a46454b761288805a401f.bmp.lzma': I/O error on file C:/Users/guilh/Desktop/Tibia 11.44.5516/assets/sprites-d760f6fdbbc888c770417969bd6edeecbf4b1700fb5a46454b761288805a401f.bmp.lzma: No such file or directory"
[ 23:20:08,934 ] Update failed. Please reinstall Tibia to update your client.
[ 23:20:08,940 ] "Failed to load asset 'sprites-9aa0d06b8967aabf5efd708f25357398a92dea8deabc94b77fb322e7f283731b.bmp.lzma': I/O error on file C:/Users/guilh/Desktop/Tibia 11.44.5516/assets/sprites-9aa0d06b8967aabf5efd708f25357398a92dea8deabc94b77fb322e7f283731b.bmp.lzma: No such file or directory"
[ 23:20:08,941 ] Update failed. Please reinstall Tibia to update your client.
[ 23:20:08,947 ] "Failed to load asset 'sprites-b7bdbfde20550266fc7f1ba7618891a7b8df02d29be53b2c494370699cc8dfbe.bmp.lzma': I/O error on file C:/Users/guilh/Desktop/Tibia 11.44.5516/assets/sprites-b7bdbfde20550266fc7f1ba7618891a7b8df02d29be53b2c494370699cc8dfbe.bmp.lzma: No such file or directory"
[ 23:20:08,947 ] Update failed. Please reinstall Tibia to update your client.
[ 23:20:08,952 ] "Failed to load asset 'sprites-cbc152bc89b3a4eebc39fb5f684488e8b561c87ae667bbfcdc00418244b6b173.bmp.lzma': I/O error on file C:/Users/guilh/Desktop/Tibia 11.44.5516/assets/sprites-cbc152bc89b3a4eebc39fb5f684488e8b561c87ae667bbfcdc00418244b6b173.bmp.lzma: No such file or directory"
[ 23:20:08,953 ] Update failed. Please reinstall Tibia to update your client.
[ 23:20:08,959 ] "Failed to load asset 'sprites-f835de91eefe57800121d2aef33346204749c06bf321d6311daf92ba06a0c59a.bmp.lzma': I/O error on file C:/Users/guilh/Desktop/Tibia 11.44.5516/assets/sprites-f835de91eefe57800121d2aef33346204749c06bf321d6311daf92ba06a0c59a.bmp.lzma: No such file or directory"
[ 23:20:08,960 ] Update failed. Please reinstall Tibia to update your client.
[ 23:20:08,965 ] "Failed to load asset 'sprites-9f4b25d3c2db4be1e2ae4487fc590f86e9866f849f7bde9d2910c125172ddd1e.bmp.lzma': I/O error on file C:/Users/guilh/Desktop/Tibia 11.44.5516/assets/sprites-9f4b25d3c2db4be1e2ae4487fc590f86e9866f849f7bde9d2910c125172ddd1e.bmp.lzma: No such file or directory"
[ 23:20:08,966 ] Update failed. Please reinstall Tibia to update your client.
[ 23:20:08,973 ] "Failed to load asset 'sprites-b9ee953804dbe53a461eb04381ac09d10939b771252b44b64268422c3d9d429c.bmp.lzma': I/O error on file C:/Users/guilh/Desktop/Tibia 11.44.5516/assets/sprites-b9ee953804dbe53a461eb04381ac09d10939b771252b44b64268422c3d9d429c.bmp.lzma: No such file or directory"
[ 23:20:08,975 ] Update failed. Please reinstall Tibia to update your client.
[ 23:20:08,980 ] "Failed to load asset 'sprites-784783c6596e36f8a3196cbb5785b91be17fac37c60388d3be720a5292d1d5c8.bmp.lzma': I/O error on file C:/Users/guilh/Desktop/Tibia 11.44.5516/assets/sprites-784783c6596e36f8a3196cbb5785b91be17fac37c60388d3be720a5292d1d5c8.bmp.lzma: No such file or directory"
[ 23:20:08,981 ] Update failed. Please reinstall Tibia to update your client.
[ 23:20:08,986 ] "Failed to load asset 'sprites-8b329eb147ff973595aa4e66ff7102d4713fcb87cc6d9f494e3ab92524ae8f6c.bmp.lzma': I/O error on file C:/Users/guilh/Desktop/Tibia 11.44.5516/assets/sprites-8b329eb147ff973595aa4e66ff7102d4713fcb87cc6d9f494e3ab92524ae8f6c.bmp.lzma: No such file or directory"
[ 23:20:08,987 ] Update failed. Please reinstall Tibia to update your client.
[ 23:20:08,992 ] "Failed to load asset 'sprites-78ff9630394e7a60d046b797452615220d53aefeae4c325dc0ab64d85e2ea26d.bmp.lzma': I/O error on file C:/Users/guilh/Desktop/Tibia 11.44.5516/assets/sprites-78ff9630394e7a60d046b797452615220d53aefeae4c325dc0ab64d85e2ea26d.bmp.lzma: No such file or directory"
[ 23:20:08,993 ] Update failed. Please reinstall Tibia to update your client.
[ 23:20:08,997 ] "Failed to load asset 'sprites-7142d6ab3a20936f05fa899d535c5692cdceb9d03c70e4044df15911f0516b84.bmp.lzma': I/O error on file C:/Users/guilh/Desktop/Tibia 11.44.5516/assets/sprites-7142d6ab3a20936f05fa899d535c5692cdceb9d03c70e4044df15911f0516b84.bmp.lzma: No such file or directory"
[ 23:20:08,998 ] Update failed. Please reinstall Tibia to update your client.
[ 23:20:09,004 ] "Failed to load asset 'sprites-a92257c6c8ee709c1dc4cb1415a335f4d103698041167957948ece26800a764b.bmp.lzma': I/O error on file C:/Users/guilh/Desktop/Tibia 11.44.5516/assets/sprites-a92257c6c8ee709c1dc4cb1415a335f4d103698041167957948ece26800a764b.bmp.lzma: No such file or directory"
[ 23:20:09,005 ] Update failed. Please reinstall Tibia to update your client.
[ 23:20:09,010 ] "Failed to load asset 'sprites-c49aa6d2d219fe190b77b41c007210689b63ec6615a87bfba948bf69c5ecf02d.bmp.lzma': I/O error on file C:/Users/guilh/Desktop/Tibia 11.44.5516/assets/sprites-c49aa6d2d219fe190b77b41c007210689b63ec6615a87bfba948bf69c5ecf02d.bmp.lzma: No such file or directory"
[ 23:20:09,010 ] Update failed. Please reinstall Tibia to update your client.
[ 23:20:09,017 ] "Failed to load asset 'sprites-6e9d76506b965c728124dd48d7ed90e83fa67796200146e1765ad336b78a347c.bmp.lzma': I/O error on file C:/Users/guilh/Desktop/Tibia 11.44.5516/assets/sprites-6e9d76506b965c728124dd48d7ed90e83fa67796200146e1765ad336b78a347c.bmp.lzma: No such file or directory"
[ 23:20:09,018 ] Update failed. Please reinstall Tibia to update your client.
[ 23:20:09,024 ] "Failed to load asset 'sprites-c1e01e542175c2f2414cd1b7bce944d15fc4cd33c8c23ff0531881630fb57eeb.bmp.lzma': I/O error on file C:/Users/guilh/Desktop/Tibia 11.44.5516/assets/sprites-c1e01e542175c2f2414cd1b7bce944d15fc4cd33c8c23ff0531881630fb57eeb.bmp.lzma: No such file or directory"
[ 23:20:09,025 ] Update failed. Please reinstall Tibia to update your client.
[ 23:20:09,030 ] "Failed to load asset 'sprites-9d8b3e5919fe9fe8375fa94284004f52093c60fd2087a210601a88aa687d592d.bmp.lzma': I/O error on file C:/Users/guilh/Desktop/Tibia 11.44.5516/assets/sprites-9d8b3e5919fe9fe8375fa94284004f52093c60fd2087a210601a88aa687d592d.bmp.lzma: No such file or directory"
[ 23:20:09,031 ] Update failed. Please reinstall Tibia to update your client.
[ 23:20:09,036 ] "Failed to load asset 'sprites-f441103e9a7aeeaac522b73c30ce4ed8146cf96e98331741b082ad9c0eefd614.bmp.lzma': I/O error on file C:/Users/guilh/Desktop/Tibia 11.44.5516/assets/sprites-f441103e9a7aeeaac522b73c30ce4ed8146cf96e98331741b082ad9c0eefd614.bmp.lzma: No such file or directory"
[ 23:20:09,037 ] Update failed. Please reinstall Tibia to update your client.
[ 23:20:09,045 ] "Failed to load asset 'sprites-84ec564726e05c19eaf49632e2c107a7d63f313384805768032c908127270e0b.bmp.lzma': I/O error on file C:/Users/guilh/Desktop/Tibia 11.44.5516/assets/sprites-84ec564726e05c19eaf49632e2c107a7d63f313384805768032c908127270e0b.bmp.lzma: No such file or directory"
[ 23:20:09,046 ] Update failed. Please reinstall Tibia to update your client.
[ 23:20:09,052 ] "Failed to load asset 'sprites-c9b0f59b1b4b78b114e52d7a0854cee2dbfc9f4121cc699cd028ddbcf44e0b46.bmp.lzma': I/O error on file C:/Users/guilh/Desktop/Tibia 11.44.5516/assets/sprites-c9b0f59b1b4b78b114e52d7a0854cee2dbfc9f4121cc699cd028ddbcf44e0b46.bmp.lzma: No such file or directory"
[ 23:20:09,052 ] Update failed. Please reinstall Tibia to update your client.
[ 23:20:09,058 ] "Failed to load asset 'sprites-6c038f397f94b1e1b8c80eb71a76f491c0f5053c419f5c463c79180e0d8082ed.bmp.lzma': I/O error on file C:/Users/guilh/Desktop/Tibia 11.44.5516/assets/sprites-6c038f397f94b1e1b8c80eb71a76f491c0f5053c419f5c463c79180e0d8082ed.bmp.lzma: No such file or directory"
[ 23:20:09,059 ] Update failed. Please reinstall Tibia to update your client.
[ 23:20:09,064 ] "Failed to load asset 'sprites-b9d1813dad1be0eeeeebf23d75acb9384a61d6c84ddad355b4d4f29999509f0a.bmp.lzma': I/O error on file C:/Users/guilh/Desktop/Tibia 11.44.5516/assets/sprites-b9d1813dad1be0eeeeebf23d75acb9384a61d6c84ddad355b4d4f29999509f0a.bmp.lzma: No such file or directory"
[ 23:20:09,065 ] Update failed. Please reinstall Tibia to update your client.
[ 23:20:09,070 ] "Failed to load asset 'sprites-d26ef9dffafc8b890d51416f6c6a3795d44869ea8545cb394097f31286068514.bmp.lzma': I/O error on file C:/Users/guilh/Desktop/Tibia 11.44.5516/assets/sprites-d26ef9dffafc8b890d51416f6c6a3795d44869ea8545cb394097f31286068514.bmp.lzma: No such file or directory"
[ 23:20:09,071 ] Update failed. Please reinstall Tibia to update your client.
[ 23:20:09,077 ] "Failed to load asset 'sprites-82a1f4c4fb466e5eca57358aed0064169c5b9953334a058208630ce8c30414a2.bmp.lzma': I/O error on file C:/Users/guilh/Desktop/Tibia 11.44.5516/assets/sprites-82a1f4c4fb466e5eca57358aed0064169c5b9953334a058208630ce8c30414a2.bmp.lzma: No such file or directory"
[ 23:20:09,078 ] Update failed. Please reinstall Tibia to update your client.
[ 23:20:09,083 ] "Failed to load asset 'sprites-6d52206f82b98b10afa2776db529f1807cde1ee923bb3293ba463ef5a5ff528e.bmp.lzma': I/O error on file C:/Users/guilh/Desktop/Tibia 11.44.5516/assets/sprites-6d52206f82b98b10afa2776db529f1807cde1ee923bb3293ba463ef5a5ff528e.bmp.lzma: No such file or directory"
[ 23:20:09,083 ] Update failed. Please reinstall Tibia to update your client.
[ 23:20:09,098 ] "Failed to load asset 'sprites-721182a47d5881cf54f60753cb8308c0e51332cb65e8252a563dd55f3b5bb2da.bmp.lzma': I/O error on file C:/Users/guilh/Desktop/Tibia 11.44.5516/assets/sprites-721182a47d5881cf54f60753cb8308c0e51332cb65e8252a563dd55f3b5bb2da.bmp.lzma: No such file or directory"
[ 23:20:09,100 ] Update failed. Please reinstall Tibia to update your client.
[ 23:20:09,105 ] "Failed to load asset 'sprites-8c78471a700ea00f8c4f9830ae51c2bf3c41626bb117bbfc05468554352b9258.bmp.lzma': I/O error on file C:/Users/guilh/Desktop/Tibia 11.44.5516/assets/sprites-8c78471a700ea00f8c4f9830ae51c2bf3c41626bb117bbfc05468554352b9258.bmp.lzma: No such file or directory"
[ 23:20:09,105 ] Update failed. Please reinstall Tibia to update your client.
[ 23:20:09,111 ] "Failed to load asset 'sprites-c5ee9dd7aadef10c730da8d0b7b941ca09366bf8ead72ede2d7f538538004c61.bmp.lzma': I/O error on file C:/Users/guilh/Desktop/Tibia 11.44.5516/assets/sprites-c5ee9dd7aadef10c730da8d0b7b941ca09366bf8ead72ede2d7f538538004c61.bmp.lzma: No such file or directory"
[ 23:20:09,112 ] Update failed. Please reinstall Tibia to update your client.
[ 23:20:09,116 ] "Failed to load asset 'sprites-bf86a5ca74193613f2d291eab39c951348a1ff639740b8b532101aca2679a9b4.bmp.lzma': I/O error on file C:/Users/guilh/Desktop/Tibia 11.44.5516/assets/sprites-bf86a5ca74193613f2d291eab39c951348a1ff639740b8b532101aca2679a9b4.bmp.lzma: No such file or directory"
[ 23:20:09,117 ] Update failed. Please reinstall Tibia to update your client.
[ 23:20:09,122 ] "Failed to load asset 'sprites-e015e32dc9b0bc0c30e75bbdaa6d0d54e3ff55b3841186a868f3ae07ebffdff8.bmp.lzma': I/O error on file C:/Users/guilh/Desktop/Tibia 11.44.5516/assets/sprites-e015e32dc9b0bc0c30e75bbdaa6d0d54e3ff55b3841186a868f3ae07ebffdff8.bmp.lzma: No such file or directory"
[ 23:20:09,123 ] Update failed. Please reinstall Tibia to update your client.
[ 23:20:09,129 ] "Failed to load asset 'sprites-89e9d9fa834fa2a6dbafb75febb575a25a14d858d2acba235093fe564b8113da.bmp.lzma': I/O error on file C:/Users/guilh/Desktop/Tibia 11.44.5516/assets/sprites-89e9d9fa834fa2a6dbafb75febb575a25a14d858d2acba235093fe564b8113da.bmp.lzma: No such file or directory"
[ 23:20:09,130 ] Update failed. Please reinstall Tibia to update your client.
[ 23:20:09,135 ] "Failed to load asset 'sprites-c2d9fdbf11adb2d574d100bf474e11814f8e296ada406f406d3fead721840962.bmp.lzma': I/O error on file C:/Users/guilh/Desktop/Tibia 11.44.5516/assets/sprites-c2d9fdbf11adb2d574d100bf474e11814f8e296ada406f406d3fead721840962.bmp.lzma: No such file or directory"
[ 23:20:09,136 ] Update failed. Please reinstall Tibia to update your client.
[ 23:20:09,141 ] "Failed to load asset 'sprites-b1eed06d7258fc787cc326b3fd5f45ce802c4183d888cbae11f565a8c8297449.bmp.lzma': I/O error on file C:/Users/guilh/Desktop/Tibia 11.44.5516/assets/sprites-b1eed06d7258fc787cc326b3fd5f45ce802c4183d888cbae11f565a8c8297449.bmp.lzma: No such file or directory"
[ 23:20:09,142 ] Update failed. Please reinstall Tibia to update your client.
[ 23:20:09,147 ] "Failed to load asset 'sprites-c05d56bce5b3aeb52b4852598f3e722f5bb9898e1f3a9346f2551f9190bf4d44.bmp.lzma': I/O error on file C:/Users/guilh/Desktop/Tibia 11.44.5516/assets/sprites-c05d56bce5b3aeb52b4852598f3e722f5bb9898e1f3a9346f2551f9190bf4d44.bmp.lzma: No such file or directory"
[ 23:20:09,148 ] Update failed. Please reinstall Tibia to update your client.
[ 23:20:09,153 ] "Failed to load asset 'sprites-67f8c9ae290f95c4f53e9133f0df25e638195570cc2a97e2fd7431961d66cd0d.bmp.lzma': I/O error on file C:/Users/guilh/Desktop/Tibia 11.44.5516/assets/sprites-67f8c9ae290f95c4f53e9133f0df25e638195570cc2a97e2fd7431961d66cd0d.bmp.lzma: No such file or directory"
[ 23:20:09,154 ] Update failed. Please reinstall Tibia to update your client.
[ 23:20:09,159 ] "Failed to load asset 'sprites-cad5b8485e302c2acc374a0eb97b7a811bedaad5ee7d33d76d3ae572e694fa7e.bmp.lzma': I/O error on file C:/Users/guilh/Desktop/Tibia 11.44.5516/assets/sprites-cad5b8485e302c2acc374a0eb97b7a811bedaad5ee7d33d76d3ae572e694fa7e.bmp.lzma: No such file or directory"
[ 23:20:09,160 ] Update failed. Please reinstall Tibia to update your client.
[ 23:20:09,165 ] "Failed to load asset 'sprites-feaca4107fdc6d9f7fbbde0f8b684c641299e39aadbb3121d3b292b277ed1811.bmp.lzma': I/O error on file C:/Users/guilh/Desktop/Tibia 11.44.5516/assets/sprites-feaca4107fdc6d9f7fbbde0f8b684c641299e39aadbb3121d3b292b277ed1811.bmp.lzma: No such file or directory"
[ 23:20:09,166 ] Update failed. Please reinstall Tibia to update your client.
[ 23:20:09,171 ] "Failed to load asset 'sprites-ba7706818069145e7d6644d0b92c5971192909052a91c8b47423f0f844e89e16.bmp.lzma': I/O error on file C:/Users/guilh/Desktop/Tibia 11.44.5516/assets/sprites-ba7706818069145e7d6644d0b92c5971192909052a91c8b47423f0f844e89e16.bmp.lzma: No such file or directory"
[ 23:20:09,175 ] Update failed. Please reinstall Tibia to update your client.
[ 23:20:09,181 ] "Failed to load asset 'sprites-cba4df070654995fc3e0f1142ce769ebbfd7cd0af6d3438db02a550e85d02889.bmp.lzma': I/O error on file C:/Users/guilh/Desktop/Tibia 11.44.5516/assets/sprites-cba4df070654995fc3e0f1142ce769ebbfd7cd0af6d3438db02a550e85d02889.bmp.lzma: No such file or directory"
[ 23:20:09,182 ] Update failed. Please reinstall Tibia to update your client.
[ 23:20:09,187 ] "Failed to load asset 'sprites-6b1c1ac40f9990b8ff123dd0b100bb9db2a2108144865c0a80d17fe70fa586e7.bmp.lzma': I/O error on file C:/Users/guilh/Desktop/Tibia 11.44.5516/assets/sprites-6b1c1ac40f9990b8ff123dd0b100bb9db2a2108144865c0a80d17fe70fa586e7.bmp.lzma: No such file or directory"
[ 23:20:09,188 ] Update failed. Please reinstall Tibia to update your client.
[ 23:20:09,193 ] "Failed to load asset 'sprites-6a9a8bea75d6db2cd89294ef9dd721c83df4ef8a189235dbbb88d5cb2b0b4f3a.bmp.lzma': I/O error on file C:/Users/guilh/Desktop/Tibia 11.44.5516/assets/sprites-6a9a8bea75d6db2cd89294ef9dd721c83df4ef8a189235dbbb88d5cb2b0b4f3a.bmp.lzma: No such file or directory"
[ 23:20:09,194 ] Update failed. Please reinstall Tibia to update your client.
[ 23:20:09,199 ] "Failed to load asset 'sprites-b74ad7f4ee0a5b90abe745d8902f748b19b7e11b68ab671db7ae5363f98f7c7e.bmp.lzma': I/O error on file C:/Users/guilh/Desktop/Tibia 11.44.5516/assets/sprites-b74ad7f4ee0a5b90abe745d8902f748b19b7e11b68ab671db7ae5363f98f7c7e.bmp.lzma: No such file or directory"
[ 23:20:09,200 ] Update failed. Please reinstall Tibia to update your client.
[ 23:20:09,206 ] "Failed to load asset 'sprites-b58f97323887b046a2c8d3cf688a6f3404a4090aa5524befcfd4f53288f6b60b.bmp.lzma': I/O error on file C:/Users/guilh/Desktop/Tibia 11.44.5516/assets/sprites-b58f97323887b046a2c8d3cf688a6f3404a4090aa5524befcfd4f53288f6b60b.bmp.lzma: No such file or directory"
[ 23:20:09,208 ] Update failed. Please reinstall Tibia to update your client.
[ 23:20:09,214 ] "Failed to load asset 'sprites-dd65ad4cd8507a909c56212d7d645d415e0f6a279398be6e41fe8d2dd5951662.bmp.lzma': I/O error on file C:/Users/guilh/Desktop/Tibia 11.44.5516/assets/sprites-dd65ad4cd8507a909c56212d7d645d415e0f6a279398be6e41fe8d2dd5951662.bmp.lzma: No such file or directory"
[ 23:20:09,215 ] Update failed. Please reinstall Tibia to update your client.
[ 23:20:09,220 ] "Failed to load asset 'sprites-7e9dcb4fc4712f9114def3fe9d6843d4f9117dfc47690ed89378165332957822.bmp.lzma': I/O error on file C:/Users/guilh/Desktop/Tibia 11.44.5516/assets/sprites-7e9dcb4fc4712f9114def3fe9d6843d4f9117dfc47690ed89378165332957822.bmp.lzma: No such file or directory"
[ 23:20:09,221 ] Update failed. Please reinstall Tibia to update your client.
[ 23:20:09,226 ] "Failed to load asset 'sprites-8da3314c22abf064de2ccb108408b7a8bfcf49ea5e4411f54e5847a22ee0edd0.bmp.lzma': I/O error on file C:/Users/guilh/Desktop/Tibia 11.44.5516/assets/sprites-8da3314c22abf064de2ccb108408b7a8bfcf49ea5e4411f54e5847a22ee0edd0.bmp.lzma: No such file or directory"
[ 23:20:09,227 ] Update failed. Please reinstall Tibia to update your client.
[ 23:20:09,233 ] "Failed to load asset 'sprites-d297d90d90edf77c447371b1ef5658294a8a2f0bb3ec9b9cd7b6516f406934dd.bmp.lzma': I/O error on file C:/Users/guilh/Desktop/Tibia 11.44.5516/assets/sprites-d297d90d90edf77c447371b1ef5658294a8a2f0bb3ec9b9cd7b6516f406934dd.bmp.lzma: No such file or directory"
[ 23:20:09,234 ] Update failed. Please reinstall Tibia to update your client.
[ 23:20:09,239 ] "Failed to load asset 'sprites-e4fe3656b274a750c02f991150e1bcc53f42d4be8c4b9f44e5b02c7762fa5039.bmp.lzma': I/O error on file C:/Users/guilh/Desktop/Tibia 11.44.5516/assets/sprites-e4fe3656b274a750c02f991150e1bcc53f42d4be8c4b9f44e5b02c7762fa5039.bmp.lzma: No such file or directory"
[ 23:20:09,240 ] Update failed. Please reinstall Tibia to update your client.
[ 23:20:09,245 ] "Failed to load asset 'sprites-83eb2f43df289c193864c57f5769e112978128a34283ded57074fbd647ae0b5a.bmp.lzma': I/O error on file C:/Users/guilh/Desktop/Tibia 11.44.5516/assets/sprites-83eb2f43df289c193864c57f5769e112978128a34283ded57074fbd647ae0b5a.bmp.lzma: No such file or directory"
[ 23:20:09,246 ] Update failed. Please reinstall Tibia to update your client.
[ 23:20:09,252 ] "Failed to load asset 'sprites-d9d2e31702cc3b0c2b0057ed28d3861b8ecc2523430e08f8b77d04f5c605ff3d.bmp.lzma': I/O error on file C:/Users/guilh/Desktop/Tibia 11.44.5516/assets/sprites-d9d2e31702cc3b0c2b0057ed28d3861b8ecc2523430e08f8b77d04f5c605ff3d.bmp.lzma: No such file or directory"
[ 23:20:09,253 ] Update failed. Please reinstall Tibia to update your client.
[ 23:20:09,259 ] "Failed to load asset 'sprites-e91520a7e3a6772dd3e72f6720d6c5100a8bdff92b4d2b7249ca04893856d563.bmp.lzma': I/O error on file C:/Users/guilh/Desktop/Tibia 11.44.5516/assets/sprites-e91520a7e3a6772dd3e72f6720d6c5100a8bdff92b4d2b7249ca04893856d563.bmp.lzma: No such file or directory"
[ 23:20:09,260 ] Update failed. Please reinstall Tibia to update your client.
[ 23:20:09,265 ] "Failed to load asset 'sprites-906472afe3c2fe1b1ddeabf7afde21e8a10e412383cc54197dd9226ae4eeffb0.bmp.lzma': I/O error on file C:/Users/guilh/Desktop/Tibia 11.44.5516/assets/sprites-906472afe3c2fe1b1ddeabf7afde21e8a10e412383cc54197dd9226ae4eeffb0.bmp.lzma: No such file or directory"
[ 23:20:09,266 ] Update failed. Please reinstall Tibia to update your client.
[ 23:20:09,297 ] "Failed to load asset 'sprites-a4e97add2022771aed1c23c594db4a64123e5fc5aa0cd38bfebf84147c877caa.bmp.lzma': I/O error on file C:/Users/guilh/Desktop/Tibia 11.44.5516/assets/sprites-a4e97add2022771aed1c23c594db4a64123e5fc5aa0cd38bfebf84147c877caa.bmp.lzma: No such file or directory"
[ 23:20:09,298 ] Update failed. Please reinstall Tibia to update your client.
[ 23:20:09,304 ] "Failed to load asset 'sprites-f53903f43f9bd8ee3984a85e196b323b0e030c1c8006048d8295c468e4905dac.bmp.lzma': I/O error on file C:/Users/guilh/Desktop/Tibia 11.44.5516/assets/sprites-f53903f43f9bd8ee3984a85e196b323b0e030c1c8006048d8295c468e4905dac.bmp.lzma: No such file or directory"
[ 23:20:09,305 ] Update failed. Please reinstall Tibia to update your client.
[ 23:20:09,311 ] "Failed to load asset 'sprites-70a7b954c9794b4296b8ea214811c172efed5883439f9e6d6beac71508a4fea1.bmp.lzma': I/O error on file C:/Users/guilh/Desktop/Tibia 11.44.5516/assets/sprites-70a7b954c9794b4296b8ea214811c172efed5883439f9e6d6beac71508a4fea1.bmp.lzma: No such file or directory"
[ 23:20:09,312 ] Update failed. Please reinstall Tibia to update your client.
[ 23:20:09,318 ] "Failed to load asset 'sprites-768b0e720dbeea35a943bf5125ba1f24db876fb585baf8e6675cf0fda678b549.bmp.lzma': I/O error on file C:/Users/guilh/Desktop/Tibia 11.44.5516/assets/sprites-768b0e720dbeea35a943bf5125ba1f24db876fb585baf8e6675cf0fda678b549.bmp.lzma: No such file or directory"
[ 23:20:09,319 ] Update failed. Please reinstall Tibia to update your client.
[ 23:20:09,324 ] "Failed to load asset 'sprites-b11e7fa4a156a88ad57de7823bf0884293cb064f86d777670272ce0559632f2b.bmp.lzma': I/O error on file C:/Users/guilh/Desktop/Tibia 11.44.5516/assets/sprites-b11e7fa4a156a88ad57de7823bf0884293cb064f86d777670272ce0559632f2b.bmp.lzma: No such file or directory"
[ 23:20:09,325 ] Update failed. Please reinstall Tibia to update your client.
[ 23:20:09,331 ] "Failed to load asset 'sprites-ac4fc776229f49d054f7fa958fe9be2c49f1ed9dd5f9d11a0dafbdf616487a81.bmp.lzma': I/O error on file C:/Users/guilh/Desktop/Tibia 11.44.5516/assets/sprites-ac4fc776229f49d054f7fa958fe9be2c49f1ed9dd5f9d11a0dafbdf616487a81.bmp.lzma: No such file or directory"
[ 23:20:09,332 ] Update failed. Please reinstall Tibia to update your client.
[ 23:20:09,337 ] "Failed to load asset 'sprites-6c99b35b1c0e481c0fe71d322da1508b75886e560147a7dbc40421d1cc2de07b.bmp.lzma': I/O error on file C:/Users/guilh/Desktop/Tibia 11.44.5516/assets/sprites-6c99b35b1c0e481c0fe71d322da1508b75886e560147a7dbc40421d1cc2de07b.bmp.lzma: No such file or directory"
[ 23:20:09,341 ] Update failed. Please reinstall Tibia to update your client.
[ 23:20:09,348 ] "Failed to load asset 'sprites-b630541e257bac50f0d1ccb19cdb5fc22b50d81ecffe66a09de80bca24569867.bmp.lzma': I/O error on file C:/Users/guilh/Desktop/Tibia 11.44.5516/assets/sprites-b630541e257bac50f0d1ccb19cdb5fc22b50d81ecffe66a09de80bca24569867.bmp.lzma: No such file or directory"
[ 23:20:09,349 ] Update failed. Please reinstall Tibia to update your client.
[ 23:20:09,373 ] "Failed to load asset 'sprites-c0e9f831c89f5d38cb2b83b3337ea7c6b73e0f9dbaca2b7ac1be498c5fa0fad4.bmp.lzma': I/O error on file C:/Users/guilh/Desktop/Tibia 11.44.5516/assets/sprites-c0e9f831c89f5d38cb2b83b3337ea7c6b73e0f9dbaca2b7ac1be498c5fa0fad4.bmp.lzma: No such file or directory"
[ 23:20:09,374 ] Update failed. Please reinstall Tibia to update your client.
[ 23:20:09,381 ] "Failed to load asset 'sprites-6fcb2d8e785a83145d3a5e32c8aed3d6ae9e501301883840e34fd2b6d4ae4ce3.bmp.lzma': I/O error on file C:/Users/guilh/Desktop/Tibia 11.44.5516/assets/sprites-6fcb2d8e785a83145d3a5e32c8aed3d6ae9e501301883840e34fd2b6d4ae4ce3.bmp.lzma: No such file or directory"
[ 23:20:09,382 ] Update failed. Please reinstall Tibia to update your client.
[ 23:20:09,387 ] "Failed to load asset 'sprites-6a5afe40a61d96bd0e7398fcf9e25399c471f55c5ad4a08e7366bc304b96548c.bmp.lzma': I/O error on file C:/Users/guilh/Desktop/Tibia 11.44.5516/assets/sprites-6a5afe40a61d96bd0e7398fcf9e25399c471f55c5ad4a08e7366bc304b96548c.bmp.lzma: No such file or directory"
[ 23:20:09,388 ] Update failed. Please reinstall Tibia to update your client.
[ 23:20:09,395 ] "Failed to load asset 'sprites-676af399a0ae488e7b97e8c9255778eed30498cdbe485c2ee7250928b6b38075.bmp.lzma': I/O error on file C:/Users/guilh/Desktop/Tibia 11.44.5516/assets/sprites-676af399a0ae488e7b97e8c9255778eed30498cdbe485c2ee7250928b6b38075.bmp.lzma: No such file or directory"
[ 23:20:09,396 ] Update failed. Please reinstall Tibia to update your client.
[ 23:20:09,402 ] "Failed to load asset 'sprites-9042fec59ca60fae46e76e2b7887dd70a11c64f8e986af6e7269d7075c6816d5.bmp.lzma': I/O error on file C:/Users/guilh/Desktop/Tibia 11.44.5516/assets/sprites-9042fec59ca60fae46e76e2b7887dd70a11c64f8e986af6e7269d7075c6816d5.bmp.lzma: No such file or directory"
[ 23:20:09,403 ] Update failed. Please reinstall Tibia to update your client.
[ 23:20:09,409 ] "Failed to load asset 'sprites-af18d8b1811857d42cf357e422431fffb791e159420c96ee7594eb73100cd666.bmp.lzma': I/O error on file C:/Users/guilh/Desktop/Tibia 11.44.5516/assets/sprites-af18d8b1811857d42cf357e422431fffb791e159420c96ee7594eb73100cd666.bmp.lzma: No such file or directory"
[ 23:20:09,410 ] Update failed. Please reinstall Tibia to update your client.
[ 23:20:09,416 ] "Failed to load asset 'sprites-6ee4654c5c13f7bc0d3198ceecf5711ff45fea85642bca1429f696671d10fb1e.bmp.lzma': I/O error on file C:/Users/guilh/Desktop/Tibia 11.44.5516/assets/sprites-6ee4654c5c13f7bc0d3198ceecf5711ff45fea85642bca1429f696671d10fb1e.bmp.lzma: No such file or directory"
[ 23:20:09,416 ] Update failed. Please reinstall Tibia to update your client.
[ 23:20:09,422 ] "Failed to load asset 'sprites-8d9373f05d5c8c7f7df8b4f447fb39396aff0b9a55de89d0dd498e8bd364d7fe.bmp.lzma': I/O error on file C:/Users/guilh/Desktop/Tibia 11.44.5516/assets/sprites-8d9373f05d5c8c7f7df8b4f447fb39396aff0b9a55de89d0dd498e8bd364d7fe.bmp.lzma: No such file or directory"
[ 23:20:09,423 ] Update failed. Please reinstall Tibia to update your client.
[ 23:20:09,429 ] "Failed to load asset 'sprites-b2cbc9829d91a7788d312e50c259ff473f0bb81752779a6c2c48cd0e75a51711.bmp.lzma': I/O error on file C:/Users/guilh/Desktop/Tibia 11.44.5516/assets/sprites-b2cbc9829d91a7788d312e50c259ff473f0bb81752779a6c2c48cd0e75a51711.bmp.lzma: No such file or directory"
[ 23:20:09,430 ] Update failed. Please reinstall Tibia to update your client.
[ 23:20:09,435 ] "Failed to load asset 'sprites-b9e2ceee0fa784bba84dfe9e80186fd8d935621f83f31680d25b0b535adaba6b.bmp.lzma': I/O error on file C:/Users/guilh/Desktop/Tibia 11.44.5516/assets/sprites-b9e2ceee0fa784bba84dfe9e80186fd8d935621f83f31680d25b0b535adaba6b.bmp.lzma: No such file or directory"
[ 23:20:09,436 ] Update failed. Please reinstall Tibia to update your client.
[ 23:20:09,444 ] "Failed to load asset 'sprites-9015d29b445530d7c26cf5959bdaa5ef9e9b1dd1cdcf781280d2ddb484ccb673.bmp.lzma': I/O error on file C:/Users/guilh/Desktop/Tibia 11.44.5516/assets/sprites-9015d29b445530d7c26cf5959bdaa5ef9e9b1dd1cdcf781280d2ddb484ccb673.bmp.lzma: No such file or directory"
[ 23:20:09,445 ] Update failed. Please reinstall Tibia to update your client.
[ 23:20:09,450 ] "Failed to load asset 'sprites-f3d4f364163b3d626fe802a07f00c2e7afec3baa4dc3ca8c866c72443f70a185.bmp.lzma': I/O error on file C:/Users/guilh/Desktop/Tibia 11.44.5516/assets/sprites-f3d4f364163b3d626fe802a07f00c2e7afec3baa4dc3ca8c866c72443f70a185.bmp.lzma: No such file or directory"
[ 23:20:09,451 ] Update failed. Please reinstall Tibia to update your client.
[ 23:20:09,456 ] "Failed to load asset 'sprites-70d5c8bc00ba0d47220d7da11c4476a33c1c79dbafae0edeaf91979be76e8153.bmp.lzma': I/O error on file C:/Users/guilh/Desktop/Tibia 11.44.5516/assets/sprites-70d5c8bc00ba0d47220d7da11c4476a33c1c79dbafae0edeaf91979be76e8153.bmp.lzma: No such file or directory"
[ 23:20:09,457 ] Update failed. Please reinstall Tibia to update your client.
[ 23:20:09,463 ] "Failed to load asset 'sprites-d92c54d845b8fe27dd5d9ad966f3d938a39be3651a02f78465070a9487b89c80.bmp.lzma': I/O error on file C:/Users/guilh/Desktop/Tibia 11.44.5516/assets/sprites-d92c54d845b8fe27dd5d9ad966f3d938a39be3651a02f78465070a9487b89c80.bmp.lzma: No such file or directory"
[ 23:20:09,464 ] Update failed. Please reinstall Tibia to update your client.
[ 23:20:09,470 ] "Failed to load asset 'sprites-95b5d387b001f783500182a7add80718738f65079d22530af3b068d019a1d1f4.bmp.lzma': I/O error on file C:/Users/guilh/Desktop/Tibia 11.44.5516/assets/sprites-95b5d387b001f783500182a7add80718738f65079d22530af3b068d019a1d1f4.bmp.lzma: No such file or directory"
[ 23:20:09,471 ] Update failed. Please reinstall Tibia to update your client.
[ 23:20:09,480 ] "Failed to load asset 'sprites-c71997d0af83f0508e122a4bdb6c18c974a208a3c6351d25b466c2297d255096.bmp.lzma': I/O error on file C:/Users/guilh/Desktop/Tibia 11.44.5516/assets/sprites-c71997d0af83f0508e122a4bdb6c18c974a208a3c6351d25b466c2297d255096.bmp.lzma: No such file or directory"
[ 23:20:09,481 ] Update failed. Please reinstall Tibia to update your client.
[ 23:20:09,505 ] "Failed to load asset 'sprites-89806857a4cce9d6edf5be19cebcb34578ffc196332a1c6db7e75cc0b465aec5.bmp.lzma': I/O error on file C:/Users/guilh/Desktop/Tibia 11.44.5516/assets/sprites-89806857a4cce9d6edf5be19cebcb34578ffc196332a1c6db7e75cc0b465aec5.bmp.lzma: No such file or directory"
[ 23:20:09,505 ] Update failed. Please reinstall Tibia to update your client.
[ 23:20:09,513 ] "Failed to load asset 'sprites-a0758dc4f593b43cd7010a9ba1fe8de6e7fb5458339b85636a0bfe7c072ebafc.bmp.lzma': I/O error on file C:/Users/guilh/Desktop/Tibia 11.44.5516/assets/sprites-a0758dc4f593b43cd7010a9ba1fe8de6e7fb5458339b85636a0bfe7c072ebafc.bmp.lzma: No such file or directory"
[ 23:20:09,514 ] Update failed. Please reinstall Tibia to update your client.
[ 23:20:09,519 ] "Failed to load asset 'sprites-a54215130b3250b6cb4648f5358c1cb21bcb7d15e1e13519a846ede1d74cbbb6.bmp.lzma': I/O error on file C:/Users/guilh/Desktop/Tibia 11.44.5516/assets/sprites-a54215130b3250b6cb4648f5358c1cb21bcb7d15e1e13519a846ede1d74cbbb6.bmp.lzma: No such file or directory"
[ 23:20:09,520 ] Update failed. Please reinstall Tibia to update your client.
[ 23:20:09,526 ] "Failed to load asset 'sprites-688b54db2b88147ed66b5079aa057584234ecf676d580da9bbd7a606914e4b50.bmp.lzma': I/O error on file C:/Users/guilh/Desktop/Tibia 11.44.5516/assets/sprites-688b54db2b88147ed66b5079aa057584234ecf676d580da9bbd7a606914e4b50.bmp.lzma: No such file or directory"
[ 23:20:09,527 ] Update failed. Please reinstall Tibia to update your client.
[ 23:20:09,535 ] "Failed to load asset 'sprites-7c88e90c4d935473a6f5c565ef6fcf4482757620d9bff3ba42629baff00983c9.bmp.lzma': I/O error on file C:/Users/guilh/Desktop/Tibia 11.44.5516/assets/sprites-7c88e90c4d935473a6f5c565ef6fcf4482757620d9bff3ba42629baff00983c9.bmp.lzma: No such file or directory"
[ 23:20:09,536 ] Update failed. Please reinstall Tibia to update your client.
[ 23:20:09,544 ] "Failed to load asset 'sprites-b04ae01bc47222fb1fc61095ce6a2b5f684b7c5c0e2cd3d1e80feb6ca1f50b9d.bmp.lzma': I/O error on file C:/Users/guilh/Desktop/Tibia 11.44.5516/assets/sprites-b04ae01bc47222fb1fc61095ce6a2b5f684b7c5c0e2cd3d1e80feb6ca1f50b9d.bmp.lzma: No such file or directory"
[ 23:20:09,546 ] Update failed. Please reinstall Tibia to update your client.
[ 23:20:09,556 ] "Failed to load asset 'sprites-84b2bac3d8bed09a72dba2f9ee8e37f61128189f0317c77c818c6eb640299d5b.bmp.lzma': I/O error on file C:/Users/guilh/Desktop/Tibia 11.44.5516/assets/sprites-84b2bac3d8bed09a72dba2f9ee8e37f61128189f0317c77c818c6eb640299d5b.bmp.lzma: No such file or directory"
[ 23:20:09,558 ] Update failed. Please reinstall Tibia to update your client.
[ 23:20:09,566 ] "Failed to load asset 'sprites-9d20ee294197f85f753fcdb0facfb4cf338a9f2aec07bb3b3ce67ba7bb28ead6.bmp.lzma': I/O error on file C:/Users/guilh/Desktop/Tibia 11.44.5516/assets/sprites-9d20ee294197f85f753fcdb0facfb4cf338a9f2aec07bb3b3ce67ba7bb28ead6.bmp.lzma: No such file or directory"
[ 23:20:09,567 ] Update failed. Please reinstall Tibia to update your client.
[ 23:20:09,575 ] "Failed to load asset 'sprites-b997c6836fdda166b7635a5a176a16ed0cf5aa50940203d43f09c654faff4ba5.bmp.lzma': I/O error on file C:/Users/guilh/Desktop/Tibia 11.44.5516/assets/sprites-b997c6836fdda166b7635a5a176a16ed0cf5aa50940203d43f09c654faff4ba5.bmp.lzma: No such file or directory"
[ 23:20:09,576 ] Update failed. Please reinstall Tibia to update your client.
[ 23:20:09,582 ] "Failed to load asset 'sprites-a22567ef0622163914c5f8f7a3b94b8685a75f27bc52042546f7a33703f004bd.bmp.lzma': I/O error on file C:/Users/guilh/Desktop/Tibia 11.44.5516/assets/sprites-a22567ef0622163914c5f8f7a3b94b8685a75f27bc52042546f7a33703f004bd.bmp.lzma: No such file or directory"
[ 23:20:09,583 ] Update failed. Please reinstall Tibia to update your client.
[ 23:20:09,589 ] "Failed to load asset 'sprites-ec641ac99a50e196a783cc06ded57594341195421612c2463b210bacbe5822ff.bmp.lzma': I/O error on file C:/Users/guilh/Desktop/Tibia 11.44.5516/assets/sprites-ec641ac99a50e196a783cc06ded57594341195421612c2463b210bacbe5822ff.bmp.lzma: No such file or directory"
[ 23:20:09,591 ] Update failed. Please reinstall Tibia to update your client.
[ 23:20:09,597 ] "Failed to load asset 'sprites-79baf49d8c0b1b061f5da34b23f70f4a0d59d78165439a1814394671e2779f90.bmp.lzma': I/O error on file C:/Users/guilh/Desktop/Tibia 11.44.5516/assets/sprites-79baf49d8c0b1b061f5da34b23f70f4a0d59d78165439a1814394671e2779f90.bmp.lzma: No such file or directory"
[ 23:20:09,598 ] Update failed. Please reinstall Tibia to update your client.
[ 23:20:09,603 ] "Failed to load asset 'sprites-bab66a93c90bce88fadf63809cf6df321176d04b2f121c957378a579f608c9e7.bmp.lzma': I/O error on file C:/Users/guilh/Desktop/Tibia 11.44.5516/assets/sprites-bab66a93c90bce88fadf63809cf6df321176d04b2f121c957378a579f608c9e7.bmp.lzma: No such file or directory"
[ 23:20:09,603 ] Update failed. Please reinstall Tibia to update your client.
[ 23:20:09,608 ] "Failed to load asset 'sprites-687bd9feb85d3f6cbbcdc6c312d4fc22140002eb3c39b7cb7e0846953acbd734.bmp.lzma': I/O error on file C:/Users/guilh/Desktop/Tibia 11.44.5516/assets/sprites-687bd9feb85d3f6cbbcdc6c312d4fc22140002eb3c39b7cb7e0846953acbd734.bmp.lzma: No such file or directory"
[ 23:20:09,609 ] Update failed. Please reinstall Tibia to update your client.
[ 23:20:09,615 ] "Failed to load asset 'sprites-afe15be26946c40f456040e3dd695aa53830c9bda3b1bafc806e42bef019139f.bmp.lzma': I/O error on file C:/Users/guilh/Desktop/Tibia 11.44.5516/assets/sprites-afe15be26946c40f456040e3dd695aa53830c9bda3b1bafc806e42bef019139f.bmp.lzma: No such file or directory"
[ 23:20:09,626 ] Update failed. Please reinstall Tibia to update your client.
[ 23:20:09,634 ] "Failed to load asset 'sprites-876c43e02f319eb24f3dc946fb0c07c3592fa8fa6666e9338d8f6e12dbdde690.bmp.lzma': I/O error on file C:/Users/guilh/Desktop/Tibia 11.44.5516/assets/sprites-876c43e02f319eb24f3dc946fb0c07c3592fa8fa6666e9338d8f6e12dbdde690.bmp.lzma: No such file or directory"
[ 23:20:09,635 ] Update failed. Please reinstall Tibia to update your client.
[ 23:20:09,651 ] "Failed to load asset 'sprites-fb25ce2fc72d4c8d0c365cfc5a77ecb6217d08d0aa22c59552b69ba213680179.bmp.lzma': I/O error on file C:/Users/guilh/Desktop/Tibia 11.44.5516/assets/sprites-fb25ce2fc72d4c8d0c365cfc5a77ecb6217d08d0aa22c59552b69ba213680179.bmp.lzma: No such file or directory"
[ 23:20:09,651 ] Update failed. Please reinstall Tibia to update your client.
[ 23:20:09,661 ] "Failed to load asset 'sprites-cfe272f52f6cbb95d2ec8cf7c6ed025c3be7b4fe1e852dd714f5f2256c17c7b4.bmp.lzma': I/O error on file C:/Users/guilh/Desktop/Tibia 11.44.5516/assets/sprites-cfe272f52f6cbb95d2ec8cf7c6ed025c3be7b4fe1e852dd714f5f2256c17c7b4.bmp.lzma: No such file or directory"
[ 23:20:09,662 ] Update failed. Please reinstall Tibia to update your client.
[ 23:20:09,668 ] "Failed to load asset 'sprites-fd89e35fceeb2114f9ecd81c619595a79a76fd1582c6d5e56cd02fd1176d2a1d.bmp.lzma': I/O error on file C:/Users/guilh/Desktop/Tibia 11.44.5516/assets/sprites-fd89e35fceeb2114f9ecd81c619595a79a76fd1582c6d5e56cd02fd1176d2a1d.bmp.lzma: No such file or directory"
[ 23:20:09,676 ] Update failed. Please reinstall Tibia to update your client.
[ 23:20:09,682 ] "Failed to load asset 'sprites-b57a70dda8e440f2052bb2dc1d3fd195d111a111d647f6278e8d908ab1719544.bmp.lzma': I/O error on file C:/Users/guilh/Desktop/Tibia 11.44.5516/assets/sprites-b57a70dda8e440f2052bb2dc1d3fd195d111a111d647f6278e8d908ab1719544.bmp.lzma: No such file or directory"
[ 23:20:09,683 ] Update failed. Please reinstall Tibia to update your client.
[ 23:20:09,690 ] "Failed to load asset 'sprites-a8d4427a5d25c1e6454c9f6bd45679be25238c4630fff154651dddfa1ee26b07.bmp.lzma': I/O error on file C:/Users/guilh/Desktop/Tibia 11.44.5516/assets/sprites-a8d4427a5d25c1e6454c9f6bd45679be25238c4630fff154651dddfa1ee26b07.bmp.lzma: No such file or directory"
[ 23:20:09,692 ] Update failed. Please reinstall Tibia to update your client.
[ 23:20:09,698 ] "Failed to load asset 'sprites-e955d27875702f6ac8a6ecad2167e93e1b85b60ef4c4dddc2f3056f538927d05.bmp.lzma': I/O error on file C:/Users/guilh/Desktop/Tibia 11.44.5516/assets/sprites-e955d27875702f6ac8a6ecad2167e93e1b85b60ef4c4dddc2f3056f538927d05.bmp.lzma: No such file or directory"
[ 23:20:09,699 ] Update failed. Please reinstall Tibia to update your client.
[ 23:20:09,705 ] "Failed to load asset 'sprites-832de4eb35c2b9a82982a3d734f48f07bbfb63fc39272d492e564ec0eba3c6b0.bmp.lzma': I/O error on file C:/Users/guilh/Desktop/Tibia 11.44.5516/assets/sprites-832de4eb35c2b9a82982a3d734f48f07bbfb63fc39272d492e564ec0eba3c6b0.bmp.lzma: No such file or directory"
[ 23:20:09,705 ] Update failed. Please reinstall Tibia to update your client.
[ 23:20:09,711 ] "Failed to load asset 'sprites-b0cef656ee88bcaa4837a92cad03a8258c804b7950c742584729f319d49561d8.bmp.lzma': I/O error on file C:/Users/guilh/Desktop/Tibia 11.44.5516/assets/sprites-b0cef656ee88bcaa4837a92cad03a8258c804b7950c742584729f319d49561d8.bmp.lzma: No such file or directory"
[ 23:20:09,712 ] Update failed. Please reinstall Tibia to update your client.
[ 23:20:09,718 ] "Failed to load asset 'sprites-6d2a7fdfcb0dce1992bfb7be84923592091d65fabaf8e67f4af51edc6d37e8c7.bmp.lzma': I/O error on file C:/Users/guilh/Desktop/Tibia 11.44.5516/assets/sprites-6d2a7fdfcb0dce1992bfb7be84923592091d65fabaf8e67f4af51edc6d37e8c7.bmp.lzma: No such file or directory"
[ 23:20:09,719 ] Update failed. Please reinstall Tibia to update your client.
[ 23:20:09,730 ] "Failed to load asset 'sprites-98d04d83c697b3526ee4317017cfee004289bf0f8ee1bba9310877b268b368e8.bmp.lzma': I/O error on file C:/Users/guilh/Desktop/Tibia 11.44.5516/assets/sprites-98d04d83c697b3526ee4317017cfee004289bf0f8ee1bba9310877b268b368e8.bmp.lzma: No such file or directory"
[ 23:20:09,730 ] Update failed. Please reinstall Tibia to update your client.
[ 23:20:09,736 ] "Failed to load asset 'sprites-71dc82066bece58239bf3b541a3911967915379687fe3a0726fb1db4b13d5018.bmp.lzma': I/O error on file C:/Users/guilh/Desktop/Tibia 11.44.5516/assets/sprites-71dc82066bece58239bf3b541a3911967915379687fe3a0726fb1db4b13d5018.bmp.lzma: No such file or directory"
[ 23:20:09,736 ] Update failed. Please reinstall Tibia to update your client.
[ 23:20:09,742 ] "Failed to load asset 'sprites-9345066941560e721c701a4ab81a9a590893f12414229ea70f310d7c589aae16.bmp.lzma': I/O error on file C:/Users/guilh/Desktop/Tibia 11.44.5516/assets/sprites-9345066941560e721c701a4ab81a9a590893f12414229ea70f310d7c589aae16.bmp.lzma: No such file or directory"
[ 23:20:09,743 ] Update failed. Please reinstall Tibia to update your client.
[ 23:20:09,748 ] "Failed to load asset 'sprites-f1800adecaa5caeb9954ab12a476b6c392f5b7cadf97a02f776179a193423eb0.bmp.lzma': I/O error on file C:/Users/guilh/Desktop/Tibia 11.44.5516/assets/sprites-f1800adecaa5caeb9954ab12a476b6c392f5b7cadf97a02f776179a193423eb0.bmp.lzma: No such file or directory"
[ 23:20:09,749 ] Update failed. Please reinstall Tibia to update your client.
[ 23:20:09,754 ] "Failed to load asset 'sprites-6e851dc1c4a45b3b1f1a03faff2b552357e68be07e17028a2b26889aaf5936bf.bmp.lzma': I/O error on file C:/Users/guilh/Desktop/Tibia 11.44.5516/assets/sprites-6e851dc1c4a45b3b1f1a03faff2b552357e68be07e17028a2b26889aaf5936bf.bmp.lzma: No such file or directory"
[ 23:20:09,755 ] Update failed. Please reinstall Tibia to update your client.
[ 23:20:09,760 ] "Failed to load asset 'sprites-b79a315964cff1a3adfb22d5af39cbc35940e21c9a3a5b34bb8e2169e8e5e6e6.bmp.lzma': I/O error on file C:/Users/guilh/Desktop/Tibia 11.44.5516/assets/sprites-b79a315964cff1a3adfb22d5af39cbc35940e21c9a3a5b34bb8e2169e8e5e6e6.bmp.lzma: No such file or directory"
[ 23:20:09,761 ] Update failed. Please reinstall Tibia to update your client.
[ 23:20:09,766 ] "Failed to load asset 'sprites-d7aaa6aa33f77aec3525587310208c40e36058c2298e591e207933f573ed5ef1.bmp.lzma': I/O error on file C:/Users/guilh/Desktop/Tibia 11.44.5516/assets/sprites-d7aaa6aa33f77aec3525587310208c40e36058c2298e591e207933f573ed5ef1.bmp.lzma: No such file or directory"
[ 23:20:09,767 ] Update failed. Please reinstall Tibia to update your client.
[ 23:20:09,776 ] "Failed to load asset 'sprites-76ae3c02d68c4d474dedcd6125c4c64991039ee47951d2dd7827f545ee7af011.bmp.lzma': I/O error on file C:/Users/guilh/Desktop/Tibia 11.44.5516/assets/sprites-76ae3c02d68c4d474dedcd6125c4c64991039ee47951d2dd7827f545ee7af011.bmp.lzma: No such file or directory"
[ 23:20:09,777 ] Update failed. Please reinstall Tibia to update your client.
[ 23:20:09,782 ] "Failed to load asset 'sprites-f587f56171b9121bc0bef3a4b2961b6b5796ca6fc487c7d7e0e6c00016e70cfd.bmp.lzma': I/O error on file C:/Users/guilh/Desktop/Tibia 11.44.5516/assets/sprites-f587f56171b9121bc0bef3a4b2961b6b5796ca6fc487c7d7e0e6c00016e70cfd.bmp.lzma: No such file or directory"
[ 23:20:09,783 ] Update failed. Please reinstall Tibia to update your client.
[ 23:20:09,788 ] "Failed to load asset 'sprites-b5c265891feaab717901b69f3ccf61fe187dbd9e51e35f1ce04871b11d6f4ec5.bmp.lzma': I/O error on file C:/Users/guilh/Desktop/Tibia 11.44.5516/assets/sprites-b5c265891feaab717901b69f3ccf61fe187dbd9e51e35f1ce04871b11d6f4ec5.bmp.lzma: No such file or directory"
[ 23:20:09,789 ] Update failed. Please reinstall Tibia to update your client.
[ 23:20:09,843 ] "Failed to load asset 'sprites-977ae6ed5e1bd1bb39897df27094a69d60e4d21b3ac7613f39cee162515b3873.bmp.lzma': I/O error on file C:/Users/guilh/Desktop/Tibia 11.44.5516/assets/sprites-977ae6ed5e1bd1bb39897df27094a69d60e4d21b3ac7613f39cee162515b3873.bmp.lzma: No such file or directory"
[ 23:20:09,844 ] Update failed. Please reinstall Tibia to update your client.
[ 23:20:09,849 ] "Failed to load asset 'sprites-dd15ee8669b8f9836082ea7094bad361003d97c3976b88cfc61582962465c8f6.bmp.lzma': I/O error on file C:/Users/guilh/Desktop/Tibia 11.44.5516/assets/sprites-dd15ee8669b8f9836082ea7094bad361003d97c3976b88cfc61582962465c8f6.bmp.lzma: No such file or directory"
[ 23:20:09,850 ] Update failed. Please reinstall Tibia to update your client.
[ 23:20:09,856 ] "Failed to load asset 'sprites-7c0dd106e144802ed78b6d0ebdf529ac7b556085d1d4a51579a3dd9f5a0c17eb.bmp.lzma': I/O error on file C:/Users/guilh/Desktop/Tibia 11.44.5516/assets/sprites-7c0dd106e144802ed78b6d0ebdf529ac7b556085d1d4a51579a3dd9f5a0c17eb.bmp.lzma: No such file or directory"
[ 23:20:09,857 ] Update failed. Please reinstall Tibia to update your client.
[ 23:20:09,861 ] "Failed to load asset 'sprites-ca2e22cecccaa2b01e62613b737028584248593df197caa62d6b99d108656546.bmp.lzma': I/O error on file C:/Users/guilh/Desktop/Tibia 11.44.5516/assets/sprites-ca2e22cecccaa2b01e62613b737028584248593df197caa62d6b99d108656546.bmp.lzma: No such file or directory"
[ 23:20:09,862 ] Update failed. Please reinstall Tibia to update your client.
[ 23:20:09,867 ] "Failed to load asset 'sprites-998d741887fc45dee5c0fb1bbafdea46dea7232e1528cdfbf0c3fe04041c6295.bmp.lzma': I/O error on file C:/Users/guilh/Desktop/Tibia 11.44.5516/assets/sprites-998d741887fc45dee5c0fb1bbafdea46dea7232e1528cdfbf0c3fe04041c6295.bmp.lzma: No such file or directory"
[ 23:20:09,868 ] Update failed. Please reinstall Tibia to update your client.
[ 23:20:09,873 ] "Failed to load asset 'sprites-6aa2caf6368ea2b1044233e698a660eaa7d3852c9066acf794d17e9ef16e1ef8.bmp.lzma': I/O error on file C:/Users/guilh/Desktop/Tibia 11.44.5516/assets/sprites-6aa2caf6368ea2b1044233e698a660eaa7d3852c9066acf794d17e9ef16e1ef8.bmp.lzma: No such file or directory"
[ 23:20:09,874 ] Update failed. Please reinstall Tibia to update your client.
[ 23:20:09,881 ] "Failed to load asset 'sprites-d46dbbb63f0fb3955808a51ad2cec0dc819dbcfe69042e830846f1f7a2673c99.bmp.lzma': I/O error on file C:/Users/guilh/Desktop/Tibia 11.44.5516/assets/sprites-d46dbbb63f0fb3955808a51ad2cec0dc819dbcfe69042e830846f1f7a2673c99.bmp.lzma: No such file or directory"
[ 23:20:09,882 ] Update failed. Please reinstall Tibia to update your client.
[ 23:20:09,898 ] "Failed to load asset 'sprites-d7d61e68b96071874f56ba82c5cbb8646d1f57d80d5e35085152c0f745f7ce53.bmp.lzma': I/O error on file C:/Users/guilh/Desktop/Tibia 11.44.5516/assets/sprites-d7d61e68b96071874f56ba82c5cbb8646d1f57d80d5e35085152c0f745f7ce53.bmp.lzma: No such file or directory"
[ 23:20:09,899 ] Update failed. Please reinstall Tibia to update your client.
[ 23:20:09,905 ] "Failed to load asset 'sprites-b5b882fd15ea4131295572f0151d16234b55df321ed19ab07bf4a1cd20e8dabc.bmp.lzma': I/O error on file C:/Users/guilh/Desktop/Tibia 11.44.5516/assets/sprites-b5b882fd15ea4131295572f0151d16234b55df321ed19ab07bf4a1cd20e8dabc.bmp.lzma: No such file or directory"
[ 23:20:09,906 ] Update failed. Please reinstall Tibia to update your client.
[ 23:20:09,914 ] "Failed to load asset 'sprites-6b6b24dc9d9305dae293176c7bdc75f34e40f70c9a29d24b0ef4bc121a5f3152.bmp.lzma': I/O error on file C:/Users/guilh/Desktop/Tibia 11.44.5516/assets/sprites-6b6b24dc9d9305dae293176c7bdc75f34e40f70c9a29d24b0ef4bc121a5f3152.bmp.lzma: No such file or directory"
[ 23:20:09,915 ] Update failed. Please reinstall Tibia to update your client.
[ 23:20:09,921 ] "Failed to load asset 'sprites-a5febb6d3d2331e85dfc211abc95fa2509b89bf28756905be0db5be856aada3a.bmp.lzma': I/O error on file C:/Users/guilh/Desktop/Tibia 11.44.5516/assets/sprites-a5febb6d3d2331e85dfc211abc95fa2509b89bf28756905be0db5be856aada3a.bmp.lzma: No such file or directory"
[ 23:20:09,922 ] Update failed. Please reinstall Tibia to update your client.
[ 23:20:09,927 ] "Failed to load asset 'sprites-8a706b03a722137ad8a0aa7d71ceba55597cc61930ce50eb2643725f68c84333.bmp.lzma': I/O error on file C:/Users/guilh/Desktop/Tibia 11.44.5516/assets/sprites-8a706b03a722137ad8a0aa7d71ceba55597cc61930ce50eb2643725f68c84333.bmp.lzma: No such file or directory"
[ 23:20:09,928 ] Update failed. Please reinstall Tibia to update your client.
[ 23:20:09,933 ] "Failed to load asset 'sprites-9af56d221361344f3712294d70752c25dea48807e8308f255cb3b11cf6bcce42.bmp.lzma': I/O error on file C:/Users/guilh/Desktop/Tibia 11.44.5516/assets/sprites-9af56d221361344f3712294d70752c25dea48807e8308f255cb3b11cf6bcce42.bmp.lzma: No such file or directory"
[ 23:20:09,934 ] Update failed. Please reinstall Tibia to update your client.
[ 23:20:09,940 ] "Failed to load asset 'sprites-813e312c0d04328e68c230e3e70dc561aa0622af73d79ed6a5f64342d8f60618.bmp.lzma': I/O error on file C:/Users/guilh/Desktop/Tibia 11.44.5516/assets/sprites-813e312c0d04328e68c230e3e70dc561aa0622af73d79ed6a5f64342d8f60618.bmp.lzma: No such file or directory"
[ 23:20:09,941 ] Update failed. Please reinstall Tibia to update your client.
[ 23:20:09,946 ] "Failed to load asset 'sprites-688fd8649169f15c5eb2d4f2cd4829412e7d6f3d89f7c62012d46e46bb5ff2ab.bmp.lzma': I/O error on file C:/Users/guilh/Desktop/Tibia 11.44.5516/assets/sprites-688fd8649169f15c5eb2d4f2cd4829412e7d6f3d89f7c62012d46e46bb5ff2ab.bmp.lzma: No such file or directory"
[ 23:20:09,947 ] Update failed. Please reinstall Tibia to update your client.
[ 23:20:09,952 ] "Failed to load asset 'sprites-c6196f58877c0361035095696529ed8de07aa8f2135463f13db96cff85af5344.bmp.lzma': I/O error on file C:/Users/guilh/Desktop/Tibia 11.44.5516/assets/sprites-c6196f58877c0361035095696529ed8de07aa8f2135463f13db96cff85af5344.bmp.lzma: No such file or directory"
[ 23:20:09,953 ] Update failed. Please reinstall Tibia to update your client.
[ 23:20:09,959 ] "Failed to load asset 'sprites-93411b3e3622dc5a8e4b972f2f5ccf55e48d48fe6e2ec6efa72fa68a52fef8c8.bmp.lzma': I/O error on file C:/Users/guilh/Desktop/Tibia 11.44.5516/assets/sprites-93411b3e3622dc5a8e4b972f2f5ccf55e48d48fe6e2ec6efa72fa68a52fef8c8.bmp.lzma: No such file or directory"
[ 23:20:09,960 ] Update failed. Please reinstall Tibia to update your client.
[ 23:20:09,966 ] "Failed to load asset 'sprites-a6d2525dd29044e4c892466924babee5802ff562bfc1b1e92ea1b2849289b509.bmp.lzma': I/O error on file C:/Users/guilh/Desktop/Tibia 11.44.5516/assets/sprites-a6d2525dd29044e4c892466924babee5802ff562bfc1b1e92ea1b2849289b509.bmp.lzma: No such file or directory"
[ 23:20:09,966 ] Update failed. Please reinstall Tibia to update your client.
[ 23:20:09,972 ] "Failed to load asset 'sprites-ddb5f4093ddd5e976d298d702e612eb667074c72802f7750ee89e687cebc9dba.bmp.lzma': I/O error on file C:/Users/guilh/Desktop/Tibia 11.44.5516/assets/sprites-ddb5f4093ddd5e976d298d702e612eb667074c72802f7750ee89e687cebc9dba.bmp.lzma: No such file or directory"
[ 23:20:09,973 ] Update failed. Please reinstall Tibia to update your client.
[ 23:20:09,979 ] "Failed to load asset 'sprites-e815d60d3274fc3e95b7cf59fa6d782051added60b9bf6206c25d74ba7f966a5.bmp.lzma': I/O error on file C:/Users/guilh/Desktop/Tibia 11.44.5516/assets/sprites-e815d60d3274fc3e95b7cf59fa6d782051added60b9bf6206c25d74ba7f966a5.bmp.lzma: No such file or directory"
[ 23:20:09,980 ] Update failed. Please reinstall Tibia to update your client.
[ 23:20:09,986 ] "Failed to load asset 'sprites-bb5e64b30c50e2a58ebf18577ec687f9df3bd8eca4f989a17e276b2c4fd573f3.bmp.lzma': I/O error on file C:/Users/guilh/Desktop/Tibia 11.44.5516/assets/sprites-bb5e64b30c50e2a58ebf18577ec687f9df3bd8eca4f989a17e276b2c4fd573f3.bmp.lzma: No such file or directory"
[ 23:20:09,986 ] Update failed. Please reinstall Tibia to update your client.
[ 23:20:09,992 ] "Failed to load asset 'sprites-71edb122994ca3d336cc5e65cfadc3d136e149f4f85d70114cf6387dd69f0738.bmp.lzma': I/O error on file C:/Users/guilh/Desktop/Tibia 11.44.5516/assets/sprites-71edb122994ca3d336cc5e65cfadc3d136e149f4f85d70114cf6387dd69f0738.bmp.lzma: No such file or directory"
[ 23:20:09,993 ] Update failed. Please reinstall Tibia to update your client.
[ 23:20:09,999 ] "Failed to load asset 'sprites-d7b75b38e6141a6782656a67b81a143f3307d1d5b7185f4706802a093f6271d1.bmp.lzma': I/O error on file C:/Users/guilh/Desktop/Tibia 11.44.5516/assets/sprites-d7b75b38e6141a6782656a67b81a143f3307d1d5b7185f4706802a093f6271d1.bmp.lzma: No such file or directory"
[ 23:20:10,000 ] Update failed. Please reinstall Tibia to update your client.
[ 23:20:10,005 ] "Failed to load asset 'sprites-c22f4d03b48ad835022b4a1cae34fbf673758c9db6c663ea23e497df7edaf412.bmp.lzma': I/O error on file C:/Users/guilh/Desktop/Tibia 11.44.5516/assets/sprites-c22f4d03b48ad835022b4a1cae34fbf673758c9db6c663ea23e497df7edaf412.bmp.lzma: No such file or directory"
[ 23:20:10,006 ] Update failed. Please reinstall Tibia to update your client.
[ 23:20:10,013 ] "Failed to load asset 'sprites-bc816da14e9326f19bf36fb32e9e0573fb9bfe4a5adb2c42730c8d1c6ca5436e.bmp.lzma': I/O error on file C:/Users/guilh/Desktop/Tibia 11.44.5516/assets/sprites-bc816da14e9326f19bf36fb32e9e0573fb9bfe4a5adb2c42730c8d1c6ca5436e.bmp.lzma: No such file or directory"
[ 23:20:10,015 ] Update failed. Please reinstall Tibia to update your client.
[ 23:20:10,020 ] "Failed to load asset 'sprites-f0ae1974a52b1331ce451120524cc60383cfb95591f898f17ee599aee155e77c.bmp.lzma': I/O error on file C:/Users/guilh/Desktop/Tibia 11.44.5516/assets/sprites-f0ae1974a52b1331ce451120524cc60383cfb95591f898f17ee599aee155e77c.bmp.lzma: No such file or directory"
[ 23:20:10,021 ] Update failed. Please reinstall Tibia to update your client.
[ 23:20:10,026 ] "Failed to load asset 'sprites-7b570eefdadc09712f51cc098ac2d12d20bdf6b0b011d33fa0e9e0546bf4ca74.bmp.lzma': I/O error on file C:/Users/guilh/Desktop/Tibia 11.44.5516/assets/sprites-7b570eefdadc09712f51cc098ac2d12d20bdf6b0b011d33fa0e9e0546bf4ca74.bmp.lzma: No such file or directory"
[ 23:20:10,027 ] Update failed. Please reinstall Tibia to update your client.
[ 23:20:10,033 ] "Failed to load asset 'sprites-d5d03a7d01cfb1bf455a6fedb9c84601dd864bcb22d54e363b3365988d83e7d3.bmp.lzma': I/O error on file C:/Users/guilh/Desktop/Tibia 11.44.5516/assets/sprites-d5d03a7d01cfb1bf455a6fedb9c84601dd864bcb22d54e363b3365988d83e7d3.bmp.lzma: No such file or directory"
[ 23:20:10,033 ] Update failed. Please reinstall Tibia to update your client.
[ 23:20:10,039 ] "Failed to load asset 'sprites-95604ecad965549777761ec394422ca8828a8864737bf881bd46d439f0b6167d.bmp.lzma': I/O error on file C:/Users/guilh/Desktop/Tibia 11.44.5516/assets/sprites-95604ecad965549777761ec394422ca8828a8864737bf881bd46d439f0b6167d.bmp.lzma: No such file or directory"
[ 23:20:10,040 ] Update failed. Please reinstall Tibia to update your client.
[ 23:20:10,047 ] "Failed to load asset 'sprites-d2cba815555137caed0e647a22d2b0f1ebc9c23ed60c369f3bb6b74a04e34286.bmp.lzma': I/O error on file C:/Users/guilh/Desktop/Tibia 11.44.5516/assets/sprites-d2cba815555137caed0e647a22d2b0f1ebc9c23ed60c369f3bb6b74a04e34286.bmp.lzma: No such file or directory"
[ 23:20:10,048 ] Update failed. Please reinstall Tibia to update your client.
[ 23:20:10,053 ] "Failed to load asset 'sprites-ad540d5b315d93806b659bad565164eb59c9173c46c07efc7627af4a01b675c0.bmp.lzma': I/O error on file C:/Users/guilh/Desktop/Tibia 11.44.5516/assets/sprites-ad540d5b315d93806b659bad565164eb59c9173c46c07efc7627af4a01b675c0.bmp.lzma: No such file or directory"
[ 23:20:10,054 ] Update failed. Please reinstall Tibia to update your client.
[ 23:20:10,059 ] "Failed to load asset 'sprites-91727400cb1cf20d4b281f0e773656875f3d4676a976507e835fea7f55ece648.bmp.lzma': I/O error on file C:/Users/guilh/Desktop/Tibia 11.44.5516/assets/sprites-91727400cb1cf20d4b281f0e773656875f3d4676a976507e835fea7f55ece648.bmp.lzma: No such file or directory"
[ 23:20:10,060 ] Update failed. Please reinstall Tibia to update your client.
[ 23:20:10,066 ] "Failed to load asset 'sprites-c33d2dfad3a65cfcc7bee9a3028d82fc3777355813b672f31d8f1ce5c97dc6ff.bmp.lzma': I/O error on file C:/Users/guilh/Desktop/Tibia 11.44.5516/assets/sprites-c33d2dfad3a65cfcc7bee9a3028d82fc3777355813b672f31d8f1ce5c97dc6ff.bmp.lzma: No such file or directory"
[ 23:20:10,066 ] Update failed. Please reinstall Tibia to update your client.
[ 23:20:10,072 ] "Failed to load asset 'sprites-b9fe10e3e502fe86494d521ffd9c70ee0e7e1be088c5804d890562a0f60b2513.bmp.lzma': I/O error on file C:/Users/guilh/Desktop/Tibia 11.44.5516/assets/sprites-b9fe10e3e502fe86494d521ffd9c70ee0e7e1be088c5804d890562a0f60b2513.bmp.lzma: No such file or directory"
[ 23:20:10,073 ] Update failed. Please reinstall Tibia to update your client.
[ 23:20:10,078 ] "Failed to load asset 'sprites-a5107c63f89c08c410ed20a6ca3d65f10313eb3223e34247fa3dfd2375e965b0.bmp.lzma': I/O error on file C:/Users/guilh/Desktop/Tibia 11.44.5516/assets/sprites-a5107c63f89c08c410ed20a6ca3d65f10313eb3223e34247fa3dfd2375e965b0.bmp.lzma: No such file or directory"
[ 23:20:10,078 ] Update failed. Please reinstall Tibia to update your client.
[ 23:20:10,084 ] "Failed to load asset 'sprites-c340e72f913247fb4ae6877c52115078e12ac09abc2cb4f8f9120446c70fd4c2.bmp.lzma': I/O error on file C:/Users/guilh/Desktop/Tibia 11.44.5516/assets/sprites-c340e72f913247fb4ae6877c52115078e12ac09abc2cb4f8f9120446c70fd4c2.bmp.lzma: No such file or directory"
[ 23:20:10,085 ] Update failed. Please reinstall Tibia to update your client.
[ 23:20:10,089 ] "Failed to load asset 'sprites-7ffff2731b9617375bad2b2d45a15d0d41d594791dd745a7318027d2fbb72382.bmp.lzma': I/O error on file C:/Users/guilh/Desktop/Tibia 11.44.5516/assets/sprites-7ffff2731b9617375bad2b2d45a15d0d41d594791dd745a7318027d2fbb72382.bmp.lzma: No such file or directory"
[ 23:20:10,090 ] Update failed. Please reinstall Tibia to update your client.
[ 23:20:10,094 ] "Failed to load asset 'sprites-bbab5f28c441c069448abb7015baf15fa410f08a94291ee6e5d5cd6b45d4f5de.bmp.lzma': I/O error on file C:/Users/guilh/Desktop/Tibia 11.44.5516/assets/sprites-bbab5f28c441c069448abb7015baf15fa410f08a94291ee6e5d5cd6b45d4f5de.bmp.lzma: No such file or directory"
[ 23:20:10,095 ] Update failed. Please reinstall Tibia to update your client.
[ 23:20:10,100 ] "Failed to load asset 'sprites-db34c6142a1aeaf5c1f76011366bcfdd0098e9f33e543a9d6bfc7c455c906d90.bmp.lzma': I/O error on file C:/Users/guilh/Desktop/Tibia 11.44.5516/assets/sprites-db34c6142a1aeaf5c1f76011366bcfdd0098e9f33e543a9d6bfc7c455c906d90.bmp.lzma: No such file or directory"
[ 23:20:10,101 ] Update failed. Please reinstall Tibia to update your client.
[ 23:20:10,106 ] "Failed to load asset 'sprites-9f94ebccebccebf4ebe6c15c56d0e16c2c782983c3f4eee2e56711c3e2e00d03.bmp.lzma': I/O error on file C:/Users/guilh/Desktop/Tibia 11.44.5516/assets/sprites-9f94ebccebccebf4ebe6c15c56d0e16c2c782983c3f4eee2e56711c3e2e00d03.bmp.lzma: No such file or directory"
[ 23:20:10,112 ] Update failed. Please reinstall Tibia to update your client.
[ 23:20:10,119 ] "Failed to load asset 'sprites-db317d8dfd59cf9a478592ebfdd233330ee04083a965e2acfc868d05a90e3c41.bmp.lzma': I/O error on file C:/Users/guilh/Desktop/Tibia 11.44.5516/assets/sprites-db317d8dfd59cf9a478592ebfdd233330ee04083a965e2acfc868d05a90e3c41.bmp.lzma: No such file or directory"
[ 23:20:10,120 ] Update failed. Please reinstall Tibia to update your client.
[ 23:20:10,125 ] "Failed to load asset 'sprites-fa76d42b1e1efeae985aa82b09ecb4e92740bd11790ad7c3291c2037b5aa902c.bmp.lzma': I/O error on file C:/Users/guilh/Desktop/Tibia 11.44.5516/assets/sprites-fa76d42b1e1efeae985aa82b09ecb4e92740bd11790ad7c3291c2037b5aa902c.bmp.lzma: No such file or directory"
[ 23:20:10,126 ] Update failed. Please reinstall Tibia to update your client.
[ 23:20:10,130 ] "Failed to load asset 'sprites-77ba8521c7280a50ebd3ccb5043f7969f684af3607f20fc34699308bd6fa73a3.bmp.lzma': I/O error on file C:/Users/guilh/Desktop/Tibia 11.44.5516/assets/sprites-77ba8521c7280a50ebd3ccb5043f7969f684af3607f20fc34699308bd6fa73a3.bmp.lzma: No such file or directory"
[ 23:20:10,131 ] Update failed. Please reinstall Tibia to update your client.
[ 23:20:10,136 ] "Failed to load asset 'sprites-be5db9c024ab56aab7c96d3227e51a20b8fc0e8239a7b191b692b250c99b1546.bmp.lzma': I/O error on file C:/Users/guilh/Desktop/Tibia 11.44.5516/assets/sprites-be5db9c024ab56aab7c96d3227e51a20b8fc0e8239a7b191b692b250c99b1546.bmp.lzma: No such file or directory"
[ 23:20:10,137 ] Update failed. Please reinstall Tibia to update your client.
[ 23:20:10,155 ] "Failed to load asset 'sprites-d7248fdace1a7b4e6563eb4af9a409e66bfa6e1d01f00ba66648e853fe99e31a.bmp.lzma': I/O error on file C:/Users/guilh/Desktop/Tibia 11.44.5516/assets/sprites-d7248fdace1a7b4e6563eb4af9a409e66bfa6e1d01f00ba66648e853fe99e31a.bmp.lzma: No such file or directory"
[ 23:20:10,156 ] Update failed. Please reinstall Tibia to update your client.
[ 23:20:10,162 ] "Failed to load asset 'sprites-c5675c7ce7cb4f6c1c4afe322b4cd66f061467771643bcfbeb39cf24a7918ed0.bmp.lzma': I/O error on file C:/Users/guilh/Desktop/Tibia 11.44.5516/assets/sprites-c5675c7ce7cb4f6c1c4afe322b4cd66f061467771643bcfbeb39cf24a7918ed0.bmp.lzma: No such file or directory"
[ 23:20:10,162 ] Update failed. Please reinstall Tibia to update your client.
[ 23:20:10,168 ] "Failed to load asset 'sprites-9301132b3ff96d2233c473cfbd42ed1c2a1171b272d6c067193a3d9e0598b882.bmp.lzma': I/O error on file C:/Users/guilh/Desktop/Tibia 11.44.5516/assets/sprites-9301132b3ff96d2233c473cfbd42ed1c2a1171b272d6c067193a3d9e0598b882.bmp.lzma: No such file or directory"
[ 23:20:10,168 ] Update failed. Please reinstall Tibia to update your client.
[ 23:20:10,174 ] "Failed to load asset 'sprites-ac0b4a3bf091b6b49dfb6acb26c01a797f4ba7111d1b69b17741031e1e7d2aad.bmp.lzma': I/O error on file C:/Users/guilh/Desktop/Tibia 11.44.5516/assets/sprites-ac0b4a3bf091b6b49dfb6acb26c01a797f4ba7111d1b69b17741031e1e7d2aad.bmp.lzma: No such file or directory"
[ 23:20:10,175 ] Update failed. Please reinstall Tibia to update your client.
[ 23:20:10,180 ] "Failed to load asset 'sprites-7975f9d4cc0dfcf3ff63811d34963c49b67c7e305640b476faa18522b1981a86.bmp.lzma': I/O error on file C:/Users/guilh/Desktop/Tibia 11.44.5516/assets/sprites-7975f9d4cc0dfcf3ff63811d34963c49b67c7e305640b476faa18522b1981a86.bmp.lzma: No such file or directory"
[ 23:20:10,181 ] Update failed. Please reinstall Tibia to update your client.
[ 23:20:10,186 ] "Failed to load asset 'sprites-92f521d79d1ffff4811cfed60c0ba1422ad2d5bdd2728c3a480f9832edb95686.bmp.lzma': I/O error on file C:/Users/guilh/Desktop/Tibia 11.44.5516/assets/sprites-92f521d79d1ffff4811cfed60c0ba1422ad2d5bdd2728c3a480f9832edb95686.bmp.lzma: No such file or directory"
[ 23:20:10,187 ] Update failed. Please reinstall Tibia to update your client.
[ 23:20:10,192 ] "Failed to load asset 'sprites-f1c83a05d9627a1cc73e7bc69413478dec01b84127589d3914423e27e2ef0522.bmp.lzma': I/O error on file C:/Users/guilh/Desktop/Tibia 11.44.5516/assets/sprites-f1c83a05d9627a1cc73e7bc69413478dec01b84127589d3914423e27e2ef0522.bmp.lzma: No such file or directory"
[ 23:20:10,193 ] Update failed. Please reinstall Tibia to update your client.
[ 23:20:10,199 ] "Failed to load asset 'sprites-8ece5e32176972bac1e2600c770023bd27f0c5a08f3d273c5fd056fdca1c8572.bmp.lzma': I/O error on file C:/Users/guilh/Desktop/Tibia 11.44.5516/assets/sprites-8ece5e32176972bac1e2600c770023bd27f0c5a08f3d273c5fd056fdca1c8572.bmp.lzma: No such file or directory"
[ 23:20:10,199 ] Update failed. Please reinstall Tibia to update your client.
[ 23:20:10,205 ] "Failed to load asset 'sprites-b1baa5791edb11a8441ba4741b51d31e7f5dc381fb34ea835cfd9214fbdc4be9.bmp.lzma': I/O error on file C:/Users/guilh/Desktop/Tibia 11.44.5516/assets/sprites-b1baa5791edb11a8441ba4741b51d31e7f5dc381fb34ea835cfd9214fbdc4be9.bmp.lzma: No such file or directory"
[ 23:20:10,205 ] Update failed. Please reinstall Tibia to update your client.
[ 23:20:10,211 ] "Failed to load asset 'sprites-cffbb442cec7367ac9f4807f78f0e566c7d9be8e5b46c562a0bcbfcc48ad6fbe.bmp.lzma': I/O error on file C:/Users/guilh/Desktop/Tibia 11.44.5516/assets/sprites-cffbb442cec7367ac9f4807f78f0e566c7d9be8e5b46c562a0bcbfcc48ad6fbe.bmp.lzma: No such file or directory"
[ 23:20:10,212 ] Update failed. Please reinstall Tibia to update your client.
[ 23:20:10,217 ] "Failed to load asset 'sprites-7a805e39cb3380679a971af21d43489dd4e99d1b5de95bc5fcf5346cc8b1bc93.bmp.lzma': I/O error on file C:/Users/guilh/Desktop/Tibia 11.44.5516/assets/sprites-7a805e39cb3380679a971af21d43489dd4e99d1b5de95bc5fcf5346cc8b1bc93.bmp.lzma: No such file or directory"
[ 23:20:10,218 ] Update failed. Please reinstall Tibia to update your client.
[ 23:20:10,224 ] "Failed to load asset 'sprites-9b29fc2886653052ae6e36618813d65b801692fd885efe0245df0cf893feea21.bmp.lzma': I/O error on file C:/Users/guilh/Desktop/Tibia 11.44.5516/assets/sprites-9b29fc2886653052ae6e36618813d65b801692fd885efe0245df0cf893feea21.bmp.lzma: No such file or directory"
[ 23:20:10,224 ] Update failed. Please reinstall Tibia to update your client.
[ 23:20:10,230 ] "Failed to load asset 'sprites-d03fd3f3110a6caf31b229fa25969264969e812cb0697e020682984e25e68206.bmp.lzma': I/O error on file C:/Users/guilh/Desktop/Tibia 11.44.5516/assets/sprites-d03fd3f3110a6caf31b229fa25969264969e812cb0697e020682984e25e68206.bmp.lzma: No such file or directory"
[ 23:20:10,231 ] Update failed. Please reinstall Tibia to update your client.
[ 23:20:10,236 ] "Failed to load asset 'sprites-d020b629551d4ef727c3629548d0176a96b85799e067967b9bc37e7b781f6677.bmp.lzma': I/O error on file C:/Users/guilh/Desktop/Tibia 11.44.5516/assets/sprites-d020b629551d4ef727c3629548d0176a96b85799e067967b9bc37e7b781f6677.bmp.lzma: No such file or directory"
[ 23:20:10,237 ] Update failed. Please reinstall Tibia to update your client.
[ 23:20:10,241 ] "Failed to load asset 'sprites-b61509778dfc3d4de315c16f35eca17758af71989eed59f8c798a50902232c2c.bmp.lzma': I/O error on file C:/Users/guilh/Desktop/Tibia 11.44.5516/assets/sprites-b61509778dfc3d4de315c16f35eca17758af71989eed59f8c798a50902232c2c.bmp.lzma: No such file or directory"
[ 23:20:10,242 ] Update failed. Please reinstall Tibia to update your client.
[ 23:20:10,290 ] "Failed to load asset 'sprites-bad2d2ac46539f4f9ed23b969d148797c01821723fea7566a753a25acbb7bb43.bmp.lzma': I/O error on file C:/Users/guilh/Desktop/Tibia 11.44.5516/assets/sprites-bad2d2ac46539f4f9ed23b969d148797c01821723fea7566a753a25acbb7bb43.bmp.lzma: No such file or directory"
[ 23:20:10,291 ] Update failed. Please reinstall Tibia to update your client.
[ 23:20:10,296 ] "Failed to load asset 'sprites-9a25127a6a98bdccb5c142ed1d1df82c51c8fef9dbdec38f46f5332268dad355.bmp.lzma': I/O error on file C:/Users/guilh/Desktop/Tibia 11.44.5516/assets/sprites-9a25127a6a98bdccb5c142ed1d1df82c51c8fef9dbdec38f46f5332268dad355.bmp.lzma: No such file or directory"
[ 23:20:10,297 ] Update failed. Please reinstall Tibia to update your client.
[ 23:20:10,302 ] "Failed to load asset 'sprites-7435660160d3e9fbf85e6ce5e144194a980cfaa1b5c26c189c54be6ffae849dd.bmp.lzma': I/O error on file C:/Users/guilh/Desktop/Tibia 11.44.5516/assets/sprites-7435660160d3e9fbf85e6ce5e144194a980cfaa1b5c26c189c54be6ffae849dd.bmp.lzma: No such file or directory"
[ 23:20:10,305 ] Update failed. Please reinstall Tibia to update your client.
[ 23:20:10,310 ] "Failed to load asset 'sprites-7f6e5171b32643e209dc3138ad19758fd1aa076c448a064ff1b06ad6dbffa3ac.bmp.lzma': I/O error on file C:/Users/guilh/Desktop/Tibia 11.44.5516/assets/sprites-7f6e5171b32643e209dc3138ad19758fd1aa076c448a064ff1b06ad6dbffa3ac.bmp.lzma: No such file or directory"
[ 23:20:10,311 ] Update failed. Please reinstall Tibia to update your client.
[ 23:20:10,316 ] "Failed to load asset 'sprites-d1eec5f7ef32ee4c2562e26da30cf62cab07142558d36a3951df168567927848.bmp.lzma': I/O error on file C:/Users/guilh/Desktop/Tibia 11.44.5516/assets/sprites-d1eec5f7ef32ee4c2562e26da30cf62cab07142558d36a3951df168567927848.bmp.lzma: No such file or directory"
[ 23:20:10,317 ] Update failed. Please reinstall Tibia to update your client.
[ 23:20:10,323 ] "Failed to load asset 'sprites-90c84d6d386c258d3c13f16cc11eeb3146158c41678aa43c9880f53d278a3f77.bmp.lzma': I/O error on file C:/Users/guilh/Desktop/Tibia 11.44.5516/assets/sprites-90c84d6d386c258d3c13f16cc11eeb3146158c41678aa43c9880f53d278a3f77.bmp.lzma: No such file or directory"
[ 23:20:10,323 ] Update failed. Please reinstall Tibia to update your client.
[ 23:20:10,328 ] "Failed to load asset 'sprites-fcd79a5403bedd83cf19353a509ceb3caa0b4972f9daf78b866abd33ff58e98f.bmp.lzma': I/O error on file C:/Users/guilh/Desktop/Tibia 11.44.5516/assets/sprites-fcd79a5403bedd83cf19353a509ceb3caa0b4972f9daf78b866abd33ff58e98f.bmp.lzma: No such file or directory"
[ 23:20:10,329 ] Update failed. Please reinstall Tibia to update your client.
[ 23:20:10,335 ] "Failed to load asset 'sprites-a0079fef4a03afeccfaf91be093feb02d41eddcaf7edd4d54caa436076764435.bmp.lzma': I/O error on file C:/Users/guilh/Desktop/Tibia 11.44.5516/assets/sprites-a0079fef4a03afeccfaf91be093feb02d41eddcaf7edd4d54caa436076764435.bmp.lzma: No such file or directory"
[ 23:20:10,336 ] Update failed. Please reinstall Tibia to update your client.
[ 23:20:10,342 ] "Failed to load asset 'sprites-a1717c2cdb268824a3b53b0ddba295a5b1a62d97df0c7ee2f4e4e0434c1fefde.bmp.lzma': I/O error on file C:/Users/guilh/Desktop/Tibia 11.44.5516/assets/sprites-a1717c2cdb268824a3b53b0ddba295a5b1a62d97df0c7ee2f4e4e0434c1fefde.bmp.lzma: No such file or directory"
[ 23:20:10,343 ] Update failed. Please reinstall Tibia to update your client.
[ 23:20:10,348 ] "Failed to load asset 'sprites-82996ef7b58d43216d24eccf996626b229613f95a8b5197d1c395a0d7039ccb8.bmp.lzma': I/O error on file C:/Users/guilh/Desktop/Tibia 11.44.5516/assets/sprites-82996ef7b58d43216d24eccf996626b229613f95a8b5197d1c395a0d7039ccb8.bmp.lzma: No such file or directory"
[ 23:20:10,349 ] Update failed. Please reinstall Tibia to update your client.
[ 23:20:10,354 ] "Failed to load asset 'sprites-92f62373fd74a384c0cc3e881c5db03cb118d08b0bd81770d6dda66f508df492.bmp.lzma': I/O error on file C:/Users/guilh/Desktop/Tibia 11.44.5516/assets/sprites-92f62373fd74a384c0cc3e881c5db03cb118d08b0bd81770d6dda66f508df492.bmp.lzma: No such file or directory"
[ 23:20:10,355 ] Update failed. Please reinstall Tibia to update your client.
[ 23:20:10,361 ] "Failed to load asset 'sprites-deee83602f600a0049c702473065e6fc21ea44b6232b2fdd7113c888a7171abc.bmp.lzma': I/O error on file C:/Users/guilh/Desktop/Tibia 11.44.5516/assets/sprites-deee83602f600a0049c702473065e6fc21ea44b6232b2fdd7113c888a7171abc.bmp.lzma: No such file or directory"
[ 23:20:10,362 ] Update failed. Please reinstall Tibia to update your client.
[ 23:20:10,367 ] "Failed to load asset 'sprites-c066d144e1a61152dbb2a718a6847637a68614cb4d332b751b6780bbe4799e20.bmp.lzma': I/O error on file C:/Users/guilh/Desktop/Tibia 11.44.5516/assets/sprites-c066d144e1a61152dbb2a718a6847637a68614cb4d332b751b6780bbe4799e20.bmp.lzma: No such file or directory"
[ 23:20:10,368 ] Update failed. Please reinstall Tibia to update your client.
[ 23:20:10,373 ] "Failed to load asset 'sprites-a18af8f7901d9659dbd575a5e51b9d82364280bfe20ceeabf82caa245944cc9c.bmp.lzma': I/O error on file C:/Users/guilh/Desktop/Tibia 11.44.5516/assets/sprites-a18af8f7901d9659dbd575a5e51b9d82364280bfe20ceeabf82caa245944cc9c.bmp.lzma: No such file or directory"
[ 23:20:10,374 ] Update failed. Please reinstall Tibia to update your client.
[ 23:20:10,380 ] "Failed to load asset 'sprites-6c69e2c1e7e440e800a560a7c908f18c7b1a918ef81ca8e70e9beb79740580e1.bmp.lzma': I/O error on file C:/Users/guilh/Desktop/Tibia 11.44.5516/assets/sprites-6c69e2c1e7e440e800a560a7c908f18c7b1a918ef81ca8e70e9beb79740580e1.bmp.lzma: No such file or directory"
[ 23:20:10,381 ] Update failed. Please reinstall Tibia to update your client.
[ 23:20:10,386 ] "Failed to load asset 'sprites-6e30fc69b7c5a9a37ddfccec0a8cfa30342f2688681df6da23f5e484c64539cb.bmp.lzma': I/O error on file C:/Users/guilh/Desktop/Tibia 11.44.5516/assets/sprites-6e30fc69b7c5a9a37ddfccec0a8cfa30342f2688681df6da23f5e484c64539cb.bmp.lzma: No such file or directory"
[ 23:20:10,387 ] Update failed. Please reinstall Tibia to update your client.
[ 23:20:10,393 ] "Failed to load asset 'sprites-81202a4b24fce31c558b4e8732ff313e1b5bde2683b4568133ffb7b2879a12b5.bmp.lzma': I/O error on file C:/Users/guilh/Desktop/Tibia 11.44.5516/assets/sprites-81202a4b24fce31c558b4e8732ff313e1b5bde2683b4568133ffb7b2879a12b5.bmp.lzma: No such file or directory"
[ 23:20:10,394 ] Update failed. Please reinstall Tibia to update your client.
[ 23:20:10,409 ] "Failed to load asset 'sprites-cfc40d6625e8028d0694c7b3d65284bda57f2ccb81c3bf6adf5c3532071aa99c.bmp.lzma': I/O error on file C:/Users/guilh/Desktop/Tibia 11.44.5516/assets/sprites-cfc40d6625e8028d0694c7b3d65284bda57f2ccb81c3bf6adf5c3532071aa99c.bmp.lzma: No such file or directory"
[ 23:20:10,411 ] Update failed. Please reinstall Tibia to update your client.
[ 23:20:10,415 ] "Failed to load asset 'sprites-dbea3b54fc6a8e9201b96d65c73cfb9c4950c30e136ee3221079ba30473280ec.bmp.lzma': I/O error on file C:/Users/guilh/Desktop/Tibia 11.44.5516/assets/sprites-dbea3b54fc6a8e9201b96d65c73cfb9c4950c30e136ee3221079ba30473280ec.bmp.lzma: No such file or directory"
[ 23:20:10,416 ] Update failed. Please reinstall Tibia to update your client.
[ 23:20:10,422 ] "Failed to load asset 'sprites-820a4516009165385ca7d197207fd7cd52fb4e4c57783ab43531e25862a334f6.bmp.lzma': I/O error on file C:/Users/guilh/Desktop/Tibia 11.44.5516/assets/sprites-820a4516009165385ca7d197207fd7cd52fb4e4c57783ab43531e25862a334f6.bmp.lzma: No such file or directory"
[ 23:20:10,423 ] Update failed. Please reinstall Tibia to update your client.
[ 23:20:10,429 ] "Failed to load asset 'sprites-8e56dc793e6cc159a1df332d488b382e034a2e9e305433b851c7aae47fbf8dab.bmp.lzma': I/O error on file C:/Users/guilh/Desktop/Tibia 11.44.5516/assets/sprites-8e56dc793e6cc159a1df332d488b382e034a2e9e305433b851c7aae47fbf8dab.bmp.lzma: No such file or directory"
[ 23:20:10,430 ] Update failed. Please reinstall Tibia to update your client.
[ 23:20:10,435 ] "Failed to load asset 'sprites-7736bc279d3a8255905a7c9f8c1edd404a2ad7f8dabe8a65617cb5944445a547.bmp.lzma': I/O error on file C:/Users/guilh/Desktop/Tibia 11.44.5516/assets/sprites-7736bc279d3a8255905a7c9f8c1edd404a2ad7f8dabe8a65617cb5944445a547.bmp.lzma: No such file or directory"
[ 23:20:10,436 ] Update failed. Please reinstall Tibia to update your client.
[ 23:20:10,441 ] "Failed to load asset 'sprites-79395e54510ff4bf06d865b8bbd0773406e7581ef50dcf0dad45dcca59f05d92.bmp.lzma': I/O error on file C:/Users/guilh/Desktop/Tibia 11.44.5516/assets/sprites-79395e54510ff4bf06d865b8bbd0773406e7581ef50dcf0dad45dcca59f05d92.bmp.lzma: No such file or directory"
[ 23:20:10,442 ] Update failed. Please reinstall Tibia to update your client.
[ 23:20:10,448 ] "Failed to load asset 'sprites-b3c9fed2b82be6352c3f7066e0ed45c53f3ed2f03823be01807d83483be11a4d.bmp.lzma': I/O error on file C:/Users/guilh/Desktop/Tibia 11.44.5516/assets/sprites-b3c9fed2b82be6352c3f7066e0ed45c53f3ed2f03823be01807d83483be11a4d.bmp.lzma: No such file or directory"
[ 23:20:10,449 ] Update failed. Please reinstall Tibia to update your client.
[ 23:20:10,454 ] "Failed to load asset 'sprites-e31d4e4e5749a779dfaa4f98c20412f456cdcf1297abc0f80c4f2f2d71d07b5e.bmp.lzma': I/O error on file C:/Users/guilh/Desktop/Tibia 11.44.5516/assets/sprites-e31d4e4e5749a779dfaa4f98c20412f456cdcf1297abc0f80c4f2f2d71d07b5e.bmp.lzma: No such file or directory"
[ 23:20:10,455 ] Update failed. Please reinstall Tibia to update your client.
[ 23:20:10,461 ] "Failed to load asset 'sprites-a8a4f80b03f9697b1292d89af52d9d2a09b04bec1783ffe7f6738ef9843ebbe7.bmp.lzma': I/O error on file C:/Users/guilh/Desktop/Tibia 11.44.5516/assets/sprites-a8a4f80b03f9697b1292d89af52d9d2a09b04bec1783ffe7f6738ef9843ebbe7.bmp.lzma: No such file or directory"
[ 23:20:10,462 ] Update failed. Please reinstall Tibia to update your client.
[ 23:20:10,467 ] "Failed to load asset 'sprites-937fc5dd27a76970fd19b74bacfa886fe07d1a15a60b82a6a46c1f2f76ace394.bmp.lzma': I/O error on file C:/Users/guilh/Desktop/Tibia 11.44.5516/assets/sprites-937fc5dd27a76970fd19b74bacfa886fe07d1a15a60b82a6a46c1f2f76ace394.bmp.lzma: No such file or directory"
[ 23:20:10,468 ] Update failed. Please reinstall Tibia to update your client.
[ 23:20:10,473 ] "Failed to load asset 'sprites-a8f8b8ace91553b2e3455498667bbd3583d3e78c87cedff584d94a4311e28331.bmp.lzma': I/O error on file C:/Users/guilh/Desktop/Tibia 11.44.5516/assets/sprites-a8f8b8ace91553b2e3455498667bbd3583d3e78c87cedff584d94a4311e28331.bmp.lzma: No such file or directory"
[ 23:20:10,474 ] Update failed. Please reinstall Tibia to update your client.
[ 23:20:10,486 ] "Failed to load asset 'sprites-f8bbea085d0bd2037a9c15833b3d3a82972e5f815b8f741b8444059d8349edfe.bmp.lzma': I/O error on file C:/Users/guilh/Desktop/Tibia 11.44.5516/assets/sprites-f8bbea085d0bd2037a9c15833b3d3a82972e5f815b8f741b8444059d8349edfe.bmp.lzma: No such file or directory"
[ 23:20:10,487 ] Update failed. Please reinstall Tibia to update your client.
[ 23:20:10,493 ] "Failed to load asset 'sprites-935d5fabec1ae230403b13e6daedcc1d348dd605cb10db55fc8012559d8420e7.bmp.lzma': I/O error on file C:/Users/guilh/Desktop/Tibia 11.44.5516/assets/sprites-935d5fabec1ae230403b13e6daedcc1d348dd605cb10db55fc8012559d8420e7.bmp.lzma: No such file or directory"
[ 23:20:10,493 ] Update failed. Please reinstall Tibia to update your client.
[ 23:20:10,500 ] "Failed to load asset 'sprites-fed8a988673700fbe0317e37113604d62d7b6ac154ce28016ef0d2db58f7128c.bmp.lzma': I/O error on file C:/Users/guilh/Desktop/Tibia 11.44.5516/assets/sprites-fed8a988673700fbe0317e37113604d62d7b6ac154ce28016ef0d2db58f7128c.bmp.lzma: No such file or directory"
[ 23:20:10,501 ] Update failed. Please reinstall Tibia to update your client.
[ 23:20:10,508 ] "Failed to load asset 'sprites-70231a826cd941b456550b7673e3c4b998863080bd5cfb601d936bd87e4610c1.bmp.lzma': I/O error on file C:/Users/guilh/Desktop/Tibia 11.44.5516/assets/sprites-70231a826cd941b456550b7673e3c4b998863080bd5cfb601d936bd87e4610c1.bmp.lzma: No such file or directory"
[ 23:20:10,509 ] Update failed. Please reinstall Tibia to update your client.
[ 23:20:10,515 ] "Failed to load asset 'sprites-86dc2a7e4bb896762d0062558e15049c4956df8659aa6ad5f620df5ae0497ee1.bmp.lzma': I/O error on file C:/Users/guilh/Desktop/Tibia 11.44.5516/assets/sprites-86dc2a7e4bb896762d0062558e15049c4956df8659aa6ad5f620df5ae0497ee1.bmp.lzma: No such file or directory"
[ 23:20:10,516 ] Update failed. Please reinstall Tibia to update your client.
[ 23:20:10,522 ] "Failed to load asset 'sprites-c8d82f4fa895e20d86039c215b9ccb04840f24c8faab572b7791c144161ee0b9.bmp.lzma': I/O error on file C:/Users/guilh/Desktop/Tibia 11.44.5516/assets/sprites-c8d82f4fa895e20d86039c215b9ccb04840f24c8faab572b7791c144161ee0b9.bmp.lzma: No such file or directory"
[ 23:20:10,523 ] Update failed. Please reinstall Tibia to update your client.
[ 23:20:10,529 ] "Failed to load asset 'sprites-e158786e098302f0ccf88eebc1dd7f57c681961289cb52633e62295309230aba.bmp.lzma': I/O error on file C:/Users/guilh/Desktop/Tibia 11.44.5516/assets/sprites-e158786e098302f0ccf88eebc1dd7f57c681961289cb52633e62295309230aba.bmp.lzma: No such file or directory"
[ 23:20:10,529 ] Update failed. Please reinstall Tibia to update your client.
[ 23:20:10,535 ] "Failed to load asset 'sprites-751f8f1a12f25c02ab82d614f8a4bfc1b8b47254d6edf8a2382b892b30498cb1.bmp.lzma': I/O error on file C:/Users/guilh/Desktop/Tibia 11.44.5516/assets/sprites-751f8f1a12f25c02ab82d614f8a4bfc1b8b47254d6edf8a2382b892b30498cb1.bmp.lzma: No such file or directory"
[ 23:20:10,537 ] Update failed. Please reinstall Tibia to update your client.
[ 23:20:10,543 ] "Failed to load asset 'sprites-a0a97904ec2101fd6000c0710377cc2414b88fa97a83d1cfa583cbd4db0bf312.bmp.lzma': I/O error on file C:/Users/guilh/Desktop/Tibia 11.44.5516/assets/sprites-a0a97904ec2101fd6000c0710377cc2414b88fa97a83d1cfa583cbd4db0bf312.bmp.lzma: No such file or directory"
[ 23:20:10,544 ] Update failed. Please reinstall Tibia to update your client.
[ 23:20:10,549 ] "Failed to load asset 'sprites-849f9b5ab46f094908d1a8440a9218395b0d90e2f89f3006e61699204d3ad0be.bmp.lzma': I/O error on file C:/Users/guilh/Desktop/Tibia 11.44.5516/assets/sprites-849f9b5ab46f094908d1a8440a9218395b0d90e2f89f3006e61699204d3ad0be.bmp.lzma: No such file or directory"
[ 23:20:10,550 ] Update failed. Please reinstall Tibia to update your client.
[ 23:20:10,555 ] "Failed to load asset 'sprites-a7763a198577ca6f00adf449c9fa4e099c47707868d2395ac44ee985fa79f9e4.bmp.lzma': I/O error on file C:/Users/guilh/Desktop/Tibia 11.44.5516/assets/sprites-a7763a198577ca6f00adf449c9fa4e099c47707868d2395ac44ee985fa79f9e4.bmp.lzma: No such file or directory"
[ 23:20:10,556 ] Update failed. Please reinstall Tibia to update your client.
[ 23:20:10,561 ] "Failed to load asset 'sprites-f36deb10a5a0a6199e9b92224452550062b5527eb2ac0948e031235db28f729b.bmp.lzma': I/O error on file C:/Users/guilh/Desktop/Tibia 11.44.5516/assets/sprites-f36deb10a5a0a6199e9b92224452550062b5527eb2ac0948e031235db28f729b.bmp.lzma: No such file or directory"
[ 23:20:10,562 ] Update failed. Please reinstall Tibia to update your client.
[ 23:20:10,567 ] "Failed to load asset 'sprites-c2c83a9ab38e23fa7d235a8a9f525d4bf9614d282d233f46ca8819410eb48a30.bmp.lzma': I/O error on file C:/Users/guilh/Desktop/Tibia 11.44.5516/assets/sprites-c2c83a9ab38e23fa7d235a8a9f525d4bf9614d282d233f46ca8819410eb48a30.bmp.lzma: No such file or directory"
[ 23:20:10,568 ] Update failed. Please reinstall Tibia to update your client.
[ 23:20:10,573 ] "Failed to load asset 'sprites-a7065c5b40c4ad61d90e3c705f3cadd71f9162616b417201955b5b783c09df55.bmp.lzma': I/O error on file C:/Users/guilh/Desktop/Tibia 11.44.5516/assets/sprites-a7065c5b40c4ad61d90e3c705f3cadd71f9162616b417201955b5b783c09df55.bmp.lzma: No such file or directory"
[ 23:20:10,574 ] Update failed. Please reinstall Tibia to update your client.
[ 23:20:10,580 ] "Failed to load asset 'sprites-696f559da9dd3f805bed0cb761c93f344271d38d133f5d31ab87025ab4d71554.bmp.lzma': I/O error on file C:/Users/guilh/Desktop/Tibia 11.44.5516/assets/sprites-696f559da9dd3f805bed0cb761c93f344271d38d133f5d31ab87025ab4d71554.bmp.lzma: No such file or directory"
[ 23:20:10,581 ] Update failed. Please reinstall Tibia to update your client.
[ 23:20:10,587 ] "Failed to load asset 'sprites-86026c321f334850333cafc1a101887a028313971c95e66731b90bf8e572f27a.bmp.lzma': I/O error on file C:/Users/guilh/Desktop/Tibia 11.44.5516/assets/sprites-86026c321f334850333cafc1a101887a028313971c95e66731b90bf8e572f27a.bmp.lzma: No such file or directory"
[ 23:20:10,587 ] Update failed. Please reinstall Tibia to update your client.
[ 23:20:10,592 ] "Failed to load asset 'sprites-e4f50aadd2408299faba0a10631cddee469c46fafc99123c2579eac9f607fa2e.bmp.lzma': I/O error on file C:/Users/guilh/Desktop/Tibia 11.44.5516/assets/sprites-e4f50aadd2408299faba0a10631cddee469c46fafc99123c2579eac9f607fa2e.bmp.lzma: No such file or directory"
[ 23:20:10,593 ] Update failed. Please reinstall Tibia to update your client.
[ 23:20:10,599 ] "Failed to load asset 'sprites-f3775926268a2f424ba5817362c85b1cb27b1f253843d9d3deffaec2a8bb22d0.bmp.lzma': I/O error on file C:/Users/guilh/Desktop/Tibia 11.44.5516/assets/sprites-f3775926268a2f424ba5817362c85b1cb27b1f253843d9d3deffaec2a8bb22d0.bmp.lzma: No such file or directory"
[ 23:20:10,600 ] Update failed. Please reinstall Tibia to update your client.
[ 23:20:10,606 ] "Failed to load asset 'sprites-a881ac122ac9bc2880b30efb15118bab8f247f7ed52add2976e4111b58657818.bmp.lzma': I/O error on file C:/Users/guilh/Desktop/Tibia 11.44.5516/assets/sprites-a881ac122ac9bc2880b30efb15118bab8f247f7ed52add2976e4111b58657818.bmp.lzma: No such file or directory"
[ 23:20:10,607 ] Update failed. Please reinstall Tibia to update your client.
[ 23:20:10,613 ] "Failed to load asset 'sprites-6e86562a0f7a9bd768cf07497a749d595f2db94c1b284aacf28f2118093cf86c.bmp.lzma': I/O error on file C:/Users/guilh/Desktop/Tibia 11.44.5516/assets/sprites-6e86562a0f7a9bd768cf07497a749d595f2db94c1b284aacf28f2118093cf86c.bmp.lzma: No such file or directory"
[ 23:20:10,614 ] Update failed. Please reinstall Tibia to update your client.
[ 23:20:10,620 ] "Failed to load asset 'sprites-8830e839fd1abea9abf3271d021c1618b2c8c4be8e2e554f4ffd8681bf570c94.bmp.lzma': I/O error on file C:/Users/guilh/Desktop/Tibia 11.44.5516/assets/sprites-8830e839fd1abea9abf3271d021c1618b2c8c4be8e2e554f4ffd8681bf570c94.bmp.lzma: No such file or directory"
[ 23:20:10,621 ] Update failed. Please reinstall Tibia to update your client.
[ 23:20:10,627 ] "Failed to load asset 'sprites-6e146a10e781ca50cac347cc1a731dc57b98b55943cfc45ecd958748daf1f64b.bmp.lzma': I/O error on file C:/Users/guilh/Desktop/Tibia 11.44.5516/assets/sprites-6e146a10e781ca50cac347cc1a731dc57b98b55943cfc45ecd958748daf1f64b.bmp.lzma: No such file or directory"
[ 23:20:10,628 ] Update failed. Please reinstall Tibia to update your client.
[ 23:20:10,633 ] "Failed to load asset 'sprites-e12571595bc78e7ed516bbe47183cff098f6f272fd1753e2d1279e7d04dc8dbe.bmp.lzma': I/O error on file C:/Users/guilh/Desktop/Tibia 11.44.5516/assets/sprites-e12571595bc78e7ed516bbe47183cff098f6f272fd1753e2d1279e7d04dc8dbe.bmp.lzma: No such file or directory"
[ 23:20:10,634 ] Update failed. Please reinstall Tibia to update your client.
[ 23:20:10,639 ] "Failed to load asset 'sprites-ba1258c09ea4ec44fbaa53fbd4d28614e4314b834edcb8db417ac1e91dce07b0.bmp.lzma': I/O error on file C:/Users/guilh/Desktop/Tibia 11.44.5516/assets/sprites-ba1258c09ea4ec44fbaa53fbd4d28614e4314b834edcb8db417ac1e91dce07b0.bmp.lzma: No such file or directory"
[ 23:20:10,640 ] Update failed. Please reinstall Tibia to update your client.
[ 23:20:10,645 ] "Failed to load asset 'sprites-d52ad61b7a397a0713b9e1ed2ab5f116273dd59627c943e01481b7ee97b7dad2.bmp.lzma': I/O error on file C:/Users/guilh/Desktop/Tibia 11.44.5516/assets/sprites-d52ad61b7a397a0713b9e1ed2ab5f116273dd59627c943e01481b7ee97b7dad2.bmp.lzma: No such file or directory"
[ 23:20:10,646 ] Update failed. Please reinstall Tibia to update your client.
[ 23:20:10,653 ] "Failed to load asset 'sprites-b90ba89679ffb87fce469148854875930565d66d95df1b418170213c4823fbf3.bmp.lzma': I/O error on file C:/Users/guilh/Desktop/Tibia 11.44.5516/assets/sprites-b90ba89679ffb87fce469148854875930565d66d95df1b418170213c4823fbf3.bmp.lzma: No such file or directory"
[ 23:20:10,654 ] Update failed. Please reinstall Tibia to update your client.
[ 23:20:10,668 ] "Failed to load asset 'sprites-e78f3522c7d22e31c8b1220197acd41b2c46c6f70a62ba1f12bf5e4949ab271e.bmp.lzma': I/O error on file C:/Users/guilh/Desktop/Tibia 11.44.5516/assets/sprites-e78f3522c7d22e31c8b1220197acd41b2c46c6f70a62ba1f12bf5e4949ab271e.bmp.lzma: No such file or directory"
[ 23:20:10,669 ] Update failed. Please reinstall Tibia to update your client.
[ 23:20:10,674 ] "Failed to load asset 'sprites-9503cdf4361ed4e616ad63e9cffe9efca70a2e1f72ca032708842672676f28fd.bmp.lzma': I/O error on file C:/Users/guilh/Desktop/Tibia 11.44.5516/assets/sprites-9503cdf4361ed4e616ad63e9cffe9efca70a2e1f72ca032708842672676f28fd.bmp.lzma: No such file or directory"
[ 23:20:10,675 ] Update failed. Please reinstall Tibia to update your client.
[ 23:20:10,680 ] "Failed to load asset 'sprites-966c96c4df5e175ee744536f92f9b981d1c6d27421317605fa03f728dabcacc3.bmp.lzma': I/O error on file C:/Users/guilh/Desktop/Tibia 11.44.5516/assets/sprites-966c96c4df5e175ee744536f92f9b981d1c6d27421317605fa03f728dabcacc3.bmp.lzma: No such file or directory"
[ 23:20:10,681 ] Update failed. Please reinstall Tibia to update your client.
[ 23:20:10,687 ] "Failed to load asset 'sprites-8931a498ab10e9fea60d21fe052c863cf13f67af523b8968f2358967507135ee.bmp.lzma': I/O error on file C:/Users/guilh/Desktop/Tibia 11.44.5516/assets/sprites-8931a498ab10e9fea60d21fe052c863cf13f67af523b8968f2358967507135ee.bmp.lzma: No such file or directory"
[ 23:20:10,687 ] Update failed. Please reinstall Tibia to update your client.
[ 23:20:10,693 ] "Failed to load asset 'sprites-c33f961282952cd60647174439a304e33665abb70b43434afc3ca844a9647eca.bmp.lzma': I/O error on file C:/Users/guilh/Desktop/Tibia 11.44.5516/assets/sprites-c33f961282952cd60647174439a304e33665abb70b43434afc3ca844a9647eca.bmp.lzma: No such file or directory"
[ 23:20:10,693 ] Update failed. Please reinstall Tibia to update your client.
[ 23:20:10,753 ] "Failed to load asset 'sprites-9b0cc7c407dcbeea939ea202d84f9c7bb43ef0b01ec5629e5916eeadf5827354.bmp.lzma': I/O error on file C:/Users/guilh/Desktop/Tibia 11.44.5516/assets/sprites-9b0cc7c407dcbeea939ea202d84f9c7bb43ef0b01ec5629e5916eeadf5827354.bmp.lzma: No such file or directory"
[ 23:20:10,754 ] Update failed. Please reinstall Tibia to update your client.
[ 23:20:10,762 ] "Failed to load asset 'sprites-f62ad562faf0d32be59d952daaf66f9069c18460f7e72af2118071c0304fb4cd.bmp.lzma': I/O error on file C:/Users/guilh/Desktop/Tibia 11.44.5516/assets/sprites-f62ad562faf0d32be59d952daaf66f9069c18460f7e72af2118071c0304fb4cd.bmp.lzma: No such file or directory"
[ 23:20:10,763 ] Update failed. Please reinstall Tibia to update your client.
[ 23:20:10,768 ] "Failed to load asset 'sprites-c7301cee24fb90ef3f24aec2e78626b50cd85fe4f65e8cd783be8664b4fc91bd.bmp.lzma': I/O error on file C:/Users/guilh/Desktop/Tibia 11.44.5516/assets/sprites-c7301cee24fb90ef3f24aec2e78626b50cd85fe4f65e8cd783be8664b4fc91bd.bmp.lzma: No such file or directory"
[ 23:20:10,769 ] Update failed. Please reinstall Tibia to update your client.
[ 23:20:10,775 ] "Failed to load asset 'sprites-ec711e2cf65fe9fa2c874ff94fc40c1786641e36c474fa2ee8d5412a385e6d2f.bmp.lzma': I/O error on file C:/Users/guilh/Desktop/Tibia 11.44.5516/assets/sprites-ec711e2cf65fe9fa2c874ff94fc40c1786641e36c474fa2ee8d5412a385e6d2f.bmp.lzma: No such file or directory"
[ 23:20:10,776 ] Update failed. Please reinstall Tibia to update your client.
[ 23:20:10,781 ] "Failed to load asset 'sprites-a5bcaee8922715856619ef66bed93baca20a990b6e7990d5d28c76b1578a8543.bmp.lzma': I/O error on file C:/Users/guilh/Desktop/Tibia 11.44.5516/assets/sprites-a5bcaee8922715856619ef66bed93baca20a990b6e7990d5d28c76b1578a8543.bmp.lzma: No such file or directory"
[ 23:20:10,782 ] Update failed. Please reinstall Tibia to update your client.
[ 23:20:10,788 ] "Failed to load asset 'sprites-b677cafd8f95d90153dbb1b8d9d0f64ec013e11cdba9c8983b90bf0002e5dd64.bmp.lzma': I/O error on file C:/Users/guilh/Desktop/Tibia 11.44.5516/assets/sprites-b677cafd8f95d90153dbb1b8d9d0f64ec013e11cdba9c8983b90bf0002e5dd64.bmp.lzma: No such file or directory"
[ 23:20:10,788 ] Update failed. Please reinstall Tibia to update your client.
[ 23:20:10,794 ] "Failed to load asset 'sprites-f25e399d0c78a89f13d9694187458f0f8943648083142ee26be5cf9f845110cf.bmp.lzma': I/O error on file C:/Users/guilh/Desktop/Tibia 11.44.5516/assets/sprites-f25e399d0c78a89f13d9694187458f0f8943648083142ee26be5cf9f845110cf.bmp.lzma: No such file or directory"
[ 23:20:10,795 ] Update failed. Please reinstall Tibia to update your client.
[ 23:20:10,801 ] "Failed to load asset 'sprites-ef0f69f66796c4140580f9a36e57758083eceffe22990e87f09b449811ede9bb.bmp.lzma': I/O error on file C:/Users/guilh/Desktop/Tibia 11.44.5516/assets/sprites-ef0f69f66796c4140580f9a36e57758083eceffe22990e87f09b449811ede9bb.bmp.lzma: No such file or directory"
[ 23:20:10,802 ] Update failed. Please reinstall Tibia to update your client.
[ 23:20:10,809 ] "Failed to load asset 'sprites-d38a277452d28fca6246163c7cc55b3439a7979d696bdec98928a130e9f1b0be.bmp.lzma': I/O error on file C:/Users/guilh/Desktop/Tibia 11.44.5516/assets/sprites-d38a277452d28fca6246163c7cc55b3439a7979d696bdec98928a130e9f1b0be.bmp.lzma: No such file or directory"
[ 23:20:10,810 ] Update failed. Please reinstall Tibia to update your client.
[ 23:20:10,817 ] "Failed to load asset 'sprites-cc4ed587299fa50ab9c50e4a84409acd296e801d35740ffaae1f5d03a0c56d2b.bmp.lzma': I/O error on file C:/Users/guilh/Desktop/Tibia 11.44.5516/assets/sprites-cc4ed587299fa50ab9c50e4a84409acd296e801d35740ffaae1f5d03a0c56d2b.bmp.lzma: No such file or directory"
[ 23:20:10,820 ] Update failed. Please reinstall Tibia to update your client.
[ 23:20:10,826 ] "Failed to load asset 'sprites-de46739ede28a3e6b1830ca021c5aa3313df0e1d62bd1c2d418ebbf87336857a.bmp.lzma': I/O error on file C:/Users/guilh/Desktop/Tibia 11.44.5516/assets/sprites-de46739ede28a3e6b1830ca021c5aa3313df0e1d62bd1c2d418ebbf87336857a.bmp.lzma: No such file or directory"
[ 23:20:10,827 ] Update failed. Please reinstall Tibia to update your client.
[ 23:20:10,833 ] "Failed to load asset 'sprites-d8fa5385a82b2a5a3bd37e2936f6fed7a86729e9519a9add444065873a204d42.bmp.lzma': I/O error on file C:/Users/guilh/Desktop/Tibia 11.44.5516/assets/sprites-d8fa5385a82b2a5a3bd37e2936f6fed7a86729e9519a9add444065873a204d42.bmp.lzma: No such file or directory"
[ 23:20:10,834 ] Update failed. Please reinstall Tibia to update your client.
[ 23:20:10,839 ] "Failed to load asset 'sprites-701f3111818571e05fc82c1e3570ccc46518977c65debc30cee591b09a477119.bmp.lzma': I/O error on file C:/Users/guilh/Desktop/Tibia 11.44.5516/assets/sprites-701f3111818571e05fc82c1e3570ccc46518977c65debc30cee591b09a477119.bmp.lzma: No such file or directory"
[ 23:20:10,840 ] Update failed. Please reinstall Tibia to update your client.
[ 23:20:10,846 ] "Failed to load asset 'sprites-fc57ee8af8afe047c6c067093959d39d699bc03507060db5c0401ddcaf56594d.bmp.lzma': I/O error on file C:/Users/guilh/Desktop/Tibia 11.44.5516/assets/sprites-fc57ee8af8afe047c6c067093959d39d699bc03507060db5c0401ddcaf56594d.bmp.lzma: No such file or directory"
[ 23:20:10,847 ] Update failed. Please reinstall Tibia to update your client.
[ 23:20:10,851 ] "Failed to load asset 'sprites-7719b26db15660805e743ef33ba31ab0a99651afcc478e87c76b347569d39abd.bmp.lzma': I/O error on file C:/Users/guilh/Desktop/Tibia 11.44.5516/assets/sprites-7719b26db15660805e743ef33ba31ab0a99651afcc478e87c76b347569d39abd.bmp.lzma: No such file or directory"
[ 23:20:10,852 ] Update failed. Please reinstall Tibia to update your client.
[ 23:20:10,857 ] "Failed to load asset 'sprites-85ffd6511937f8452177a0b4986004144be938e2927a165cd6651ae04d9f9a93.bmp.lzma': I/O error on file C:/Users/guilh/Desktop/Tibia 11.44.5516/assets/sprites-85ffd6511937f8452177a0b4986004144be938e2927a165cd6651ae04d9f9a93.bmp.lzma: No such file or directory"
[ 23:20:10,858 ] Update failed. Please reinstall Tibia to update your client.
[ 23:20:10,864 ] "Failed to load asset 'sprites-8645572114553884c5c332bb86370587a839d3a7b7ab1a484719c003e225b373.bmp.lzma': I/O error on file C:/Users/guilh/Desktop/Tibia 11.44.5516/assets/sprites-8645572114553884c5c332bb86370587a839d3a7b7ab1a484719c003e225b373.bmp.lzma: No such file or directory"
[ 23:20:10,865 ] Update failed. Please reinstall Tibia to update your client.
[ 23:20:10,870 ] "Failed to load asset 'sprites-bc1cdd726cb016bae7e15c500821ff514f06a3d8f2a468dc5b6d8ea4c738810e.bmp.lzma': I/O error on file C:/Users/guilh/Desktop/Tibia 11.44.5516/assets/sprites-bc1cdd726cb016bae7e15c500821ff514f06a3d8f2a468dc5b6d8ea4c738810e.bmp.lzma: No such file or directory"
[ 23:20:10,871 ] Update failed. Please reinstall Tibia to update your client.
[ 23:20:10,876 ] "Failed to load asset 'sprites-ba174ccc45d9cba3c2145d246f5269f8f308f53c82d8a4a69780c7219ef1dba7.bmp.lzma': I/O error on file C:/Users/guilh/Desktop/Tibia 11.44.5516/assets/sprites-ba174ccc45d9cba3c2145d246f5269f8f308f53c82d8a4a69780c7219ef1dba7.bmp.lzma: No such file or directory"
[ 23:20:10,877 ] Update failed. Please reinstall Tibia to update your client.
[ 23:20:10,883 ] "Failed to load asset 'sprites-7cf1f412bba85c165d47dfee3a717e091858062609c79a7f091e95cacd12c6f8.bmp.lzma': I/O error on file C:/Users/guilh/Desktop/Tibia 11.44.5516/assets/sprites-7cf1f412bba85c165d47dfee3a717e091858062609c79a7f091e95cacd12c6f8.bmp.lzma: No such file or directory"
[ 23:20:10,884 ] Update failed. Please reinstall Tibia to update your client.
[ 23:20:10,889 ] "Failed to load asset 'sprites-e4cf82e9fb7f4ec66e1893b3ef33df3d85cfd14e1a66e04802d0e2ff1cb9056a.bmp.lzma': I/O error on file C:/Users/guilh/Desktop/Tibia 11.44.5516/assets/sprites-e4cf82e9fb7f4ec66e1893b3ef33df3d85cfd14e1a66e04802d0e2ff1cb9056a.bmp.lzma: No such file or directory"
[ 23:20:10,890 ] Update failed. Please reinstall Tibia to update your client.
[ 23:20:10,896 ] "Failed to load asset 'sprites-cb735d417b25e1d52d4942e7930cfc9e87ae6d4aab87720f9fac96babb05ab4b.bmp.lzma': I/O error on file C:/Users/guilh/Desktop/Tibia 11.44.5516/assets/sprites-cb735d417b25e1d52d4942e7930cfc9e87ae6d4aab87720f9fac96babb05ab4b.bmp.lzma: No such file or directory"
[ 23:20:10,897 ] Update failed. Please reinstall Tibia to update your client.
[ 23:20:10,914 ] "Failed to load asset 'sprites-9137c409e0e22ac2f55f4ab155174dd47bf175a85941bdcb9e7d099e17fe3a8b.bmp.lzma': I/O error on file C:/Users/guilh/Desktop/Tibia 11.44.5516/assets/sprites-9137c409e0e22ac2f55f4ab155174dd47bf175a85941bdcb9e7d099e17fe3a8b.bmp.lzma: No such file or directory"
[ 23:20:10,915 ] Update failed. Please reinstall Tibia to update your client.
[ 23:20:10,921 ] "Failed to load asset 'sprites-bf2b1c17d9f89ea0c041665bdf1a252aaaa162472a48b5249d54433a15284d74.bmp.lzma': I/O error on file C:/Users/guilh/Desktop/Tibia 11.44.5516/assets/sprites-bf2b1c17d9f89ea0c041665bdf1a252aaaa162472a48b5249d54433a15284d74.bmp.lzma: No such file or directory"
[ 23:20:10,922 ] Update failed. Please reinstall Tibia to update your client.
[ 23:20:10,929 ] "Failed to load asset 'sprites-ebfb6c4ec1ad873f43875a6d940bf51472ac23a7cbb614f1f5ac74053801f098.bmp.lzma': I/O error on file C:/Users/guilh/Desktop/Tibia 11.44.5516/assets/sprites-ebfb6c4ec1ad873f43875a6d940bf51472ac23a7cbb614f1f5ac74053801f098.bmp.lzma: No such file or directory"
[ 23:20:10,930 ] Update failed. Please reinstall Tibia to update your client.
[ 23:20:10,935 ] "Failed to load asset 'sprites-edc37692bc5afab77497db67bc3cc9bd7f90c70325847cc770e14b652878c032.bmp.lzma': I/O error on file C:/Users/guilh/Desktop/Tibia 11.44.5516/assets/sprites-edc37692bc5afab77497db67bc3cc9bd7f90c70325847cc770e14b652878c032.bmp.lzma: No such file or directory"
[ 23:20:10,936 ] Update failed. Please reinstall Tibia to update your client.
[ 23:20:10,941 ] "Failed to load asset 'sprites-8ae4aae319851416d1470e1cdd703a98574b87b65d3a628d90b31407ba500062.bmp.lzma': I/O error on file C:/Users/guilh/Desktop/Tibia 11.44.5516/assets/sprites-8ae4aae319851416d1470e1cdd703a98574b87b65d3a628d90b31407ba500062.bmp.lzma: No such file or directory"
[ 23:20:10,942 ] Update failed. Please reinstall Tibia to update your client.
[ 23:20:10,947 ] "Failed to load asset 'sprites-f0feccbfa36ebfd048cf3a5b3b915722925dd3e77cdff8ffbc2479db816c47fd.bmp.lzma': I/O error on file C:/Users/guilh/Desktop/Tibia 11.44.5516/assets/sprites-f0feccbfa36ebfd048cf3a5b3b915722925dd3e77cdff8ffbc2479db816c47fd.bmp.lzma: No such file or directory"
[ 23:20:10,948 ] Update failed. Please reinstall Tibia to update your client.
[ 23:20:10,954 ] "Failed to load asset 'sprites-9932625f5edf9a10047a48302d927b819a365ef701b025079d25145c086306ce.bmp.lzma': I/O error on file C:/Users/guilh/Desktop/Tibia 11.44.5516/assets/sprites-9932625f5edf9a10047a48302d927b819a365ef701b025079d25145c086306ce.bmp.lzma: No such file or directory"
[ 23:20:10,955 ] Update failed. Please reinstall Tibia to update your client.
[ 23:20:10,960 ] "Failed to load asset 'sprites-e07f26459d6748fb826d1935e039ccf5e5440b4b211ee77392fe27808f6eb88a.bmp.lzma': I/O error on file C:/Users/guilh/Desktop/Tibia 11.44.5516/assets/sprites-e07f26459d6748fb826d1935e039ccf5e5440b4b211ee77392fe27808f6eb88a.bmp.lzma: No such file or directory"
[ 23:20:10,961 ] Update failed. Please reinstall Tibia to update your client.
[ 23:20:10,966 ] "Failed to load asset 'sprites-efa28b74b6ddb44d413ae68482c0772d65f66f0a166c31479103326b7b19433e.bmp.lzma': I/O error on file C:/Users/guilh/Desktop/Tibia 11.44.5516/assets/sprites-efa28b74b6ddb44d413ae68482c0772d65f66f0a166c31479103326b7b19433e.bmp.lzma: No such file or directory"
[ 23:20:10,967 ] Update failed. Please reinstall Tibia to update your client.
[ 23:20:10,972 ] "Failed to load asset 'sprites-fd48e769b2538ae02ae88c77c3c724a191ee4349a533bb3934f0a535823b82d3.bmp.lzma': I/O error on file C:/Users/guilh/Desktop/Tibia 11.44.5516/assets/sprites-fd48e769b2538ae02ae88c77c3c724a191ee4349a533bb3934f0a535823b82d3.bmp.lzma: No such file or directory"
[ 23:20:10,973 ] Update failed. Please reinstall Tibia to update your client.
[ 23:20:10,978 ] "Failed to load asset 'sprites-6a9fb1a73557a86f59e49de50d908423f364156bc8b7056aa3a2491be83510dc.bmp.lzma': I/O error on file C:/Users/guilh/Desktop/Tibia 11.44.5516/assets/sprites-6a9fb1a73557a86f59e49de50d908423f364156bc8b7056aa3a2491be83510dc.bmp.lzma: No such file or directory"
[ 23:20:10,979 ] Update failed. Please reinstall Tibia to update your client.
[ 23:20:10,984 ] "Failed to load asset 'sprites-d82fec1e47e595153a470096ff2bbb8e05f797cfead27cf814e3000444bac507.bmp.lzma': I/O error on file C:/Users/guilh/Desktop/Tibia 11.44.5516/assets/sprites-d82fec1e47e595153a470096ff2bbb8e05f797cfead27cf814e3000444bac507.bmp.lzma: No such file or directory"
[ 23:20:10,985 ] Update failed. Please reinstall Tibia to update your client.
[ 23:20:10,992 ] "Failed to load asset 'sprites-cf9ac466844559bf373426591f59840bf0d996438fef45247e0be609f877a6c8.bmp.lzma': I/O error on file C:/Users/guilh/Desktop/Tibia 11.44.5516/assets/sprites-cf9ac466844559bf373426591f59840bf0d996438fef45247e0be609f877a6c8.bmp.lzma: No such file or directory"
[ 23:20:10,994 ] Update failed. Please reinstall Tibia to update your client.
[ 23:20:10,999 ] "Failed to load asset 'sprites-e3e4dbd2554c052ec29de925e58612e4f68081b6fd4601670b11262892d35ca9.bmp.lzma': I/O error on file C:/Users/guilh/Desktop/Tibia 11.44.5516/assets/sprites-e3e4dbd2554c052ec29de925e58612e4f68081b6fd4601670b11262892d35ca9.bmp.lzma: No such file or directory"
[ 23:20:11,000 ] Update failed. Please reinstall Tibia to update your client.
[ 23:20:11,004 ] "Failed to load asset 'sprites-74458b8c541aab6b3c14a440b73311dfa4193f1cec7a7c36216e70fbe06d3a98.bmp.lzma': I/O error on file C:/Users/guilh/Desktop/Tibia 11.44.5516/assets/sprites-74458b8c541aab6b3c14a440b73311dfa4193f1cec7a7c36216e70fbe06d3a98.bmp.lzma: No such file or directory"
[ 23:20:11,005 ] Update failed. Please reinstall Tibia to update your client.
[ 23:20:11,010 ] "Failed to load asset 'sprites-bb777806dc186dcad6a998b6c4687c4701f06f0b7dd2443e6d02088a48b8ce4c.bmp.lzma': I/O error on file C:/Users/guilh/Desktop/Tibia 11.44.5516/assets/sprites-bb777806dc186dcad6a998b6c4687c4701f06f0b7dd2443e6d02088a48b8ce4c.bmp.lzma: No such file or directory"
[ 23:20:11,011 ] Update failed. Please reinstall Tibia to update your client.
[ 23:20:11,017 ] "Failed to load asset 'sprites-b45bb084d8c3f34688994c217ef7adbd0955770cdfbfbab4d11f961e1a2f1853.bmp.lzma': I/O error on file C:/Users/guilh/Desktop/Tibia 11.44.5516/assets/sprites-b45bb084d8c3f34688994c217ef7adbd0955770cdfbfbab4d11f961e1a2f1853.bmp.lzma: No such file or directory"
[ 23:20:11,018 ] Update failed. Please reinstall Tibia to update your client.
[ 23:20:11,023 ] "Failed to load asset 'sprites-af2bfea9740841579e8ea418b0e51b92fa29d1e948e89a21dd731e129af97eac.bmp.lzma': I/O error on file C:/Users/guilh/Desktop/Tibia 11.44.5516/assets/sprites-af2bfea9740841579e8ea418b0e51b92fa29d1e948e89a21dd731e129af97eac.bmp.lzma: No such file or directory"
[ 23:20:11,024 ] Update failed. Please reinstall Tibia to update your client.
[ 23:20:11,029 ] "Failed to load asset 'sprites-b1f18c0d249ecc1610e00cfc7d29510552e186cece5c4b5e239a9b72dede7277.bmp.lzma': I/O error on file C:/Users/guilh/Desktop/Tibia 11.44.5516/assets/sprites-b1f18c0d249ecc1610e00cfc7d29510552e186cece5c4b5e239a9b72dede7277.bmp.lzma: No such file or directory"
[ 23:20:11,030 ] Update failed. Please reinstall Tibia to update your client.
[ 23:20:11,036 ] "Failed to load asset 'sprites-859e93e9b8fef921d1fedb895ec2ae6fde548fbbf459ec5376514a6b57b8b831.bmp.lzma': I/O error on file C:/Users/guilh/Desktop/Tibia 11.44.5516/assets/sprites-859e93e9b8fef921d1fedb895ec2ae6fde548fbbf459ec5376514a6b57b8b831.bmp.lzma: No such file or directory"
[ 23:20:11,037 ] Update failed. Please reinstall Tibia to update your client.
[ 23:20:11,042 ] "Failed to load asset 'sprites-dd34f3221644281b32365fe0093764c3d3fdd88a34d696474701b64ead049f0a.bmp.lzma': I/O error on file C:/Users/guilh/Desktop/Tibia 11.44.5516/assets/sprites-dd34f3221644281b32365fe0093764c3d3fdd88a34d696474701b64ead049f0a.bmp.lzma: No such file or directory"
[ 23:20:11,043 ] Update failed. Please reinstall Tibia to update your client.
[ 23:20:11,055 ] "Failed to load asset 'sprites-766d86dd0df27f1ca2012c4c440389b6930dcbddec2924428004ca9ae086205d.bmp.lzma': I/O error on file C:/Users/guilh/Desktop/Tibia 11.44.5516/assets/sprites-766d86dd0df27f1ca2012c4c440389b6930dcbddec2924428004ca9ae086205d.bmp.lzma: No such file or directory"
[ 23:20:11,056 ] Update failed. Please reinstall Tibia to update your client.
[ 23:20:11,062 ] "Failed to load asset 'sprites-73cf1df099adc007288b8522ddc63349ae539a27831f7d4ce90298054c9f34c8.bmp.lzma': I/O error on file C:/Users/guilh/Desktop/Tibia 11.44.5516/assets/sprites-73cf1df099adc007288b8522ddc63349ae539a27831f7d4ce90298054c9f34c8.bmp.lzma: No such file or directory"
[ 23:20:11,063 ] Update failed. Please reinstall Tibia to update your client.
[ 23:20:11,068 ] "Failed to load asset 'sprites-ad96b469d46a10b8e2515a6a2a1b0c1f773ae07e48f48b2445ed050cd99ee4c6.bmp.lzma': I/O error on file C:/Users/guilh/Desktop/Tibia 11.44.5516/assets/sprites-ad96b469d46a10b8e2515a6a2a1b0c1f773ae07e48f48b2445ed050cd99ee4c6.bmp.lzma: No such file or directory"
[ 23:20:11,069 ] Update failed. Please reinstall Tibia to update your client.
[ 23:20:11,074 ] "Failed to load asset 'sprites-e48089f8bb5192d1acfd3055e90c114e072619562fa97256b39933d96394f8ea.bmp.lzma': I/O error on file C:/Users/guilh/Desktop/Tibia 11.44.5516/assets/sprites-e48089f8bb5192d1acfd3055e90c114e072619562fa97256b39933d96394f8ea.bmp.lzma: No such file or directory"
[ 23:20:11,075 ] Update failed. Please reinstall Tibia to update your client.
[ 23:20:11,079 ] "Failed to load asset 'sprites-af256daf9a11a1143c184c737f80f38fe2ff79ab0ea1759bdf578c3694d6673a.bmp.lzma': I/O error on file C:/Users/guilh/Desktop/Tibia 11.44.5516/assets/sprites-af256daf9a11a1143c184c737f80f38fe2ff79ab0ea1759bdf578c3694d6673a.bmp.lzma: No such file or directory"
[ 23:20:11,080 ] Update failed. Please reinstall Tibia to update your client.
[ 23:20:11,085 ] "Failed to load asset 'sprites-d972f1fe608ca60d47483b86dec17c6cc71d0a07e9806381d8557e3b31428655.bmp.lzma': I/O error on file C:/Users/guilh/Desktop/Tibia 11.44.5516/assets/sprites-d972f1fe608ca60d47483b86dec17c6cc71d0a07e9806381d8557e3b31428655.bmp.lzma: No such file or directory"
[ 23:20:11,086 ] Update failed. Please reinstall Tibia to update your client.
[ 23:20:11,091 ] "Failed to load asset 'sprites-7dc03a43c6dc510168cf3a489d2c4b960df1dd4225c3d9f0904c97cf92ea0f9b.bmp.lzma': I/O error on file C:/Users/guilh/Desktop/Tibia 11.44.5516/assets/sprites-7dc03a43c6dc510168cf3a489d2c4b960df1dd4225c3d9f0904c97cf92ea0f9b.bmp.lzma: No such file or directory"
[ 23:20:11,092 ] Update failed. Please reinstall Tibia to update your client.
[ 23:20:11,097 ] "Failed to load asset 'sprites-7fe341ad68553a4f86695da6e36e2e23f7e1979bb73a2bf1ca410f3d5a0e88f5.bmp.lzma': I/O error on file C:/Users/guilh/Desktop/Tibia 11.44.5516/assets/sprites-7fe341ad68553a4f86695da6e36e2e23f7e1979bb73a2bf1ca410f3d5a0e88f5.bmp.lzma: No such file or directory"
[ 23:20:11,098 ] Update failed. Please reinstall Tibia to update your client.
[ 23:20:11,103 ] "Failed to load asset 'sprites-b64b765e8ce3f3db7fa5a44a740e3342e6d45cfc07657bef7fa7c213a97efc05.bmp.lzma': I/O error on file C:/Users/guilh/Desktop/Tibia 11.44.5516/assets/sprites-b64b765e8ce3f3db7fa5a44a740e3342e6d45cfc07657bef7fa7c213a97efc05.bmp.lzma: No such file or directory"
[ 23:20:11,104 ] Update failed. Please reinstall Tibia to update your client.
[ 23:20:11,110 ] "Failed to load asset 'sprites-a66b4b17feea1e8fd80f88e9122ff723fe8ac486bf38e68a64b1e8b5e2ad7b07.bmp.lzma': I/O error on file C:/Users/guilh/Desktop/Tibia 11.44.5516/assets/sprites-a66b4b17feea1e8fd80f88e9122ff723fe8ac486bf38e68a64b1e8b5e2ad7b07.bmp.lzma: No such file or directory"
[ 23:20:11,111 ] Update failed. Please reinstall Tibia to update your client.
[ 23:20:11,116 ] "Failed to load asset 'sprites-eb4f846042bede21bbb85e42ee7d8f72ab6c7204892b774c5ff62bc1d6f3bc5a.bmp.lzma': I/O error on file C:/Users/guilh/Desktop/Tibia 11.44.5516/assets/sprites-eb4f846042bede21bbb85e42ee7d8f72ab6c7204892b774c5ff62bc1d6f3bc5a.bmp.lzma: No such file or directory"
[ 23:20:11,117 ] Update failed. Please reinstall Tibia to update your client.
[ 23:20:11,123 ] "Failed to load asset 'sprites-eba471015c481380b7b84d9d00313e976ff10f7ef67dcfa54df8f75260854308.bmp.lzma': I/O error on file C:/Users/guilh/Desktop/Tibia 11.44.5516/assets/sprites-eba471015c481380b7b84d9d00313e976ff10f7ef67dcfa54df8f75260854308.bmp.lzma: No such file or directory"
[ 23:20:11,124 ] Update failed. Please reinstall Tibia to update your client.
[ 23:20:11,131 ] "Failed to load asset 'sprites-e256e930aa8e29b50724acc57b63751b0a9269b75d350d8f55a339e7c7a57635.bmp.lzma': I/O error on file C:/Users/guilh/Desktop/Tibia 11.44.5516/assets/sprites-e256e930aa8e29b50724acc57b63751b0a9269b75d350d8f55a339e7c7a57635.bmp.lzma: No such file or directory"
[ 23:20:11,132 ] Update failed. Please reinstall Tibia to update your client.
[ 23:20:11,137 ] "Failed to load asset 'sprites-8772d05b29758b925b3104f211b0333e7b272c014bc4339e7e0ecb66b1a06048.bmp.lzma': I/O error on file C:/Users/guilh/Desktop/Tibia 11.44.5516/assets/sprites-8772d05b29758b925b3104f211b0333e7b272c014bc4339e7e0ecb66b1a06048.bmp.lzma: No such file or directory"
[ 23:20:11,138 ] Update failed. Please reinstall Tibia to update your client.
[ 23:20:11,144 ] "Failed to load asset 'sprites-c8df58d7c97fa93f1a805bb75dbcb56c20562440872acad4b75566271bbb763b.bmp.lzma': I/O error on file C:/Users/guilh/Desktop/Tibia 11.44.5516/assets/sprites-c8df58d7c97fa93f1a805bb75dbcb56c20562440872acad4b75566271bbb763b.bmp.lzma: No such file or directory"
[ 23:20:11,144 ] Update failed. Please reinstall Tibia to update your client.
[ 23:20:11,149 ] "Failed to load asset 'sprites-b6d73d1a2ff8b0e630c2c8b834ab951054e95651266b809bc132eeab80fce6a1.bmp.lzma': I/O error on file C:/Users/guilh/Desktop/Tibia 11.44.5516/assets/sprites-b6d73d1a2ff8b0e630c2c8b834ab951054e95651266b809bc132eeab80fce6a1.bmp.lzma: No such file or directory"
[ 23:20:11,150 ] Update failed. Please reinstall Tibia to update your client.
[ 23:20:11,224 ] "Failed to load asset 'sprites-6cee56705581b326239d4c88d8cbe2b570341afd1956976786a0a997676c5f24.bmp.lzma': I/O error on file C:/Users/guilh/Desktop/Tibia 11.44.5516/assets/sprites-6cee56705581b326239d4c88d8cbe2b570341afd1956976786a0a997676c5f24.bmp.lzma: No such file or directory"
[ 23:20:11,225 ] Update failed. Please reinstall Tibia to update your client.
[ 23:20:11,232 ] "Failed to load asset 'sprites-8b279c72d41475e6a9ba67b5dd3a78b528f015b4acf15cc6009df5c0645917b6.bmp.lzma': I/O error on file C:/Users/guilh/Desktop/Tibia 11.44.5516/assets/sprites-8b279c72d41475e6a9ba67b5dd3a78b528f015b4acf15cc6009df5c0645917b6.bmp.lzma: No such file or directory"
[ 23:20:11,232 ] Update failed. Please reinstall Tibia to update your client.
[ 23:20:11,240 ] "Failed to load asset 'sprites-6ab7b5367c220fc8c01778ef3c24855c09f97225f2db2f9cdbc05c18f290d60d.bmp.lzma': I/O error on file C:/Users/guilh/Desktop/Tibia 11.44.5516/assets/sprites-6ab7b5367c220fc8c01778ef3c24855c09f97225f2db2f9cdbc05c18f290d60d.bmp.lzma: No such file or directory"
[ 23:20:11,241 ] Update failed. Please reinstall Tibia to update your client.
[ 23:20:11,248 ] "Failed to load asset 'sprites-bd6124c21d281b3d06ba59a06211cd96f94fbd3330f9708d89359c114c769b5d.bmp.lzma': I/O error on file C:/Users/guilh/Desktop/Tibia 11.44.5516/assets/sprites-bd6124c21d281b3d06ba59a06211cd96f94fbd3330f9708d89359c114c769b5d.bmp.lzma: No such file or directory"
[ 23:20:11,249 ] Update failed. Please reinstall Tibia to update your client.
[ 23:20:11,256 ] "Failed to load asset 'sprites-8f0440bb64be39333da7cee0cc1e8a7b9eae3d63eb4a53e826af50473acff999.bmp.lzma': I/O error on file C:/Users/guilh/Desktop/Tibia 11.44.5516/assets/sprites-8f0440bb64be39333da7cee0cc1e8a7b9eae3d63eb4a53e826af50473acff999.bmp.lzma: No such file or directory"
[ 23:20:11,257 ] Update failed. Please reinstall Tibia to update your client.
[ 23:20:11,263 ] "Failed to load asset 'sprites-94d123ed542b881f21231be05287d713a6c0283dc1052a651712aeb8659ba5ce.bmp.lzma': I/O error on file C:/Users/guilh/Desktop/Tibia 11.44.5516/assets/sprites-94d123ed542b881f21231be05287d713a6c0283dc1052a651712aeb8659ba5ce.bmp.lzma: No such file or directory"
[ 23:20:11,264 ] Update failed. Please reinstall Tibia to update your client.
[ 23:20:11,269 ] "Failed to load asset 'sprites-8c65b7f5ba696a310664101db6685ff42a9f3c3d93b60b6fd3a77d873c549754.bmp.lzma': I/O error on file C:/Users/guilh/Desktop/Tibia 11.44.5516/assets/sprites-8c65b7f5ba696a310664101db6685ff42a9f3c3d93b60b6fd3a77d873c549754.bmp.lzma: No such file or directory"
[ 23:20:11,270 ] Update failed. Please reinstall Tibia to update your client.
[ 23:20:11,274 ] "Failed to load asset 'sprites-7aea541e391fc368abdcf06a460a31435cddfcf63c0538bac5da5e339cf0ff22.bmp.lzma': I/O error on file C:/Users/guilh/Desktop/Tibia 11.44.5516/assets/sprites-7aea541e391fc368abdcf06a460a31435cddfcf63c0538bac5da5e339cf0ff22.bmp.lzma: No such file or directory"
[ 23:20:11,275 ] Update failed. Please reinstall Tibia to update your client.
[ 23:20:11,280 ] "Failed to load asset 'sprites-6a4642061217366dcbbbefabb4afd0f63fed7bcc8c15cd131cdce018058ec7cf.bmp.lzma': I/O error on file C:/Users/guilh/Desktop/Tibia 11.44.5516/assets/sprites-6a4642061217366dcbbbefabb4afd0f63fed7bcc8c15cd131cdce018058ec7cf.bmp.lzma: No such file or directory"
[ 23:20:11,281 ] Update failed. Please reinstall Tibia to update your client.
[ 23:20:11,286 ] "Failed to load asset 'sprites-ded6e5777e470978a96061ac6901ef685f5d2c3a0b76a0c2a815cc16413763ea.bmp.lzma': I/O error on file C:/Users/guilh/Desktop/Tibia 11.44.5516/assets/sprites-ded6e5777e470978a96061ac6901ef685f5d2c3a0b76a0c2a815cc16413763ea.bmp.lzma: No such file or directory"
[ 23:20:11,287 ] Update failed. Please reinstall Tibia to update your client.
[ 23:20:11,295 ] "Failed to load asset 'sprites-eb9a4170e568c848779108f7b60c4bfd45e9c86de2b873d64f2413a09304fe60.bmp.lzma': I/O error on file C:/Users/guilh/Desktop/Tibia 11.44.5516/assets/sprites-eb9a4170e568c848779108f7b60c4bfd45e9c86de2b873d64f2413a09304fe60.bmp.lzma: No such file or directory"
[ 23:20:11,295 ] Update failed. Please reinstall Tibia to update your client.
[ 23:20:11,301 ] "Failed to load asset 'sprites-92b2c1fecce1594934b72f27e0e601652961fc9f4e965e3a99374f4b7c983a55.bmp.lzma': I/O error on file C:/Users/guilh/Desktop/Tibia 11.44.5516/assets/sprites-92b2c1fecce1594934b72f27e0e601652961fc9f4e965e3a99374f4b7c983a55.bmp.lzma: No such file or directory"
[ 23:20:11,302 ] Update failed. Please reinstall Tibia to update your client.
[ 23:20:11,308 ] "Failed to load asset 'sprites-d25d3e071082658a864bc39a857104ba9a1691dfef15f19d9332ffb8eaf285f2.bmp.lzma': I/O error on file C:/Users/guilh/Desktop/Tibia 11.44.5516/assets/sprites-d25d3e071082658a864bc39a857104ba9a1691dfef15f19d9332ffb8eaf285f2.bmp.lzma: No such file or directory"
[ 23:20:11,309 ] Update failed. Please reinstall Tibia to update your client.
[ 23:20:11,317 ] "Failed to load asset 'sprites-71ef13dbfadb98a8aec45c3df50ffb70aaf1c3ea6b43cfed998785f10ea37545.bmp.lzma': I/O error on file C:/Users/guilh/Desktop/Tibia 11.44.5516/assets/sprites-71ef13dbfadb98a8aec45c3df50ffb70aaf1c3ea6b43cfed998785f10ea37545.bmp.lzma: No such file or directory"
[ 23:20:11,318 ] Update failed. Please reinstall Tibia to update your client.
[ 23:20:11,324 ] "Failed to load asset 'sprites-b2f5d30b47f5703a1145a484d9d08407348191decc3b1f6390062cb7e2faf3c8.bmp.lzma': I/O error on file C:/Users/guilh/Desktop/Tibia 11.44.5516/assets/sprites-b2f5d30b47f5703a1145a484d9d08407348191decc3b1f6390062cb7e2faf3c8.bmp.lzma: No such file or directory"
[ 23:20:11,324 ] Update failed. Please reinstall Tibia to update your client.
[ 23:20:11,330 ] "Failed to load asset 'sprites-8e44b37028781c4b826657ac9de3b5393cf083a5b886938e56092e5f432bb0c5.bmp.lzma': I/O error on file C:/Users/guilh/Desktop/Tibia 11.44.5516/assets/sprites-8e44b37028781c4b826657ac9de3b5393cf083a5b886938e56092e5f432bb0c5.bmp.lzma: No such file or directory"
[ 23:20:11,330 ] Update failed. Please reinstall Tibia to update your client.
[ 23:20:11,335 ] "Failed to load asset 'sprites-91682536963e9b39fa93643f6752e381bf8899190659eb7096d6853b7ddc2e46.bmp.lzma': I/O error on file C:/Users/guilh/Desktop/Tibia 11.44.5516/assets/sprites-91682536963e9b39fa93643f6752e381bf8899190659eb7096d6853b7ddc2e46.bmp.lzma: No such file or directory"
[ 23:20:11,336 ] Update failed. Please reinstall Tibia to update your client.
[ 23:20:11,342 ] "Failed to load asset 'sprites-8a3c0d09322b642f4021e024592ff5abfa3614343d914155c771d0835ec741fc.bmp.lzma': I/O error on file C:/Users/guilh/Desktop/Tibia 11.44.5516/assets/sprites-8a3c0d09322b642f4021e024592ff5abfa3614343d914155c771d0835ec741fc.bmp.lzma: No such file or directory"
[ 23:20:11,343 ] Update failed. Please reinstall Tibia to update your client.
[ 23:20:11,350 ] "Failed to load asset 'sprites-8e165ecad0e6433a9aad04784c2e02363726a8d544763691d845f79d8af68af0.bmp.lzma': I/O error on file C:/Users/guilh/Desktop/Tibia 11.44.5516/assets/sprites-8e165ecad0e6433a9aad04784c2e02363726a8d544763691d845f79d8af68af0.bmp.lzma: No such file or directory"
[ 23:20:11,351 ] Update failed. Please reinstall Tibia to update your client.
[ 23:20:11,357 ] "Failed to load asset 'sprites-e38d378c1ffeb40bbf43980404c317b6421afd05bbd576f188de50ada65b86fc.bmp.lzma': I/O error on file C:/Users/guilh/Desktop/Tibia 11.44.5516/assets/sprites-e38d378c1ffeb40bbf43980404c317b6421afd05bbd576f188de50ada65b86fc.bmp.lzma: No such file or directory"
[ 23:20:11,358 ] Update failed. Please reinstall Tibia to update your client.
[ 23:20:11,363 ] "Failed to load asset 'sprites-6a613b0ce65820188ff299641c42e01980536f8956708fbaf38b656e40923726.bmp.lzma': I/O error on file C:/Users/guilh/Desktop/Tibia 11.44.5516/assets/sprites-6a613b0ce65820188ff299641c42e01980536f8956708fbaf38b656e40923726.bmp.lzma: No such file or directory"
[ 23:20:11,364 ] Update failed. Please reinstall Tibia to update your client.
[ 23:20:11,369 ] "Failed to load asset 'sprites-84d7a1581646246f03bdb7898f4ce9544f0c30f844a971362db0b67e1df856e4.bmp.lzma': I/O error on file C:/Users/guilh/Desktop/Tibia 11.44.5516/assets/sprites-84d7a1581646246f03bdb7898f4ce9544f0c30f844a971362db0b67e1df856e4.bmp.lzma: No such file or directory"
[ 23:20:11,370 ] Update failed. Please reinstall Tibia to update your client.
[ 23:20:11,376 ] "Failed to load asset 'sprites-e263af37b5fe1f8f9b3345f5b550c45bbf5d3c62bf94044a3b777f2b1d770dd2.bmp.lzma': I/O error on file C:/Users/guilh/Desktop/Tibia 11.44.5516/assets/sprites-e263af37b5fe1f8f9b3345f5b550c45bbf5d3c62bf94044a3b777f2b1d770dd2.bmp.lzma: No such file or directory"
[ 23:20:11,377 ] Update failed. Please reinstall Tibia to update your client.
[ 23:20:11,382 ] "Failed to load asset 'sprites-6ce3bb6c569ecea2b852e095794cdac49c968944a1f08fd94598c23b797b3b1b.bmp.lzma': I/O error on file C:/Users/guilh/Desktop/Tibia 11.44.5516/assets/sprites-6ce3bb6c569ecea2b852e095794cdac49c968944a1f08fd94598c23b797b3b1b.bmp.lzma: No such file or directory"
[ 23:20:11,383 ] Update failed. Please reinstall Tibia to update your client.
[ 23:20:11,388 ] "Failed to load asset 'sprites-96c569c8f0efe1e6d30ddb116c0dcf039dd5c004bd39126fe7a77dcaa1804fde.bmp.lzma': I/O error on file C:/Users/guilh/Desktop/Tibia 11.44.5516/assets/sprites-96c569c8f0efe1e6d30ddb116c0dcf039dd5c004bd39126fe7a77dcaa1804fde.bmp.lzma: No such file or directory"
[ 23:20:11,389 ] Update failed. Please reinstall Tibia to update your client.
[ 23:20:11,395 ] "Failed to load asset 'sprites-87f4c1d732cf06fd2c125e0b4a786246b5debf3a260219b6ef68c861ba5fbdcd.bmp.lzma': I/O error on file C:/Users/guilh/Desktop/Tibia 11.44.5516/assets/sprites-87f4c1d732cf06fd2c125e0b4a786246b5debf3a260219b6ef68c861ba5fbdcd.bmp.lzma: No such file or directory"
[ 23:20:11,396 ] Update failed. Please reinstall Tibia to update your client.
[ 23:20:11,402 ] "Failed to load asset 'sprites-b3d71225fd6eaf5812081b6e5ffae8a7d816776c30d829c5ff438b571e02699e.bmp.lzma': I/O error on file C:/Users/guilh/Desktop/Tibia 11.44.5516/assets/sprites-b3d71225fd6eaf5812081b6e5ffae8a7d816776c30d829c5ff438b571e02699e.bmp.lzma: No such file or directory"
[ 23:20:11,403 ] Update failed. Please reinstall Tibia to update your client.
[ 23:20:11,408 ] "Failed to load asset 'sprites-7c78b3b721c4f642ce90cea0dd8995a46040450e66ffaf3b1c4a4da606032d27.bmp.lzma': I/O error on file C:/Users/guilh/Desktop/Tibia 11.44.5516/assets/sprites-7c78b3b721c4f642ce90cea0dd8995a46040450e66ffaf3b1c4a4da606032d27.bmp.lzma: No such file or directory"
[ 23:20:11,409 ] Update failed. Please reinstall Tibia to update your client.
[ 23:20:11,413 ] "Failed to load asset 'sprites-e8e06b4b9f5ff163323610ac1d15fec214c84b968c05de6a15c6d295a4e8e87c.bmp.lzma': I/O error on file C:/Users/guilh/Desktop/Tibia 11.44.5516/assets/sprites-e8e06b4b9f5ff163323610ac1d15fec214c84b968c05de6a15c6d295a4e8e87c.bmp.lzma: No such file or directory"
[ 23:20:11,414 ] Update failed. Please reinstall Tibia to update your client.
[ 23:20:11,419 ] "Failed to load asset 'sprites-ee6e6f1636272f21e29072d441eed88f3347b6dbaa7cdd6ef903077759ea6307.bmp.lzma': I/O error on file C:/Users/guilh/Desktop/Tibia 11.44.5516/assets/sprites-ee6e6f1636272f21e29072d441eed88f3347b6dbaa7cdd6ef903077759ea6307.bmp.lzma: No such file or directory"
[ 23:20:11,420 ] Update failed. Please reinstall Tibia to update your client.
[ 23:20:11,447 ] "Failed to load asset 'sprites-f3a4d090e213d8f208e94cf9da9f51caf026a0aea91e1e47bc45fa8523467457.bmp.lzma': I/O error on file C:/Users/guilh/Desktop/Tibia 11.44.5516/assets/sprites-f3a4d090e213d8f208e94cf9da9f51caf026a0aea91e1e47bc45fa8523467457.bmp.lzma: No such file or directory"
[ 23:20:11,448 ] Update failed. Please reinstall Tibia to update your client.
[ 23:20:11,454 ] "Failed to load asset 'sprites-9b8efa5126074701287b036871dd0e99841a7315782ca1a3aedf06f15d79bc73.bmp.lzma': I/O error on file C:/Users/guilh/Desktop/Tibia 11.44.5516/assets/sprites-9b8efa5126074701287b036871dd0e99841a7315782ca1a3aedf06f15d79bc73.bmp.lzma: No such file or directory"
[ 23:20:11,455 ] Update failed. Please reinstall Tibia to update your client.
[ 23:20:11,464 ] "Failed to load asset 'sprites-6b0e4151eeac090b9e2221f49ecaf86b13d6a6436d773d48f708d1ee698b351b.bmp.lzma': I/O error on file C:/Users/guilh/Desktop/Tibia 11.44.5516/assets/sprites-6b0e4151eeac090b9e2221f49ecaf86b13d6a6436d773d48f708d1ee698b351b.bmp.lzma: No such file or directory"
[ 23:20:11,469 ] Update failed. Please reinstall Tibia to update your client.
[ 23:20:11,479 ] "Failed to load asset 'sprites-e13242b07261ab44125db97d92d7de388b388104076956e32c6092a7bd37dfc5.bmp.lzma': I/O error on file C:/Users/guilh/Desktop/Tibia 11.44.5516/assets/sprites-e13242b07261ab44125db97d92d7de388b388104076956e32c6092a7bd37dfc5.bmp.lzma: No such file or directory"
[ 23:20:11,480 ] Update failed. Please reinstall Tibia to update your client.
[ 23:20:11,487 ] "Failed to load asset 'sprites-9bbef6167c4f34999b42cc84ff734f78cc2b4290f2747b8d4f2c56c853592542.bmp.lzma': I/O error on file C:/Users/guilh/Desktop/Tibia 11.44.5516/assets/sprites-9bbef6167c4f34999b42cc84ff734f78cc2b4290f2747b8d4f2c56c853592542.bmp.lzma: No such file or directory"
[ 23:20:11,489 ] Update failed. Please reinstall Tibia to update your client.
[ 23:20:11,494 ] "Failed to load asset 'sprites-bce97284d590210e32f67ad8781284e3dcee340cfe44762e8b73b82adfb752aa.bmp.lzma': I/O error on file C:/Users/guilh/Desktop/Tibia 11.44.5516/assets/sprites-bce97284d590210e32f67ad8781284e3dcee340cfe44762e8b73b82adfb752aa.bmp.lzma: No such file or directory"
[ 23:20:11,495 ] Update failed. Please reinstall Tibia to update your client.
[ 23:20:11,500 ] "Failed to load asset 'sprites-e599743f68de2b527ddb2550dd321f5f552b646957d6faa141b94f7caea8869d.bmp.lzma': I/O error on file C:/Users/guilh/Desktop/Tibia 11.44.5516/assets/sprites-e599743f68de2b527ddb2550dd321f5f552b646957d6faa141b94f7caea8869d.bmp.lzma: No such file or directory"
[ 23:20:11,501 ] Update failed. Please reinstall Tibia to update your client.
[ 23:20:11,507 ] "Failed to load asset 'sprites-ebbdaa341e20647412bccf029185644e0f2585f0d45ed1386d1f266d19589dba.bmp.lzma': I/O error on file C:/Users/guilh/Desktop/Tibia 11.44.5516/assets/sprites-ebbdaa341e20647412bccf029185644e0f2585f0d45ed1386d1f266d19589dba.bmp.lzma: No such file or directory"
[ 23:20:11,508 ] Update failed. Please reinstall Tibia to update your client.
[ 23:20:11,516 ] "Failed to load asset 'sprites-eadfff0e3c50a4af9692f55bea1dc131fd68c95669e45f4a8c845fbb37028b52.bmp.lzma': I/O error on file C:/Users/guilh/Desktop/Tibia 11.44.5516/assets/sprites-eadfff0e3c50a4af9692f55bea1dc131fd68c95669e45f4a8c845fbb37028b52.bmp.lzma: No such file or directory"
[ 23:20:11,518 ] Update failed. Please reinstall Tibia to update your client.
[ 23:20:11,525 ] "Failed to load asset 'sprites-b692c970fcfc27f63ee03c8c151efd8899ad5bb4706fac3b1b6a88fe88373fba.bmp.lzma': I/O error on file C:/Users/guilh/Desktop/Tibia 11.44.5516/assets/sprites-b692c970fcfc27f63ee03c8c151efd8899ad5bb4706fac3b1b6a88fe88373fba.bmp.lzma: No such file or directory"
[ 23:20:11,526 ] Update failed. Please reinstall Tibia to update your client.
[ 23:20:11,531 ] "Failed to load asset 'sprites-f2f81b0190d9157256c41be42042dd4f0233649898347d52705eadd27ecc43e5.bmp.lzma': I/O error on file C:/Users/guilh/Desktop/Tibia 11.44.5516/assets/sprites-f2f81b0190d9157256c41be42042dd4f0233649898347d52705eadd27ecc43e5.bmp.lzma: No such file or directory"
[ 23:20:11,532 ] Update failed. Please reinstall Tibia to update your client.
[ 23:20:11,538 ] "Failed to load asset 'sprites-d793e05ed63a02d1b3ebd5646a96d2c3695c4315e8a0732d987c157ea08550ba.bmp.lzma': I/O error on file C:/Users/guilh/Desktop/Tibia 11.44.5516/assets/sprites-d793e05ed63a02d1b3ebd5646a96d2c3695c4315e8a0732d987c157ea08550ba.bmp.lzma: No such file or directory"
[ 23:20:11,538 ] Update failed. Please reinstall Tibia to update your client.
[ 23:20:11,543 ] "Failed to load asset 'sprites-897ac73cb48575ba1f23224c607d3adfc5a8ccc3509cacff63988e6e1c60e378.bmp.lzma': I/O error on file C:/Users/guilh/Desktop/Tibia 11.44.5516/assets/sprites-897ac73cb48575ba1f23224c607d3adfc5a8ccc3509cacff63988e6e1c60e378.bmp.lzma: No such file or directory"
[ 23:20:11,544 ] Update failed. Please reinstall Tibia to update your client.
[ 23:20:11,549 ] "Failed to load asset 'sprites-cfa37b685091f760806fbbbd4f92448e582829f1117bbcbb1da133cac8c15578.bmp.lzma': I/O error on file C:/Users/guilh/Desktop/Tibia 11.44.5516/assets/sprites-cfa37b685091f760806fbbbd4f92448e582829f1117bbcbb1da133cac8c15578.bmp.lzma: No such file or directory"
[ 23:20:11,550 ] Update failed. Please reinstall Tibia to update your client.
[ 23:20:11,555 ] "Failed to load asset 'sprites-cd326e87acd94dbba65ce45d06501491b002b264d442a151a4b4c9d53756f137.bmp.lzma': I/O error on file C:/Users/guilh/Desktop/Tibia 11.44.5516/assets/sprites-cd326e87acd94dbba65ce45d06501491b002b264d442a151a4b4c9d53756f137.bmp.lzma: No such file or directory"
[ 23:20:11,556 ] Update failed. Please reinstall Tibia to update your client.
[ 23:20:11,561 ] "Failed to load asset 'sprites-c95cf913fd2b3b80aeaad4ad13d72ba7ede12819264ceeac653164b0a95ab336.bmp.lzma': I/O error on file C:/Users/guilh/Desktop/Tibia 11.44.5516/assets/sprites-c95cf913fd2b3b80aeaad4ad13d72ba7ede12819264ceeac653164b0a95ab336.bmp.lzma: No such file or directory"
[ 23:20:11,562 ] Update failed. Please reinstall Tibia to update your client.
[ 23:20:11,567 ] "Failed to load asset 'sprites-9bc24d5d4e0d683b372284119b6f85f8a9f9ce5a3dcc2a8eb5ab0544df0e7e5a.bmp.lzma': I/O error on file C:/Users/guilh/Desktop/Tibia 11.44.5516/assets/sprites-9bc24d5d4e0d683b372284119b6f85f8a9f9ce5a3dcc2a8eb5ab0544df0e7e5a.bmp.lzma: No such file or directory"
[ 23:20:11,568 ] Update failed. Please reinstall Tibia to update your client.
[ 23:20:11,573 ] "Failed to load asset 'sprites-6f82ce0293dc05703036a41c1d25410f4961091429d1761051e92257c6f4036e.bmp.lzma': I/O error on file C:/Users/guilh/Desktop/Tibia 11.44.5516/assets/sprites-6f82ce0293dc05703036a41c1d25410f4961091429d1761051e92257c6f4036e.bmp.lzma: No such file or directory"
[ 23:20:11,574 ] Update failed. Please reinstall Tibia to update your client.
[ 23:20:11,580 ] "Failed to load asset 'sprites-cb4d784d8debda74e8b345b97c6a01766d0c4b6517f1b7eb20f45bbf6fd864d4.bmp.lzma': I/O error on file C:/Users/guilh/Desktop/Tibia 11.44.5516/assets/sprites-cb4d784d8debda74e8b345b97c6a01766d0c4b6517f1b7eb20f45bbf6fd864d4.bmp.lzma: No such file or directory"
[ 23:20:11,581 ] Update failed. Please reinstall Tibia to update your client.
[ 23:20:11,586 ] "Failed to load asset 'sprites-907fe8faedee6a998610a074215eb27c923b5653cc6c90a207c8812652c56fef.bmp.lzma': I/O error on file C:/Users/guilh/Desktop/Tibia 11.44.5516/assets/sprites-907fe8faedee6a998610a074215eb27c923b5653cc6c90a207c8812652c56fef.bmp.lzma: No such file or directory"
[ 23:20:11,587 ] Update failed. Please reinstall Tibia to update your client.
[ 23:20:11,592 ] "Failed to load asset 'sprites-94ee4e5a467c08e230dd9cb48defa6b12c27912ecf37bf097a0aefde153a9fa8.bmp.lzma': I/O error on file C:/Users/guilh/Desktop/Tibia 11.44.5516/assets/sprites-94ee4e5a467c08e230dd9cb48defa6b12c27912ecf37bf097a0aefde153a9fa8.bmp.lzma: No such file or directory"
[ 23:20:11,593 ] Update failed. Please reinstall Tibia to update your client.
[ 23:20:11,599 ] "Failed to load asset 'sprites-8ca089cb5e36d2b1681f59dccc3633a496b761ce10ca51f3984f8d14aa871aef.bmp.lzma': I/O error on file C:/Users/guilh/Desktop/Tibia 11.44.5516/assets/sprites-8ca089cb5e36d2b1681f59dccc3633a496b761ce10ca51f3984f8d14aa871aef.bmp.lzma: No such file or directory"
[ 23:20:11,599 ] Update failed. Please reinstall Tibia to update your client.
[ 23:20:11,606 ] "Failed to load asset 'sprites-7c12dfaca4885432e656e5af97e2b23a03046613a46b8e07071eaaba304a5833.bmp.lzma': I/O error on file C:/Users/guilh/Desktop/Tibia 11.44.5516/assets/sprites-7c12dfaca4885432e656e5af97e2b23a03046613a46b8e07071eaaba304a5833.bmp.lzma: No such file or directory"
[ 23:20:11,606 ] Update failed. Please reinstall Tibia to update your client.
[ 23:20:11,612 ] "Failed to load asset 'sprites-d119f6553842b7ab58c3a64a112262b37c666b310a4ecc552acbcf40b2e4f4dc.bmp.lzma': I/O error on file C:/Users/guilh/Desktop/Tibia 11.44.5516/assets/sprites-d119f6553842b7ab58c3a64a112262b37c666b310a4ecc552acbcf40b2e4f4dc.bmp.lzma: No such file or directory"
[ 23:20:11,613 ] Update failed. Please reinstall Tibia to update your client.
[ 23:20:11,617 ] "Failed to load asset 'sprites-c79946400c888ba6094380c8d4b4463de7708f179954fe5cc9c56771ee52a7db.bmp.lzma': I/O error on file C:/Users/guilh/Desktop/Tibia 11.44.5516/assets/sprites-c79946400c888ba6094380c8d4b4463de7708f179954fe5cc9c56771ee52a7db.bmp.lzma: No such file or directory"
[ 23:20:11,618 ] Update failed. Please reinstall Tibia to update your client.
[ 23:20:11,623 ] "Failed to load asset 'sprites-8bb26cf8ca00ac2af02f58f8a7f402b66b1a9b0eb915f62633372b7a3d8ff657.bmp.lzma': I/O error on file C:/Users/guilh/Desktop/Tibia 11.44.5516/assets/sprites-8bb26cf8ca00ac2af02f58f8a7f402b66b1a9b0eb915f62633372b7a3d8ff657.bmp.lzma: No such file or directory"
[ 23:20:11,624 ] Update failed. Please reinstall Tibia to update your client.
[ 23:20:11,630 ] "Failed to load asset 'sprites-d8e867fa67f65ac7e9750089cd45a962e17aad2e2e8c554d68f9391dce5801d0.bmp.lzma': I/O error on file C:/Users/guilh/Desktop/Tibia 11.44.5516/assets/sprites-d8e867fa67f65ac7e9750089cd45a962e17aad2e2e8c554d68f9391dce5801d0.bmp.lzma: No such file or directory"
[ 23:20:11,631 ] Update failed. Please reinstall Tibia to update your client.
[ 23:20:11,636 ] "Failed to load asset 'sprites-e4dcc436ef1c665ff0641a50363c2eee1e18c9eb5da908cbc9a2301a534105c1.bmp.lzma': I/O error on file C:/Users/guilh/Desktop/Tibia 11.44.5516/assets/sprites-e4dcc436ef1c665ff0641a50363c2eee1e18c9eb5da908cbc9a2301a534105c1.bmp.lzma: No such file or directory"
[ 23:20:11,637 ] Update failed. Please reinstall Tibia to update your client.
[ 23:20:11,651 ] "Failed to load asset 'sprites-b4b517dc7ff9ed5603fa5c01ea3c47bcef3d0844a90020919ab5781c574e71c6.bmp.lzma': I/O error on file C:/Users/guilh/Desktop/Tibia 11.44.5516/assets/sprites-b4b517dc7ff9ed5603fa5c01ea3c47bcef3d0844a90020919ab5781c574e71c6.bmp.lzma: No such file or directory"
[ 23:20:11,652 ] Update failed. Please reinstall Tibia to update your client.
[ 23:20:11,658 ] "Failed to load asset 'sprites-d0b870f3b1478595757ad5c7ba25641438c92fe7d7acac63ceea138bb8c74196.bmp.lzma': I/O error on file C:/Users/guilh/Desktop/Tibia 11.44.5516/assets/sprites-d0b870f3b1478595757ad5c7ba25641438c92fe7d7acac63ceea138bb8c74196.bmp.lzma: No such file or directory"
[ 23:20:11,659 ] Update failed. Please reinstall Tibia to update your client.
[ 23:20:11,752 ] "Failed to load asset 'sprites-e159974280049406188fd0cac5ecf6d2cc61d2fd833b0a781477a34735d397c8.bmp.lzma': I/O error on file C:/Users/guilh/Desktop/Tibia 11.44.5516/assets/sprites-e159974280049406188fd0cac5ecf6d2cc61d2fd833b0a781477a34735d397c8.bmp.lzma: No such file or directory"
[ 23:20:11,753 ] Update failed. Please reinstall Tibia to update your client.
[ 23:20:11,759 ] "Failed to load asset 'sprites-d5bd1b1d6e00cea560804fa044ec01abb2a8d9736bf420d542590fc1db81cf54.bmp.lzma': I/O error on file C:/Users/guilh/Desktop/Tibia 11.44.5516/assets/sprites-d5bd1b1d6e00cea560804fa044ec01abb2a8d9736bf420d542590fc1db81cf54.bmp.lzma: No such file or directory"
[ 23:20:11,760 ] Update failed. Please reinstall Tibia to update your client.
[ 23:20:11,765 ] "Failed to load asset 'sprites-d7a07d05d10de20e7b4dc1d3d8d5586b1f777451ef0e43c3e8ac18fc15a567d9.bmp.lzma': I/O error on file C:/Users/guilh/Desktop/Tibia 11.44.5516/assets/sprites-d7a07d05d10de20e7b4dc1d3d8d5586b1f777451ef0e43c3e8ac18fc15a567d9.bmp.lzma: No such file or directory"
[ 23:20:11,766 ] Update failed. Please reinstall Tibia to update your client.
[ 23:20:11,771 ] "Failed to load asset 'sprites-a6ca14180b1a8ccfb7a0d33ae72f80c5151bfdc7535cd44bbd4cb1d5e77430d9.bmp.lzma': I/O error on file C:/Users/guilh/Desktop/Tibia 11.44.5516/assets/sprites-a6ca14180b1a8ccfb7a0d33ae72f80c5151bfdc7535cd44bbd4cb1d5e77430d9.bmp.lzma: No such file or directory"
[ 23:20:11,772 ] Update failed. Please reinstall Tibia to update your client.
[ 23:20:11,777 ] "Failed to load asset 'sprites-bbe9c8c328bb40d409d3a9869a938453885b6378a327477d36e8af94474b18ee.bmp.lzma': I/O error on file C:/Users/guilh/Desktop/Tibia 11.44.5516/assets/sprites-bbe9c8c328bb40d409d3a9869a938453885b6378a327477d36e8af94474b18ee.bmp.lzma: No such file or directory"
[ 23:20:11,778 ] Update failed. Please reinstall Tibia to update your client.
[ 23:20:11,783 ] "Failed to load asset 'sprites-7b529e3f2682bc09f8b4793260a6718c48862c6d0d1affba4d25124ff0cefc83.bmp.lzma': I/O error on file C:/Users/guilh/Desktop/Tibia 11.44.5516/assets/sprites-7b529e3f2682bc09f8b4793260a6718c48862c6d0d1affba4d25124ff0cefc83.bmp.lzma: No such file or directory"
[ 23:20:11,784 ] Update failed. Please reinstall Tibia to update your client.
[ 23:20:11,788 ] "Failed to load asset 'sprites-86e5f7723fd6eb11f00a54be2a1c1c396ffd5019fa978197fb74e19a990356df.bmp.lzma': I/O error on file C:/Users/guilh/Desktop/Tibia 11.44.5516/assets/sprites-86e5f7723fd6eb11f00a54be2a1c1c396ffd5019fa978197fb74e19a990356df.bmp.lzma: No such file or directory"
[ 23:20:11,789 ] Update failed. Please reinstall Tibia to update your client.
[ 23:20:11,794 ] "Failed to load asset 'sprites-f689071ac6e75ce893f8efe5dd55a7b19ca6fdd6700e570c93c22e1ce2dd757d.bmp.lzma': I/O error on file C:/Users/guilh/Desktop/Tibia 11.44.5516/assets/sprites-f689071ac6e75ce893f8efe5dd55a7b19ca6fdd6700e570c93c22e1ce2dd757d.bmp.lzma: No such file or directory"
[ 23:20:11,795 ] Update failed. Please reinstall Tibia to update your client.
[ 23:20:11,801 ] "Failed to load asset 'sprites-6d5e9a6df8db6649ebee06a6905e0e9f34f7d4662b756fcec2098404902f1f1f.bmp.lzma': I/O error on file C:/Users/guilh/Desktop/Tibia 11.44.5516/assets/sprites-6d5e9a6df8db6649ebee06a6905e0e9f34f7d4662b756fcec2098404902f1f1f.bmp.lzma: No such file or directory"
[ 23:20:11,802 ] Update failed. Please reinstall Tibia to update your client.
[ 23:20:11,807 ] "Failed to load asset 'sprites-fb09d00578995b3444edce57d359b640fdaa7b167937e95b5e094b524315b66b.bmp.lzma': I/O error on file C:/Users/guilh/Desktop/Tibia 11.44.5516/assets/sprites-fb09d00578995b3444edce57d359b640fdaa7b167937e95b5e094b524315b66b.bmp.lzma: No such file or directory"
[ 23:20:11,808 ] Update failed. Please reinstall Tibia to update your client.
[ 23:20:11,813 ] "Failed to load asset 'sprites-97b9165910e315932823b3ad56ac5676249ec2f7841a50aa6f866a57a2e9dfa6.bmp.lzma': I/O error on file C:/Users/guilh/Desktop/Tibia 11.44.5516/assets/sprites-97b9165910e315932823b3ad56ac5676249ec2f7841a50aa6f866a57a2e9dfa6.bmp.lzma: No such file or directory"
[ 23:20:11,814 ] Update failed. Please reinstall Tibia to update your client.
[ 23:20:11,820 ] "Failed to load asset 'sprites-dc805bdf096f8ead04d438e2685ea93bb17dd8005db4bd69803549754812a422.bmp.lzma': I/O error on file C:/Users/guilh/Desktop/Tibia 11.44.5516/assets/sprites-dc805bdf096f8ead04d438e2685ea93bb17dd8005db4bd69803549754812a422.bmp.lzma: No such file or directory"
[ 23:20:11,821 ] Update failed. Please reinstall Tibia to update your client.
[ 23:20:11,826 ] "Failed to load asset 'sprites-92bb6299bcdbc72d76e6134267d48674f91cfc17752d1f64fb29355cfb9a4043.bmp.lzma': I/O error on file C:/Users/guilh/Desktop/Tibia 11.44.5516/assets/sprites-92bb6299bcdbc72d76e6134267d48674f91cfc17752d1f64fb29355cfb9a4043.bmp.lzma: No such file or directory"
[ 23:20:11,827 ] Update failed. Please reinstall Tibia to update your client.
[ 23:20:11,838 ] "Failed to load asset 'sprites-91d436c0e020fb04877fdfe7f2aacaf65ce1ff8430abde5ec39017210d330074.bmp.lzma': I/O error on file C:/Users/guilh/Desktop/Tibia 11.44.5516/assets/sprites-91d436c0e020fb04877fdfe7f2aacaf65ce1ff8430abde5ec39017210d330074.bmp.lzma: No such file or directory"
[ 23:20:11,838 ] Update failed. Please reinstall Tibia to update your client.
[ 23:20:11,844 ] "Failed to load asset 'sprites-8c3afe70f559266dcfeb4af63ef4dfb1c41b0005f0dde946b36c83e2bdc6cd9a.bmp.lzma': I/O error on file C:/Users/guilh/Desktop/Tibia 11.44.5516/assets/sprites-8c3afe70f559266dcfeb4af63ef4dfb1c41b0005f0dde946b36c83e2bdc6cd9a.bmp.lzma: No such file or directory"
[ 23:20:11,845 ] Update failed. Please reinstall Tibia to update your client.
[ 23:20:11,851 ] "Failed to load asset 'sprites-9e5fc38685e7f9df4543ad364e8ab1d276c3b5dac02c59092c0627a7114b731b.bmp.lzma': I/O error on file C:/Users/guilh/Desktop/Tibia 11.44.5516/assets/sprites-9e5fc38685e7f9df4543ad364e8ab1d276c3b5dac02c59092c0627a7114b731b.bmp.lzma: No such file or directory"
[ 23:20:11,852 ] Update failed. Please reinstall Tibia to update your client.
[ 23:20:11,858 ] "Failed to load asset 'sprites-816755f1d5e5ac62aaaaba513e68467065ecb111663c2c589cdb7d31457bb536.bmp.lzma': I/O error on file C:/Users/guilh/Desktop/Tibia 11.44.5516/assets/sprites-816755f1d5e5ac62aaaaba513e68467065ecb111663c2c589cdb7d31457bb536.bmp.lzma: No such file or directory"
[ 23:20:11,858 ] Update failed. Please reinstall Tibia to update your client.
[ 23:20:11,864 ] "Failed to load asset 'sprites-75ed1ae97739b8f13ff2ea4fd52dc8042b4872e80927447ac969347cd4bceaf9.bmp.lzma': I/O error on file C:/Users/guilh/Desktop/Tibia 11.44.5516/assets/sprites-75ed1ae97739b8f13ff2ea4fd52dc8042b4872e80927447ac969347cd4bceaf9.bmp.lzma: No such file or directory"
[ 23:20:11,865 ] Update failed. Please reinstall Tibia to update your client.
[ 23:20:11,870 ] "Failed to load asset 'sprites-dd4c1a63372f9ece667ef009b47ff6bda9dce721ee566c54177f1c1901c7168b.bmp.lzma': I/O error on file C:/Users/guilh/Desktop/Tibia 11.44.5516/assets/sprites-dd4c1a63372f9ece667ef009b47ff6bda9dce721ee566c54177f1c1901c7168b.bmp.lzma: No such file or directory"
[ 23:20:11,871 ] Update failed. Please reinstall Tibia to update your client.
[ 23:20:11,876 ] "Failed to load asset 'sprites-c80692c8d7d9ea12f2577bc1045499035e5b06a5b1641ea5f6a0f392a9849ee7.bmp.lzma': I/O error on file C:/Users/guilh/Desktop/Tibia 11.44.5516/assets/sprites-c80692c8d7d9ea12f2577bc1045499035e5b06a5b1641ea5f6a0f392a9849ee7.bmp.lzma: No such file or directory"
[ 23:20:11,877 ] Update failed. Please reinstall Tibia to update your client.
[ 23:20:11,882 ] "Failed to load asset 'sprites-720ba22b780ecc1c65f886e34e551cc3dda1348a1323c4437b4064131c0876cb.bmp.lzma': I/O error on file C:/Users/guilh/Desktop/Tibia 11.44.5516/assets/sprites-720ba22b780ecc1c65f886e34e551cc3dda1348a1323c4437b4064131c0876cb.bmp.lzma: No such file or directory"
[ 23:20:11,883 ] Update failed. Please reinstall Tibia to update your client.
[ 23:20:11,888 ] "Failed to load asset 'sprites-ec28a22bf04fddc42795d5b430bf484d9bd742b7762d9d3be4ebd4a7349e69c8.bmp.lzma': I/O error on file C:/Users/guilh/Desktop/Tibia 11.44.5516/assets/sprites-ec28a22bf04fddc42795d5b430bf484d9bd742b7762d9d3be4ebd4a7349e69c8.bmp.lzma: No such file or directory"
[ 23:20:11,889 ] Update failed. Please reinstall Tibia to update your client.
[ 23:20:11,895 ] "Failed to load asset 'sprites-7cb7d902d152d8cd1f19226be08fff29797285f8d43d0989a2b7aa462e53177c.bmp.lzma': I/O error on file C:/Users/guilh/Desktop/Tibia 11.44.5516/assets/sprites-7cb7d902d152d8cd1f19226be08fff29797285f8d43d0989a2b7aa462e53177c.bmp.lzma: No such file or directory"
[ 23:20:11,897 ] Update failed. Please reinstall Tibia to update your client.
[ 23:20:11,902 ] "Failed to load asset 'sprites-8ed6cdcf2c288f60ce1b5cc57c6f0fd1ef82ba798f862209a087c89087b9be50.bmp.lzma': I/O error on file C:/Users/guilh/Desktop/Tibia 11.44.5516/assets/sprites-8ed6cdcf2c288f60ce1b5cc57c6f0fd1ef82ba798f862209a087c89087b9be50.bmp.lzma: No such file or directory"
[ 23:20:11,903 ] Update failed. Please reinstall Tibia to update your client.
[ 23:20:11,909 ] "Failed to load asset 'sprites-ac48051c96d44322a7c0cff304493a9ac12f0634284903190fa1c8ad350f663b.bmp.lzma': I/O error on file C:/Users/guilh/Desktop/Tibia 11.44.5516/assets/sprites-ac48051c96d44322a7c0cff304493a9ac12f0634284903190fa1c8ad350f663b.bmp.lzma: No such file or directory"
[ 23:20:11,909 ] Update failed. Please reinstall Tibia to update your client.
[ 23:20:11,915 ] "Failed to load asset 'sprites-ca438d170fb79991b3156cb59d5210edf8ac92ff7e772bc122273085ee89dc2a.bmp.lzma': I/O error on file C:/Users/guilh/Desktop/Tibia 11.44.5516/assets/sprites-ca438d170fb79991b3156cb59d5210edf8ac92ff7e772bc122273085ee89dc2a.bmp.lzma: No such file or directory"
[ 23:20:11,916 ] Update failed. Please reinstall Tibia to update your client.
[ 23:20:11,922 ] "Failed to load asset 'sprites-ef31804afe3ac47196ed47a187680f59f28755d41177c397d4cc4e0743dcb703.bmp.lzma': I/O error on file C:/Users/guilh/Desktop/Tibia 11.44.5516/assets/sprites-ef31804afe3ac47196ed47a187680f59f28755d41177c397d4cc4e0743dcb703.bmp.lzma: No such file or directory"
[ 23:20:11,923 ] Update failed. Please reinstall Tibia to update your client.
[ 23:20:11,928 ] "Failed to load asset 'sprites-76af8b2462cf63437f3bb3db1722615abd01c6d3f93ee8d318d68ec261ca9393.bmp.lzma': I/O error on file C:/Users/guilh/Desktop/Tibia 11.44.5516/assets/sprites-76af8b2462cf63437f3bb3db1722615abd01c6d3f93ee8d318d68ec261ca9393.bmp.lzma: No such file or directory"
[ 23:20:11,929 ] Update failed. Please reinstall Tibia to update your client.
[ 23:20:11,934 ] "Failed to load asset 'sprites-ee0ed20172a232f2deeb66ce339c96cfeb827af96462b9b98eff6cc5fffc14c5.bmp.lzma': I/O error on file C:/Users/guilh/Desktop/Tibia 11.44.5516/assets/sprites-ee0ed20172a232f2deeb66ce339c96cfeb827af96462b9b98eff6cc5fffc14c5.bmp.lzma: No such file or directory"
[ 23:20:11,935 ] Update failed. Please reinstall Tibia to update your client.
[ 23:20:11,941 ] "Failed to load asset 'sprites-e289aec761062242c716dc3f1b24732e05af102fb923e3ac6f477f0a0b2f4774.bmp.lzma': I/O error on file C:/Users/guilh/Desktop/Tibia 11.44.5516/assets/sprites-e289aec761062242c716dc3f1b24732e05af102fb923e3ac6f477f0a0b2f4774.bmp.lzma: No such file or directory"
[ 23:20:11,941 ] Update failed. Please reinstall Tibia to update your client.
[ 23:20:11,947 ] "Failed to load asset 'sprites-b995e688990ec66ce302a23ee063d625ff7b79394bc6ba4235553a306e65fdfe.bmp.lzma': I/O error on file C:/Users/guilh/Desktop/Tibia 11.44.5516/assets/sprites-b995e688990ec66ce302a23ee063d625ff7b79394bc6ba4235553a306e65fdfe.bmp.lzma: No such file or directory"
[ 23:20:11,948 ] Update failed. Please reinstall Tibia to update your client.
[ 23:20:11,966 ] "Failed to load asset 'sprites-8442c4927e67318f667eeb99bb2d9353cf45f05bb7e90518068462af22ac3d5e.bmp.lzma': I/O error on file C:/Users/guilh/Desktop/Tibia 11.44.5516/assets/sprites-8442c4927e67318f667eeb99bb2d9353cf45f05bb7e90518068462af22ac3d5e.bmp.lzma: No such file or directory"
[ 23:20:11,966 ] Update failed. Please reinstall Tibia to update your client.
[ 23:20:11,972 ] "Failed to load asset 'sprites-94e491a3ac3cc6a23dbe8ffb228b71084a4ec30f0ae7d65cefb90b8dc6ebf904.bmp.lzma': I/O error on file C:/Users/guilh/Desktop/Tibia 11.44.5516/assets/sprites-94e491a3ac3cc6a23dbe8ffb228b71084a4ec30f0ae7d65cefb90b8dc6ebf904.bmp.lzma: No such file or directory"
[ 23:20:11,972 ] Update failed. Please reinstall Tibia to update your client.
[ 23:20:11,978 ] "Failed to load asset 'sprites-95854822edeb13cc2e96f175309edb93cdb18b95699cf3ae044c10ad328394f1.bmp.lzma': I/O error on file C:/Users/guilh/Desktop/Tibia 11.44.5516/assets/sprites-95854822edeb13cc2e96f175309edb93cdb18b95699cf3ae044c10ad328394f1.bmp.lzma: No such file or directory"
[ 23:20:11,979 ] Update failed. Please reinstall Tibia to update your client.
[ 23:20:11,992 ] "Failed to load asset 'sprites-c9677d5d2e2f8a00699f70dea81c54cc221b9bfb82a70f5eb0dc352d2e691c27.bmp.lzma': I/O error on file C:/Users/guilh/Desktop/Tibia 11.44.5516/assets/sprites-c9677d5d2e2f8a00699f70dea81c54cc221b9bfb82a70f5eb0dc352d2e691c27.bmp.lzma: No such file or directory"
[ 23:20:11,993 ] Update failed. Please reinstall Tibia to update your client.
[ 23:20:11,999 ] "Failed to load asset 'sprites-fad0ee73b345d67694f1adc74a9f827b6baf6f42d87e09b0804ab1eaf2c9aed1.bmp.lzma': I/O error on file C:/Users/guilh/Desktop/Tibia 11.44.5516/assets/sprites-fad0ee73b345d67694f1adc74a9f827b6baf6f42d87e09b0804ab1eaf2c9aed1.bmp.lzma: No such file or directory"
[ 23:20:12,000 ] Update failed. Please reinstall Tibia to update your client.
[ 23:20:12,006 ] "Failed to load asset 'sprites-b90eb4f2d4ac6d3aa0c12681c64b0161070b6a534440e87555e1a3d6018c83f2.bmp.lzma': I/O error on file C:/Users/guilh/Desktop/Tibia 11.44.5516/assets/sprites-b90eb4f2d4ac6d3aa0c12681c64b0161070b6a534440e87555e1a3d6018c83f2.bmp.lzma: No such file or directory"
[ 23:20:12,007 ] Update failed. Please reinstall Tibia to update your client.
[ 23:20:12,013 ] "Failed to load asset 'sprites-7bb735ff0ce754301b8a98d73f8c311829c6124e864f4db243b8b6955ee4d05e.bmp.lzma': I/O error on file C:/Users/guilh/Desktop/Tibia 11.44.5516/assets/sprites-7bb735ff0ce754301b8a98d73f8c311829c6124e864f4db243b8b6955ee4d05e.bmp.lzma: No such file or directory"
[ 23:20:12,016 ] Update failed. Please reinstall Tibia to update your client.
[ 23:20:12,021 ] "Failed to load asset 'sprites-b320d379d277d9944eac889e27e75399a1fa876bf7c2f77107fb0df2940c700a.bmp.lzma': I/O error on file C:/Users/guilh/Desktop/Tibia 11.44.5516/assets/sprites-b320d379d277d9944eac889e27e75399a1fa876bf7c2f77107fb0df2940c700a.bmp.lzma: No such file or directory"
[ 23:20:12,022 ] Update failed. Please reinstall Tibia to update your client.
[ 23:20:12,028 ] "Failed to load asset 'sprites-d827019b617c169b3e7dc47b4aeceadfcd630735228a7d12174883a4fd370e57.bmp.lzma': I/O error on file C:/Users/guilh/Desktop/Tibia 11.44.5516/assets/sprites-d827019b617c169b3e7dc47b4aeceadfcd630735228a7d12174883a4fd370e57.bmp.lzma: No such file or directory"
[ 23:20:12,029 ] Update failed. Please reinstall Tibia to update your client.
[ 23:20:12,034 ] "Failed to load asset 'sprites-e16710db0906869f6640ce5c7905755958ba71b10d7de2ab365fccc00c23ba95.bmp.lzma': I/O error on file C:/Users/guilh/Desktop/Tibia 11.44.5516/assets/sprites-e16710db0906869f6640ce5c7905755958ba71b10d7de2ab365fccc00c23ba95.bmp.lzma: No such file or directory"
[ 23:20:12,035 ] Update failed. Please reinstall Tibia to update your client.
[ 23:20:12,040 ] "Failed to load asset 'sprites-b02b4645a1e0b3395e845a650a9408b7fb92290bac9b620ee608f232859357e3.bmp.lzma': I/O error on file C:/Users/guilh/Desktop/Tibia 11.44.5516/assets/sprites-b02b4645a1e0b3395e845a650a9408b7fb92290bac9b620ee608f232859357e3.bmp.lzma: No such file or directory"
[ 23:20:12,041 ] Update failed. Please reinstall Tibia to update your client.
[ 23:20:12,046 ] "Failed to load asset 'sprites-88fdfb4718d8e50815e8e0f5e7b4e6dd3a94151e3e6e5c69d23a82a4c9376c13.bmp.lzma': I/O error on file C:/Users/guilh/Desktop/Tibia 11.44.5516/assets/sprites-88fdfb4718d8e50815e8e0f5e7b4e6dd3a94151e3e6e5c69d23a82a4c9376c13.bmp.lzma: No such file or directory"
[ 23:20:12,047 ] Update failed. Please reinstall Tibia to update your client.
[ 23:20:12,051 ] "Failed to load asset 'sprites-6c76c9be8110e4de07262a30c532ed41b671973328c845196801adceac473292.bmp.lzma': I/O error on file C:/Users/guilh/Desktop/Tibia 11.44.5516/assets/sprites-6c76c9be8110e4de07262a30c532ed41b671973328c845196801adceac473292.bmp.lzma: No such file or directory"
[ 23:20:12,052 ] Update failed. Please reinstall Tibia to update your client.
[ 23:20:12,058 ] "Failed to load asset 'sprites-b2e4053e1563e2c97d4685678ad56df8855d569dff7cd8a477dffc1ad1725df4.bmp.lzma': I/O error on file C:/Users/guilh/Desktop/Tibia 11.44.5516/assets/sprites-b2e4053e1563e2c97d4685678ad56df8855d569dff7cd8a477dffc1ad1725df4.bmp.lzma: No such file or directory"
[ 23:20:12,058 ] Update failed. Please reinstall Tibia to update your client.
[ 23:20:12,067 ] "Failed to load asset 'sprites-b27fe69185dfaa24a41fe7f9558b4196db770e7f1bb991b03e9d894bafa1b9a3.bmp.lzma': I/O error on file C:/Users/guilh/Desktop/Tibia 11.44.5516/assets/sprites-b27fe69185dfaa24a41fe7f9558b4196db770e7f1bb991b03e9d894bafa1b9a3.bmp.lzma: No such file or directory"
[ 23:20:12,068 ] Update failed. Please reinstall Tibia to update your client.
[ 23:20:12,073 ] "Failed to load asset 'sprites-fb41df46e0a09c3fc90f824f14c2ca5d4ff00d4f4844e8e965eb5dfe3211a011.bmp.lzma': I/O error on file C:/Users/guilh/Desktop/Tibia 11.44.5516/assets/sprites-fb41df46e0a09c3fc90f824f14c2ca5d4ff00d4f4844e8e965eb5dfe3211a011.bmp.lzma: No such file or directory"
[ 23:20:12,074 ] Update failed. Please reinstall Tibia to update your client.
[ 23:20:12,083 ] "Failed to load asset 'sprites-6c05d2cd951f0ff7c57043747219521859cbfa7f9f4fb34e98104197022f5ad1.bmp.lzma': I/O error on file C:/Users/guilh/Desktop/Tibia 11.44.5516/assets/sprites-6c05d2cd951f0ff7c57043747219521859cbfa7f9f4fb34e98104197022f5ad1.bmp.lzma: No such file or directory"
[ 23:20:12,084 ] Update failed. Please reinstall Tibia to update your client.
[ 23:20:12,089 ] "Failed to load asset 'sprites-8e69e7a70368b790f84acb7e6a9591aeaf4b184b25b5b2a22177a654e0ad62e0.bmp.lzma': I/O error on file C:/Users/guilh/Desktop/Tibia 11.44.5516/assets/sprites-8e69e7a70368b790f84acb7e6a9591aeaf4b184b25b5b2a22177a654e0ad62e0.bmp.lzma: No such file or directory"
[ 23:20:12,089 ] Update failed. Please reinstall Tibia to update your client.
[ 23:20:12,097 ] "Failed to load asset 'sprites-e72c4441c660a1a2dcd8276d5f395533cb070314407748dd211334c7677cf8ed.bmp.lzma': I/O error on file C:/Users/guilh/Desktop/Tibia 11.44.5516/assets/sprites-e72c4441c660a1a2dcd8276d5f395533cb070314407748dd211334c7677cf8ed.bmp.lzma: No such file or directory"
[ 23:20:12,098 ] Update failed. Please reinstall Tibia to update your client.
[ 23:20:12,103 ] "Failed to load asset 'sprites-91bd382dd4e03f7efdcd428f95db7c850c27da7e5baa8aa75073e794aa43f648.bmp.lzma': I/O error on file C:/Users/guilh/Desktop/Tibia 11.44.5516/assets/sprites-91bd382dd4e03f7efdcd428f95db7c850c27da7e5baa8aa75073e794aa43f648.bmp.lzma: No such file or directory"
[ 23:20:12,104 ] Update failed. Please reinstall Tibia to update your client.
[ 23:20:12,109 ] "Failed to load asset 'sprites-d56ff5c945bc8d8c562c35ad291664f92a4f396224b43a5cfb2e5a8c38dfbe2e.bmp.lzma': I/O error on file C:/Users/guilh/Desktop/Tibia 11.44.5516/assets/sprites-d56ff5c945bc8d8c562c35ad291664f92a4f396224b43a5cfb2e5a8c38dfbe2e.bmp.lzma: No such file or directory"
[ 23:20:12,110 ] Update failed. Please reinstall Tibia to update your client.
[ 23:20:12,115 ] "Failed to load asset 'sprites-f8f7a1b7d181b40b80dc59c6d72ae25749dd1de956b111d846bae41ff1a1503a.bmp.lzma': I/O error on file C:/Users/guilh/Desktop/Tibia 11.44.5516/assets/sprites-f8f7a1b7d181b40b80dc59c6d72ae25749dd1de956b111d846bae41ff1a1503a.bmp.lzma: No such file or directory"
[ 23:20:12,116 ] Update failed. Please reinstall Tibia to update your client.
[ 23:20:12,120 ] "Failed to load asset 'sprites-db870f03fad153128ba2d619506ca9d285a19f6b1b84d41f2f6d5a270035a219.bmp.lzma': I/O error on file C:/Users/guilh/Desktop/Tibia 11.44.5516/assets/sprites-db870f03fad153128ba2d619506ca9d285a19f6b1b84d41f2f6d5a270035a219.bmp.lzma: No such file or directory"
[ 23:20:12,121 ] Update failed. Please reinstall Tibia to update your client.
[ 23:20:12,127 ] "Failed to load asset 'sprites-9bb814c8dd1213cc61ee1afa95cf72f32c9eb8c2744ce7ac1f02f129099f110f.bmp.lzma': I/O error on file C:/Users/guilh/Desktop/Tibia 11.44.5516/assets/sprites-9bb814c8dd1213cc61ee1afa95cf72f32c9eb8c2744ce7ac1f02f129099f110f.bmp.lzma: No such file or directory"
[ 23:20:12,128 ] Update failed. Please reinstall Tibia to update your client.
[ 23:20:12,134 ] "Failed to load asset 'sprites-887246bc9e650f6911ea33d718caa4e5f710b746dc1980cc5c8bb1d28c769a64.bmp.lzma': I/O error on file C:/Users/guilh/Desktop/Tibia 11.44.5516/assets/sprites-887246bc9e650f6911ea33d718caa4e5f710b746dc1980cc5c8bb1d28c769a64.bmp.lzma: No such file or directory"
[ 23:20:12,134 ] Update failed. Please reinstall Tibia to update your client.
[ 23:20:12,140 ] "Failed to load asset 'sprites-72d945cf03aae7c24f7a75529f279cf11bd51ff4c408eed5bbd87b829b9634fd.bmp.lzma': I/O error on file C:/Users/guilh/Desktop/Tibia 11.44.5516/assets/sprites-72d945cf03aae7c24f7a75529f279cf11bd51ff4c408eed5bbd87b829b9634fd.bmp.lzma: No such file or directory"
[ 23:20:12,141 ] Update failed. Please reinstall Tibia to update your client.
[ 23:20:12,146 ] "Failed to load asset 'sprites-bb8446f7ad0c36126aa9c7e59a1908467696ec4fb0f1a16a782a853d1b130615.bmp.lzma': I/O error on file C:/Users/guilh/Desktop/Tibia 11.44.5516/assets/sprites-bb8446f7ad0c36126aa9c7e59a1908467696ec4fb0f1a16a782a853d1b130615.bmp.lzma: No such file or directory"
[ 23:20:12,147 ] Update failed. Please reinstall Tibia to update your client.
[ 23:20:12,153 ] "Failed to load asset 'sprites-c1d97357fea4f28b8bd2176fa86940bc686a77cfd9e23b4efd23067b0d66582f.bmp.lzma': I/O error on file C:/Users/guilh/Desktop/Tibia 11.44.5516/assets/sprites-c1d97357fea4f28b8bd2176fa86940bc686a77cfd9e23b4efd23067b0d66582f.bmp.lzma: No such file or directory"
[ 23:20:12,154 ] Update failed. Please reinstall Tibia to update your client.
[ 23:20:12,240 ] "Failed to load asset 'sprites-9d8de70db7a7a7712ffef9238cad69ce553e7af753590c881dbdf6294a13ebb1.bmp.lzma': I/O error on file C:/Users/guilh/Desktop/Tibia 11.44.5516/assets/sprites-9d8de70db7a7a7712ffef9238cad69ce553e7af753590c881dbdf6294a13ebb1.bmp.lzma: No such file or directory"
[ 23:20:12,241 ] Update failed. Please reinstall Tibia to update your client.
[ 23:20:12,246 ] "Failed to load asset 'sprites-cf029b4acf3157fb945d334059553ed4f165e026f524873215fa3002cfdf60d1.bmp.lzma': I/O error on file C:/Users/guilh/Desktop/Tibia 11.44.5516/assets/sprites-cf029b4acf3157fb945d334059553ed4f165e026f524873215fa3002cfdf60d1.bmp.lzma: No such file or directory"
[ 23:20:12,247 ] Update failed. Please reinstall Tibia to update your client.
[ 23:20:12,253 ] "Failed to load asset 'sprites-af44fc74cf179601f4851a9ad670258a821cee90c05db0757b40333fd2568303.bmp.lzma': I/O error on file C:/Users/guilh/Desktop/Tibia 11.44.5516/assets/sprites-af44fc74cf179601f4851a9ad670258a821cee90c05db0757b40333fd2568303.bmp.lzma: No such file or directory"
[ 23:20:12,253 ] Update failed. Please reinstall Tibia to update your client.
[ 23:20:12,259 ] "Failed to load asset 'sprites-80ae890c128a68a60ca3a9feb599ddbe7172bdedfc0131bd60b1be891742183a.bmp.lzma': I/O error on file C:/Users/guilh/Desktop/Tibia 11.44.5516/assets/sprites-80ae890c128a68a60ca3a9feb599ddbe7172bdedfc0131bd60b1be891742183a.bmp.lzma: No such file or directory"
[ 23:20:12,260 ] Update failed. Please reinstall Tibia to update your client.
[ 23:20:12,265 ] "Failed to load asset 'sprites-7b0ba72ee108185342438525d984b456bd3cf768c9c0704ae4fa6588317d95af.bmp.lzma': I/O error on file C:/Users/guilh/Desktop/Tibia 11.44.5516/assets/sprites-7b0ba72ee108185342438525d984b456bd3cf768c9c0704ae4fa6588317d95af.bmp.lzma: No such file or directory"
[ 23:20:12,266 ] Update failed. Please reinstall Tibia to update your client.
[ 23:20:12,272 ] "Failed to load asset 'sprites-e812dab0dade42edcbd98138cf6a24f48d4cc7e8bb18aba036eb0fd62af5563f.bmp.lzma': I/O error on file C:/Users/guilh/Desktop/Tibia 11.44.5516/assets/sprites-e812dab0dade42edcbd98138cf6a24f48d4cc7e8bb18aba036eb0fd62af5563f.bmp.lzma: No such file or directory"
[ 23:20:12,272 ] Update failed. Please reinstall Tibia to update your client.
[ 23:20:12,278 ] "Failed to load asset 'sprites-abfd4aaca16facd6f300e5149ad82772b020d8cc36918533341a1dd1ea55e7bf.bmp.lzma': I/O error on file C:/Users/guilh/Desktop/Tibia 11.44.5516/assets/sprites-abfd4aaca16facd6f300e5149ad82772b020d8cc36918533341a1dd1ea55e7bf.bmp.lzma: No such file or directory"
[ 23:20:12,279 ] Update failed. Please reinstall Tibia to update your client.
[ 23:20:12,284 ] "Failed to load asset 'sprites-fc4e3a0cc128708816609080222d91cb87d9c3fce962cd120fa989030a3686f8.bmp.lzma': I/O error on file C:/Users/guilh/Desktop/Tibia 11.44.5516/assets/sprites-fc4e3a0cc128708816609080222d91cb87d9c3fce962cd120fa989030a3686f8.bmp.lzma: No such file or directory"
[ 23:20:12,285 ] Update failed. Please reinstall Tibia to update your client.
[ 23:20:12,291 ] "Failed to load asset 'sprites-f4fee7b5f7121c325411fd37c1cd33a8de96df86daf48d8e92f6ed77fe1c540f.bmp.lzma': I/O error on file C:/Users/guilh/Desktop/Tibia 11.44.5516/assets/sprites-f4fee7b5f7121c325411fd37c1cd33a8de96df86daf48d8e92f6ed77fe1c540f.bmp.lzma: No such file or directory"
[ 23:20:12,292 ] Update failed. Please reinstall Tibia to update your client.
[ 23:20:12,297 ] "Failed to load asset 'sprites-88556fae789261c25de1f2331c0047ebb8efca9a27e50ad5e3612767c078fb11.bmp.lzma': I/O error on file C:/Users/guilh/Desktop/Tibia 11.44.5516/assets/sprites-88556fae789261c25de1f2331c0047ebb8efca9a27e50ad5e3612767c078fb11.bmp.lzma: No such file or directory"
[ 23:20:12,298 ] Update failed. Please reinstall Tibia to update your client.
[ 23:20:12,304 ] "Failed to load asset 'sprites-e61fec7636734713f6260595f70bbe9cad491e99b40c0fdabfa925f4b08de9ad.bmp.lzma': I/O error on file C:/Users/guilh/Desktop/Tibia 11.44.5516/assets/sprites-e61fec7636734713f6260595f70bbe9cad491e99b40c0fdabfa925f4b08de9ad.bmp.lzma: No such file or directory"
[ 23:20:12,305 ] Update failed. Please reinstall Tibia to update your client.
[ 23:20:12,311 ] "Failed to load asset 'sprites-777e9bc1c736a1161476a56784ddaa4267437163f6583b5f0b8c95440315d14a.bmp.lzma': I/O error on file C:/Users/guilh/Desktop/Tibia 11.44.5516/assets/sprites-777e9bc1c736a1161476a56784ddaa4267437163f6583b5f0b8c95440315d14a.bmp.lzma: No such file or directory"
[ 23:20:12,312 ] Update failed. Please reinstall Tibia to update your client.
[ 23:20:12,317 ] "Failed to load asset 'sprites-8e9e4e3f684bfab9ee494e900dd6a36a764fab0d9a8031593dcf90aa0b041bce.bmp.lzma': I/O error on file C:/Users/guilh/Desktop/Tibia 11.44.5516/assets/sprites-8e9e4e3f684bfab9ee494e900dd6a36a764fab0d9a8031593dcf90aa0b041bce.bmp.lzma: No such file or directory"
[ 23:20:12,318 ] Update failed. Please reinstall Tibia to update your client.
[ 23:20:12,324 ] "Failed to load asset 'sprites-d36aef841b66e56b33f266bd251a33a713476f602413477bbb6765c891993438.bmp.lzma': I/O error on file C:/Users/guilh/Desktop/Tibia 11.44.5516/assets/sprites-d36aef841b66e56b33f266bd251a33a713476f602413477bbb6765c891993438.bmp.lzma: No such file or directory"
[ 23:20:12,325 ] Update failed. Please reinstall Tibia to update your client.
[ 23:20:12,331 ] "Failed to load asset 'sprites-e384fee5d590f2d092aa714154752ed59fbb7a16bac9fea5099f254ef27add2e.bmp.lzma': I/O error on file C:/Users/guilh/Desktop/Tibia 11.44.5516/assets/sprites-e384fee5d590f2d092aa714154752ed59fbb7a16bac9fea5099f254ef27add2e.bmp.lzma: No such file or directory"
[ 23:20:12,331 ] Update failed. Please reinstall Tibia to update your client.
[ 23:20:12,337 ] "Failed to load asset 'sprites-70182acdc9114271a5cc8fbc5f7eb360729c041ec195a6096ee779944f5848c1.bmp.lzma': I/O error on file C:/Users/guilh/Desktop/Tibia 11.44.5516/assets/sprites-70182acdc9114271a5cc8fbc5f7eb360729c041ec195a6096ee779944f5848c1.bmp.lzma: No such file or directory"
[ 23:20:12,337 ] Update failed. Please reinstall Tibia to update your client.
[ 23:20:12,343 ] "Failed to load asset 'sprites-a56749dfb2c24fe9276539c0e54246a6dbd628e97d2882d05a6018d3a617b93f.bmp.lzma': I/O error on file C:/Users/guilh/Desktop/Tibia 11.44.5516/assets/sprites-a56749dfb2c24fe9276539c0e54246a6dbd628e97d2882d05a6018d3a617b93f.bmp.lzma: No such file or directory"
[ 23:20:12,344 ] Update failed. Please reinstall Tibia to update your client.
[ 23:20:12,349 ] "Failed to load asset 'sprites-e15de425413bc7a70c737363b685d7e9922d8d1e586f23f02278363966271b36.bmp.lzma': I/O error on file C:/Users/guilh/Desktop/Tibia 11.44.5516/assets/sprites-e15de425413bc7a70c737363b685d7e9922d8d1e586f23f02278363966271b36.bmp.lzma: No such file or directory"
[ 23:20:12,350 ] Update failed. Please reinstall Tibia to update your client.
[ 23:20:12,355 ] "Failed to load asset 'sprites-ae1948f3e5e2603fc86e6cec14dce4bad0c73e16406e13f6ddbf69b679fe7dd7.bmp.lzma': I/O error on file C:/Users/guilh/Desktop/Tibia 11.44.5516/assets/sprites-ae1948f3e5e2603fc86e6cec14dce4bad0c73e16406e13f6ddbf69b679fe7dd7.bmp.lzma: No such file or directory"
[ 23:20:12,356 ] Update failed. Please reinstall Tibia to update your client.
[ 23:20:12,361 ] "Failed to load asset 'sprites-845477c23df504211036a5e94f6ca77aa2a97fe3577c2d3450ba7606c1dc1605.bmp.lzma': I/O error on file C:/Users/guilh/Desktop/Tibia 11.44.5516/assets/sprites-845477c23df504211036a5e94f6ca77aa2a97fe3577c2d3450ba7606c1dc1605.bmp.lzma: No such file or directory"
[ 23:20:12,362 ] Update failed. Please reinstall Tibia to update your client.
[ 23:20:12,367 ] "Failed to load asset 'sprites-bbf784335925a190b982e7fcbe5640bdfc6d051eff50b13d29755d0ef842217b.bmp.lzma': I/O error on file C:/Users/guilh/Desktop/Tibia 11.44.5516/assets/sprites-bbf784335925a190b982e7fcbe5640bdfc6d051eff50b13d29755d0ef842217b.bmp.lzma: No such file or directory"
[ 23:20:12,368 ] Update failed. Please reinstall Tibia to update your client.
[ 23:20:12,373 ] "Failed to load asset 'sprites-9ed191be7066562fca338bb08b9d5fd22164b31de0e63ab5ec14414519795644.bmp.lzma': I/O error on file C:/Users/guilh/Desktop/Tibia 11.44.5516/assets/sprites-9ed191be7066562fca338bb08b9d5fd22164b31de0e63ab5ec14414519795644.bmp.lzma: No such file or directory"
[ 23:20:12,374 ] Update failed. Please reinstall Tibia to update your client.
[ 23:20:12,381 ] "Failed to load asset 'sprites-d5a5b12f5cacc5206cc58af23c7e0a019dc0eb4b95e26ee0012eaca009d76ccb.bmp.lzma': I/O error on file C:/Users/guilh/Desktop/Tibia 11.44.5516/assets/sprites-d5a5b12f5cacc5206cc58af23c7e0a019dc0eb4b95e26ee0012eaca009d76ccb.bmp.lzma: No such file or directory"
[ 23:20:12,381 ] Update failed. Please reinstall Tibia to update your client.
[ 23:20:12,387 ] "Failed to load asset 'sprites-b5905bab91277781a3a324a8df55d9a3bbc8acbad1f7b814eae2ce5f0066ea9a.bmp.lzma': I/O error on file C:/Users/guilh/Desktop/Tibia 11.44.5516/assets/sprites-b5905bab91277781a3a324a8df55d9a3bbc8acbad1f7b814eae2ce5f0066ea9a.bmp.lzma: No such file or directory"
[ 23:20:12,388 ] Update failed. Please reinstall Tibia to update your client.
[ 23:20:12,393 ] "Failed to load asset 'sprites-a941322c0a22a878ff96c0021e09034fecfcc370a4fdd3b8cf859782533d6dc7.bmp.lzma': I/O error on file C:/Users/guilh/Desktop/Tibia 11.44.5516/assets/sprites-a941322c0a22a878ff96c0021e09034fecfcc370a4fdd3b8cf859782533d6dc7.bmp.lzma: No such file or directory"
[ 23:20:12,394 ] Update failed. Please reinstall Tibia to update your client.
[ 23:20:12,399 ] "Failed to load asset 'sprites-9db0354231778fa3fefb374d537b2e530d71ea47bdda3c31a9b24f72716ee615.bmp.lzma': I/O error on file C:/Users/guilh/Desktop/Tibia 11.44.5516/assets/sprites-9db0354231778fa3fefb374d537b2e530d71ea47bdda3c31a9b24f72716ee615.bmp.lzma: No such file or directory"
[ 23:20:12,400 ] Update failed. Please reinstall Tibia to update your client.
[ 23:20:12,405 ] "Failed to load asset 'sprites-8a0aa74f22aebe0be651fe28ace1ea4610322cfcf030116494d6a90a1b21112c.bmp.lzma': I/O error on file C:/Users/guilh/Desktop/Tibia 11.44.5516/assets/sprites-8a0aa74f22aebe0be651fe28ace1ea4610322cfcf030116494d6a90a1b21112c.bmp.lzma: No such file or directory"
[ 23:20:12,406 ] Update failed. Please reinstall Tibia to update your client.
[ 23:20:12,411 ] "Failed to load asset 'sprites-78a01b66ac052003ff6e7db13117725b54cbcb6fd88d1ab17e4dec359b2354a6.bmp.lzma': I/O error on file C:/Users/guilh/Desktop/Tibia 11.44.5516/assets/sprites-78a01b66ac052003ff6e7db13117725b54cbcb6fd88d1ab17e4dec359b2354a6.bmp.lzma: No such file or directory"
[ 23:20:12,412 ] Update failed. Please reinstall Tibia to update your client.
[ 23:20:12,417 ] "Failed to load asset 'sprites-e36f6066e4886b1311715a4153a5b20c17f42d5b59f35b869d65058114896ce8.bmp.lzma': I/O error on file C:/Users/guilh/Desktop/Tibia 11.44.5516/assets/sprites-e36f6066e4886b1311715a4153a5b20c17f42d5b59f35b869d65058114896ce8.bmp.lzma: No such file or directory"
[ 23:20:12,473 ] Update failed. Please reinstall Tibia to update your client.
[ 23:20:12,480 ] "Failed to load asset 'sprites-ad3b87e46865b3e4158af5973a31f2863f140e057e176b2cf0ba503ba5828bb4.bmp.lzma': I/O error on file C:/Users/guilh/Desktop/Tibia 11.44.5516/assets/sprites-ad3b87e46865b3e4158af5973a31f2863f140e057e176b2cf0ba503ba5828bb4.bmp.lzma: No such file or directory"
[ 23:20:12,481 ] Update failed. Please reinstall Tibia to update your client.
[ 23:20:12,489 ] "Failed to load asset 'sprites-92f779d32c89083ee7e68625d0e40c844e0337b84d146ad375eddeff284afe01.bmp.lzma': I/O error on file C:/Users/guilh/Desktop/Tibia 11.44.5516/assets/sprites-92f779d32c89083ee7e68625d0e40c844e0337b84d146ad375eddeff284afe01.bmp.lzma: No such file or directory"
[ 23:20:12,490 ] Update failed. Please reinstall Tibia to update your client.
[ 23:20:12,495 ] "Failed to load asset 'sprites-99b4bba7885be98afadc6e3d1e8150195284a3a6387b0b239e3450de593f2f77.bmp.lzma': I/O error on file C:/Users/guilh/Desktop/Tibia 11.44.5516/assets/sprites-99b4bba7885be98afadc6e3d1e8150195284a3a6387b0b239e3450de593f2f77.bmp.lzma: No such file or directory"
[ 23:20:12,496 ] Update failed. Please reinstall Tibia to update your client.
[ 23:20:12,502 ] "Failed to load asset 'sprites-b054623ff6dd78568d9f9a54f3c45f2cea3036c1d0607cd8396193eb13a54576.bmp.lzma': I/O error on file C:/Users/guilh/Desktop/Tibia 11.44.5516/assets/sprites-b054623ff6dd78568d9f9a54f3c45f2cea3036c1d0607cd8396193eb13a54576.bmp.lzma: No such file or directory"
[ 23:20:12,503 ] Update failed. Please reinstall Tibia to update your client.
[ 23:20:12,508 ] "Failed to load asset 'sprites-ac3f184d1868d72ba0d41a73d213bf0bb9876b69c5f1c865881a4abd22693678.bmp.lzma': I/O error on file C:/Users/guilh/Desktop/Tibia 11.44.5516/assets/sprites-ac3f184d1868d72ba0d41a73d213bf0bb9876b69c5f1c865881a4abd22693678.bmp.lzma: No such file or directory"
[ 23:20:12,509 ] Update failed. Please reinstall Tibia to update your client.
[ 23:20:12,514 ] "Failed to load asset 'sprites-9e0b01ccd6d2585e8aa38c71e925ed5b2ea64b2b6565b33c588a50d7ea2f3054.bmp.lzma': I/O error on file C:/Users/guilh/Desktop/Tibia 11.44.5516/assets/sprites-9e0b01ccd6d2585e8aa38c71e925ed5b2ea64b2b6565b33c588a50d7ea2f3054.bmp.lzma: No such file or directory"
[ 23:20:12,515 ] Update failed. Please reinstall Tibia to update your client.
[ 23:20:12,520 ] "Failed to load asset 'sprites-7de1b95d8a7dcaf1dacaba018ef5142de4640972ff4da10fb83bda48b13e842d.bmp.lzma': I/O error on file C:/Users/guilh/Desktop/Tibia 11.44.5516/assets/sprites-7de1b95d8a7dcaf1dacaba018ef5142de4640972ff4da10fb83bda48b13e842d.bmp.lzma: No such file or directory"
[ 23:20:12,521 ] Update failed. Please reinstall Tibia to update your client.
[ 23:20:12,526 ] "Failed to load asset 'sprites-e21901f63cea46a7d01f27017ccedd253aa32133c9c4c41c1c98346752fcc43c.bmp.lzma': I/O error on file C:/Users/guilh/Desktop/Tibia 11.44.5516/assets/sprites-e21901f63cea46a7d01f27017ccedd253aa32133c9c4c41c1c98346752fcc43c.bmp.lzma: No such file or directory"
[ 23:20:12,527 ] Update failed. Please reinstall Tibia to update your client.
[ 23:20:12,532 ] "Failed to load asset 'sprites-911cf7fd478656909639c0294af3c02722a611e54ffb8b0c27163713d692beb6.bmp.lzma': I/O error on file C:/Users/guilh/Desktop/Tibia 11.44.5516/assets/sprites-911cf7fd478656909639c0294af3c02722a611e54ffb8b0c27163713d692beb6.bmp.lzma: No such file or directory"
[ 23:20:12,533 ] Update failed. Please reinstall Tibia to update your client.
[ 23:20:12,538 ] "Failed to load asset 'sprites-75e50c5c9d69db9f82ae031b4c9d544baa362148f17786711f68eb31eb4a08a1.bmp.lzma': I/O error on file C:/Users/guilh/Desktop/Tibia 11.44.5516/assets/sprites-75e50c5c9d69db9f82ae031b4c9d544baa362148f17786711f68eb31eb4a08a1.bmp.lzma: No such file or directory"
[ 23:20:12,539 ] Update failed. Please reinstall Tibia to update your client.
[ 23:20:12,542 ] "Failed to load asset 'sprites-c464ad6530f42ba7f1ba22db00a07cf1f396fb2bbfb492bd6f336761987a9f94.bmp.lzma': I/O error on file C:/Users/guilh/Desktop/Tibia 11.44.5516/assets/sprites-c464ad6530f42ba7f1ba22db00a07cf1f396fb2bbfb492bd6f336761987a9f94.bmp.lzma: No such file or directory"
[ 23:20:12,543 ] Update failed. Please reinstall Tibia to update your client.
[ 23:20:12,548 ] "Failed to load asset 'sprites-c6b12d4c7041c3999de66baa956143dfa2635f84d1e3fd83367aa106d2da6bc7.bmp.lzma': I/O error on file C:/Users/guilh/Desktop/Tibia 11.44.5516/assets/sprites-c6b12d4c7041c3999de66baa956143dfa2635f84d1e3fd83367aa106d2da6bc7.bmp.lzma: No such file or directory"
[ 23:20:12,549 ] Update failed. Please reinstall Tibia to update your client.
[ 23:20:12,553 ] "Failed to load asset 'sprites-a4159bd26e40a03dcdc03d613d34d9921c1563b0792931f7160ab42eedcfbf72.bmp.lzma': I/O error on file C:/Users/guilh/Desktop/Tibia 11.44.5516/assets/sprites-a4159bd26e40a03dcdc03d613d34d9921c1563b0792931f7160ab42eedcfbf72.bmp.lzma: No such file or directory"
[ 23:20:12,554 ] Update failed. Please reinstall Tibia to update your client.
[ 23:20:12,559 ] "Failed to load asset 'sprites-a4ffdd5490c29c8663b1f1a8e7d09723645986ca31d5a9f8cc2001bb58ebd69e.bmp.lzma': I/O error on file C:/Users/guilh/Desktop/Tibia 11.44.5516/assets/sprites-a4ffdd5490c29c8663b1f1a8e7d09723645986ca31d5a9f8cc2001bb58ebd69e.bmp.lzma: No such file or directory"
[ 23:20:12,560 ] Update failed. Please reinstall Tibia to update your client.
[ 23:20:12,564 ] "Failed to load asset 'sprites-d742c02fadcc8b1b7d601becafa2e6558d87550454eb4e9aa097c5a6ca264da4.bmp.lzma': I/O error on file C:/Users/guilh/Desktop/Tibia 11.44.5516/assets/sprites-d742c02fadcc8b1b7d601becafa2e6558d87550454eb4e9aa097c5a6ca264da4.bmp.lzma: No such file or directory"
[ 23:20:12,565 ] Update failed. Please reinstall Tibia to update your client.
[ 23:20:12,569 ] "Failed to load asset 'sprites-b77d705f2f6fd1e0f585d4167d6d08a6020662e1d19b1e6714a9bc272e860494.bmp.lzma': I/O error on file C:/Users/guilh/Desktop/Tibia 11.44.5516/assets/sprites-b77d705f2f6fd1e0f585d4167d6d08a6020662e1d19b1e6714a9bc272e860494.bmp.lzma: No such file or directory"
[ 23:20:12,569 ] Update failed. Please reinstall Tibia to update your client.
[ 23:20:12,574 ] "Failed to load asset 'sprites-a75ba09d9c1dec4bad74357e3c38e11fb4538a83ec4916bee017f99f997dfe92.bmp.lzma': I/O error on file C:/Users/guilh/Desktop/Tibia 11.44.5516/assets/sprites-a75ba09d9c1dec4bad74357e3c38e11fb4538a83ec4916bee017f99f997dfe92.bmp.lzma: No such file or directory"
[ 23:20:12,575 ] Update failed. Please reinstall Tibia to update your client.
[ 23:20:12,579 ] "Failed to load asset 'sprites-d757bff6ba9bc7d5db97bf621eb4d28aa7aeea0fcf5087418c24dcc969ae3591.bmp.lzma': I/O error on file C:/Users/guilh/Desktop/Tibia 11.44.5516/assets/sprites-d757bff6ba9bc7d5db97bf621eb4d28aa7aeea0fcf5087418c24dcc969ae3591.bmp.lzma: No such file or directory"
[ 23:20:12,580 ] Update failed. Please reinstall Tibia to update your client.
[ 23:20:12,583 ] "Failed to load asset 'sprites-799c462c212aefee04700b61fed7083e1b3b2b3e522f97bbe5134695d2d1de49.bmp.lzma': I/O error on file C:/Users/guilh/Desktop/Tibia 11.44.5516/assets/sprites-799c462c212aefee04700b61fed7083e1b3b2b3e522f97bbe5134695d2d1de49.bmp.lzma: No such file or directory"
[ 23:20:12,584 ] Update failed. Please reinstall Tibia to update your client.
[ 23:20:12,587 ] "Failed to load asset 'sprites-94b0d997b4a9c3a0af37f3013570c6501bd11ef2036614794c8d534899911a1a.bmp.lzma': I/O error on file C:/Users/guilh/Desktop/Tibia 11.44.5516/assets/sprites-94b0d997b4a9c3a0af37f3013570c6501bd11ef2036614794c8d534899911a1a.bmp.lzma: No such file or directory"
[ 23:20:12,588 ] Update failed. Please reinstall Tibia to update your client.
[ 23:20:12,591 ] "Failed to load asset 'sprites-8623fd0974df99e6fe9dad5586136f700630edb6c43823e0ca29dc75c33d6def.bmp.lzma': I/O error on file C:/Users/guilh/Desktop/Tibia 11.44.5516/assets/sprites-8623fd0974df99e6fe9dad5586136f700630edb6c43823e0ca29dc75c33d6def.bmp.lzma: No such file or directory"
[ 23:20:12,592 ] Update failed. Please reinstall Tibia to update your client.
[ 23:20:12,596 ] "Failed to load asset 'sprites-c864d247a80366a6e472458515b1a24b81dd57edcf9d98bdd54b00835f789d1f.bmp.lzma': I/O error on file C:/Users/guilh/Desktop/Tibia 11.44.5516/assets/sprites-c864d247a80366a6e472458515b1a24b81dd57edcf9d98bdd54b00835f789d1f.bmp.lzma: No such file or directory"
[ 23:20:12,597 ] Update failed. Please reinstall Tibia to update your client.
[ 23:20:12,600 ] "Failed to load asset 'sprites-713614aef01e95a075d3d8ad31b935890ec97d1d7a3aeaa43d6c1b83add55a66.bmp.lzma': I/O error on file C:/Users/guilh/Desktop/Tibia 11.44.5516/assets/sprites-713614aef01e95a075d3d8ad31b935890ec97d1d7a3aeaa43d6c1b83add55a66.bmp.lzma: No such file or directory"
[ 23:20:12,601 ] Update failed. Please reinstall Tibia to update your client.
[ 23:20:12,604 ] "Failed to load asset 'sprites-fa5b468d8c7ca50c6177d6da1061a18e54d85d1aa207457fb3983af3c8d6c115.bmp.lzma': I/O error on file C:/Users/guilh/Desktop/Tibia 11.44.5516/assets/sprites-fa5b468d8c7ca50c6177d6da1061a18e54d85d1aa207457fb3983af3c8d6c115.bmp.lzma: No such file or directory"
[ 23:20:12,605 ] Update failed. Please reinstall Tibia to update your client.
[ 23:20:12,608 ] "Failed to load asset 'sprites-98553b5e5b0b5c1483a83dd8a21679141292726e074e0ba7be468e4f509b1916.bmp.lzma': I/O error on file C:/Users/guilh/Desktop/Tibia 11.44.5516/assets/sprites-98553b5e5b0b5c1483a83dd8a21679141292726e074e0ba7be468e4f509b1916.bmp.lzma: No such file or directory"
[ 23:20:12,609 ] Update failed. Please reinstall Tibia to update your client.
[ 23:20:12,614 ] "Failed to load asset 'sprites-733614cc45ea208d0b957ea46034a90d1804120499eaf118628ceee4593212c7.bmp.lzma': I/O error on file C:/Users/guilh/Desktop/Tibia 11.44.5516/assets/sprites-733614cc45ea208d0b957ea46034a90d1804120499eaf118628ceee4593212c7.bmp.lzma: No such file or directory"
[ 23:20:12,615 ] Update failed. Please reinstall Tibia to update your client.
[ 23:20:12,620 ] "Failed to load asset 'sprites-dd1c9a7cbc36f0e68f66643285103f007cc3a17becb44389f4102d47293d7918.bmp.lzma': I/O error on file C:/Users/guilh/Desktop/Tibia 11.44.5516/assets/sprites-dd1c9a7cbc36f0e68f66643285103f007cc3a17becb44389f4102d47293d7918.bmp.lzma: No such file or directory"
[ 23:20:12,621 ] Update failed. Please reinstall Tibia to update your client.
[ 23:20:12,626 ] "Failed to load asset 'sprites-a260da82da55d580b4bb95ca662cb03bd096d37d762a702af8b2b0dac6dd8792.bmp.lzma': I/O error on file C:/Users/guilh/Desktop/Tibia 11.44.5516/assets/sprites-a260da82da55d580b4bb95ca662cb03bd096d37d762a702af8b2b0dac6dd8792.bmp.lzma: No such file or directory"
[ 23:20:12,627 ] Update failed. Please reinstall Tibia to update your client.
[ 23:20:12,631 ] "Failed to load asset 'sprites-7ecd98ded281dd39a5e5d8f1c27f77271cc5489f521ca741dc90ff1058f0a351.bmp.lzma': I/O error on file C:/Users/guilh/Desktop/Tibia 11.44.5516/assets/sprites-7ecd98ded281dd39a5e5d8f1c27f77271cc5489f521ca741dc90ff1058f0a351.bmp.lzma: No such file or directory"
[ 23:20:12,632 ] Update failed. Please reinstall Tibia to update your client.
[ 23:20:12,636 ] "Failed to load asset 'sprites-c24d4b2b775cbfa5dbed3e2b9f9e7c04cc16ccbcaf21d5001fab72655138210d.bmp.lzma': I/O error on file C:/Users/guilh/Desktop/Tibia 11.44.5516/assets/sprites-c24d4b2b775cbfa5dbed3e2b9f9e7c04cc16ccbcaf21d5001fab72655138210d.bmp.lzma: No such file or directory"
[ 23:20:12,637 ] Update failed. Please reinstall Tibia to update your client.
[ 23:20:12,700 ] "Failed to load asset 'sprites-f0b0a5a2d2bfb346e0e32974c3ad7789cbef19274e518c256a5dd65e94807185.bmp.lzma': I/O error on file C:/Users/guilh/Desktop/Tibia 11.44.5516/assets/sprites-f0b0a5a2d2bfb346e0e32974c3ad7789cbef19274e518c256a5dd65e94807185.bmp.lzma: No such file or directory"
[ 23:20:12,701 ] Update failed. Please reinstall Tibia to update your client.
[ 23:20:12,714 ] "Failed to load asset 'sprites-a52a0e58acd760d5dbf232c0380f90fb0608dcec257fc914e9962c3a8f4a5ca9.bmp.lzma': I/O error on file C:/Users/guilh/Desktop/Tibia 11.44.5516/assets/sprites-a52a0e58acd760d5dbf232c0380f90fb0608dcec257fc914e9962c3a8f4a5ca9.bmp.lzma: No such file or directory"
[ 23:20:12,715 ] Update failed. Please reinstall Tibia to update your client.
[ 23:20:12,718 ] "Failed to load asset 'sprites-9c8f974236aa3cd39e21d5e89cbf7c35fcf8530c08755821d13ef21dd29c123c.bmp.lzma': I/O error on file C:/Users/guilh/Desktop/Tibia 11.44.5516/assets/sprites-9c8f974236aa3cd39e21d5e89cbf7c35fcf8530c08755821d13ef21dd29c123c.bmp.lzma: No such file or directory"
[ 23:20:12,719 ] Update failed. Please reinstall Tibia to update your client.
[ 23:20:12,724 ] "Failed to load asset 'sprites-a75dc164f198528a039befb8d8e2f2cc77b290c610f7f192f592ea599cc365d7.bmp.lzma': I/O error on file C:/Users/guilh/Desktop/Tibia 11.44.5516/assets/sprites-a75dc164f198528a039befb8d8e2f2cc77b290c610f7f192f592ea599cc365d7.bmp.lzma: No such file or directory"
[ 23:20:12,724 ] Update failed. Please reinstall Tibia to update your client.
[ 23:20:12,729 ] "Failed to load asset 'sprites-fcaeca89350f2bbf6c742832051dc1a3ff800c89e3d69f648b8d0a5e4954f07e.bmp.lzma': I/O error on file C:/Users/guilh/Desktop/Tibia 11.44.5516/assets/sprites-fcaeca89350f2bbf6c742832051dc1a3ff800c89e3d69f648b8d0a5e4954f07e.bmp.lzma: No such file or directory"
[ 23:20:12,729 ] Update failed. Please reinstall Tibia to update your client.
[ 23:20:12,732 ] "Failed to load asset 'sprites-c9b9e142c8d8203c05ea4104c3e3cff57dff5fa959b05bb74a75886694624baf.bmp.lzma': I/O error on file C:/Users/guilh/Desktop/Tibia 11.44.5516/assets/sprites-c9b9e142c8d8203c05ea4104c3e3cff57dff5fa959b05bb74a75886694624baf.bmp.lzma: No such file or directory"
[ 23:20:12,733 ] Update failed. Please reinstall Tibia to update your client.
[ 23:20:12,736 ] "Failed to load asset 'sprites-8710a24b3f0b07799553144efcbb0d101ac9d473676bb7cb7bf6739a7291fd20.bmp.lzma': I/O error on file C:/Users/guilh/Desktop/Tibia 11.44.5516/assets/sprites-8710a24b3f0b07799553144efcbb0d101ac9d473676bb7cb7bf6739a7291fd20.bmp.lzma: No such file or directory"
[ 23:20:12,737 ] Update failed. Please reinstall Tibia to update your client.
[ 23:20:12,740 ] "Failed to load asset 'sprites-81531a425f7cc7b431be465aec6ceb2dcd7268f60789f865c45fdb16b281d957.bmp.lzma': I/O error on file C:/Users/guilh/Desktop/Tibia 11.44.5516/assets/sprites-81531a425f7cc7b431be465aec6ceb2dcd7268f60789f865c45fdb16b281d957.bmp.lzma: No such file or directory"
[ 23:20:12,741 ] Update failed. Please reinstall Tibia to update your client.
[ 23:20:12,744 ] "Failed to load asset 'sprites-a494cf4fbc90b0674132ebce92dd8706a482f8a40dcc67f3e98445ffa335974e.bmp.lzma': I/O error on file C:/Users/guilh/Desktop/Tibia 11.44.5516/assets/sprites-a494cf4fbc90b0674132ebce92dd8706a482f8a40dcc67f3e98445ffa335974e.bmp.lzma: No such file or directory"
[ 23:20:12,745 ] Update failed. Please reinstall Tibia to update your client.
[ 23:20:12,749 ] "Failed to load asset 'sprites-bdde00832809b816c2fe378ad8ed4684fccf10de68f6c4f7bf4f72cc7e157070.bmp.lzma': I/O error on file C:/Users/guilh/Desktop/Tibia 11.44.5516/assets/sprites-bdde00832809b816c2fe378ad8ed4684fccf10de68f6c4f7bf4f72cc7e157070.bmp.lzma: No such file or directory"
[ 23:20:12,750 ] Update failed. Please reinstall Tibia to update your client.
[ 23:20:12,754 ] "Failed to load asset 'sprites-ce91c3c379eafcbb86177cf77cb23654cf8f60b4553f7d9f8aac7d006284a276.bmp.lzma': I/O error on file C:/Users/guilh/Desktop/Tibia 11.44.5516/assets/sprites-ce91c3c379eafcbb86177cf77cb23654cf8f60b4553f7d9f8aac7d006284a276.bmp.lzma: No such file or directory"
[ 23:20:12,754 ] Update failed. Please reinstall Tibia to update your client.
[ 23:20:12,758 ] "Failed to load asset 'sprites-82a0ef144f048a722226ab09b9e0dad8a483f85689803dd0c8aaece552f3f1d3.bmp.lzma': I/O error on file C:/Users/guilh/Desktop/Tibia 11.44.5516/assets/sprites-82a0ef144f048a722226ab09b9e0dad8a483f85689803dd0c8aaece552f3f1d3.bmp.lzma: No such file or directory"
[ 23:20:12,758 ] Update failed. Please reinstall Tibia to update your client.
[ 23:20:12,763 ] "Failed to load asset 'sprites-6e7145b505eaaec93e17058d4c59c12d241b2a93679b978ecca5ca754aa98fe3.bmp.lzma': I/O error on file C:/Users/guilh/Desktop/Tibia 11.44.5516/assets/sprites-6e7145b505eaaec93e17058d4c59c12d241b2a93679b978ecca5ca754aa98fe3.bmp.lzma: No such file or directory"
[ 23:20:12,764 ] Update failed. Please reinstall Tibia to update your client.
[ 23:20:12,771 ] "Failed to load asset 'sprites-81dcd7765c0f38c5ac5c4d4fe766a564d2cfbc64ed277201ccdae0bc8f33a01f.bmp.lzma': I/O error on file C:/Users/guilh/Desktop/Tibia 11.44.5516/assets/sprites-81dcd7765c0f38c5ac5c4d4fe766a564d2cfbc64ed277201ccdae0bc8f33a01f.bmp.lzma: No such file or directory"
[ 23:20:12,772 ] Update failed. Please reinstall Tibia to update your client.
[ 23:20:12,776 ] "Failed to load asset 'sprites-7cef3ccb9f01e37cfbb1121727999fae95f360eb64979d59317f0bff58a23210.bmp.lzma': I/O error on file C:/Users/guilh/Desktop/Tibia 11.44.5516/assets/sprites-7cef3ccb9f01e37cfbb1121727999fae95f360eb64979d59317f0bff58a23210.bmp.lzma: No such file or directory"
[ 23:20:12,777 ] Update failed. Please reinstall Tibia to update your client.
[ 23:20:12,781 ] "Failed to load asset 'sprites-d51197326ab815b717f8325a30c9d7cc86c83dd3b10c989d70cb9f327b0813c0.bmp.lzma': I/O error on file C:/Users/guilh/Desktop/Tibia 11.44.5516/assets/sprites-d51197326ab815b717f8325a30c9d7cc86c83dd3b10c989d70cb9f327b0813c0.bmp.lzma: No such file or directory"
[ 23:20:12,782 ] Update failed. Please reinstall Tibia to update your client.
[ 23:20:12,785 ] "Failed to load asset 'sprites-b3854654f11627910b10a0cf8cdffda317edc855fb93fdba8e641e47d00c5fbc.bmp.lzma': I/O error on file C:/Users/guilh/Desktop/Tibia 11.44.5516/assets/sprites-b3854654f11627910b10a0cf8cdffda317edc855fb93fdba8e641e47d00c5fbc.bmp.lzma: No such file or directory"
[ 23:20:12,786 ] Update failed. Please reinstall Tibia to update your client.
[ 23:20:12,791 ] "Failed to load asset 'sprites-edd8ee1daa8cbbcb3fed1923c50fe54a1763da7134132e9ddf079d86ce3143d9.bmp.lzma': I/O error on file C:/Users/guilh/Desktop/Tibia 11.44.5516/assets/sprites-edd8ee1daa8cbbcb3fed1923c50fe54a1763da7134132e9ddf079d86ce3143d9.bmp.lzma: No such file or directory"
[ 23:20:12,792 ] Update failed. Please reinstall Tibia to update your client.
[ 23:20:12,798 ] "Failed to load asset 'sprites-993ca6aa68db61fc15730d0d15383cef936d0f2ac5864c9535ef6015c3e87e0c.bmp.lzma': I/O error on file C:/Users/guilh/Desktop/Tibia 11.44.5516/assets/sprites-993ca6aa68db61fc15730d0d15383cef936d0f2ac5864c9535ef6015c3e87e0c.bmp.lzma: No such file or directory"
[ 23:20:12,799 ] Update failed. Please reinstall Tibia to update your client.
[ 23:20:12,803 ] "Failed to load asset 'sprites-7b698e049778b1863886a6629290a2fd7fff6c307365a173bd1f6aa3c9bb6d0d.bmp.lzma': I/O error on file C:/Users/guilh/Desktop/Tibia 11.44.5516/assets/sprites-7b698e049778b1863886a6629290a2fd7fff6c307365a173bd1f6aa3c9bb6d0d.bmp.lzma: No such file or directory"
[ 23:20:12,804 ] Update failed. Please reinstall Tibia to update your client.
[ 23:20:12,807 ] "Failed to load asset 'sprites-ae5e7f86ff6d903d7b64b0d2b75048afaa6cae5db3668d1b141074b0d9e16e21.bmp.lzma': I/O error on file C:/Users/guilh/Desktop/Tibia 11.44.5516/assets/sprites-ae5e7f86ff6d903d7b64b0d2b75048afaa6cae5db3668d1b141074b0d9e16e21.bmp.lzma: No such file or directory"
[ 23:20:12,808 ] Update failed. Please reinstall Tibia to update your client.
[ 23:20:12,812 ] "Failed to load asset 'sprites-7d3c39bbec1b742b4bae617a1ba1790a9c1f6b103215f5438b283c74ad973d38.bmp.lzma': I/O error on file C:/Users/guilh/Desktop/Tibia 11.44.5516/assets/sprites-7d3c39bbec1b742b4bae617a1ba1790a9c1f6b103215f5438b283c74ad973d38.bmp.lzma: No such file or directory"
[ 23:20:12,813 ] Update failed. Please reinstall Tibia to update your client.
[ 23:20:12,818 ] "Failed to load asset 'sprites-9ee1013db3811c04ccbcadf4dd4668dd4bb446dac274c004d078474a2cd9f085.bmp.lzma': I/O error on file C:/Users/guilh/Desktop/Tibia 11.44.5516/assets/sprites-9ee1013db3811c04ccbcadf4dd4668dd4bb446dac274c004d078474a2cd9f085.bmp.lzma: No such file or directory"
[ 23:20:12,819 ] Update failed. Please reinstall Tibia to update your client.
[ 23:20:12,824 ] "Failed to load asset 'sprites-e4f6d94e6b2453f45dbbb4de0808b386f060f0b0231be3651c8c3cc03ce2c2fe.bmp.lzma': I/O error on file C:/Users/guilh/Desktop/Tibia 11.44.5516/assets/sprites-e4f6d94e6b2453f45dbbb4de0808b386f060f0b0231be3651c8c3cc03ce2c2fe.bmp.lzma: No such file or directory"
[ 23:20:12,825 ] Update failed. Please reinstall Tibia to update your client.
[ 23:20:12,828 ] "Failed to load asset 'sprites-a9a595861e26856d51774f4e971fa992825529e15eab9542bba0e7a23b9f3c66.bmp.lzma': I/O error on file C:/Users/guilh/Desktop/Tibia 11.44.5516/assets/sprites-a9a595861e26856d51774f4e971fa992825529e15eab9542bba0e7a23b9f3c66.bmp.lzma: No such file or directory"
[ 23:20:12,829 ] Update failed. Please reinstall Tibia to update your client.
[ 23:20:12,834 ] "Failed to load asset 'sprites-ff53acb70d585dba9648219444995d39720c829b22da0b95c7e32354a392eaed.bmp.lzma': I/O error on file C:/Users/guilh/Desktop/Tibia 11.44.5516/assets/sprites-ff53acb70d585dba9648219444995d39720c829b22da0b95c7e32354a392eaed.bmp.lzma: No such file or directory"
[ 23:20:12,835 ] Update failed. Please reinstall Tibia to update your client.
[ 23:20:12,839 ] "Failed to load asset 'sprites-aa40bd8ae4c7d7660cfdf0ca76738938b5362bd96f4f65646838e7ca30d54c72.bmp.lzma': I/O error on file C:/Users/guilh/Desktop/Tibia 11.44.5516/assets/sprites-aa40bd8ae4c7d7660cfdf0ca76738938b5362bd96f4f65646838e7ca30d54c72.bmp.lzma: No such file or directory"
[ 23:20:12,839 ] Update failed. Please reinstall Tibia to update your client.
[ 23:20:12,842 ] "Failed to load asset 'sprites-9fab1a250072eab2510127997e878de566ff614f7150875fc6b0a749cacb661c.bmp.lzma': I/O error on file C:/Users/guilh/Desktop/Tibia 11.44.5516/assets/sprites-9fab1a250072eab2510127997e878de566ff614f7150875fc6b0a749cacb661c.bmp.lzma: No such file or directory"
[ 23:20:12,843 ] Update failed. Please reinstall Tibia to update your client.
[ 23:20:12,846 ] "Failed to load asset 'sprites-8c197024e1b5cb5e4acbfdfdadee96abe120e3d1ebf2599946072f25ec7e0f4c.bmp.lzma': I/O error on file C:/Users/guilh/Desktop/Tibia 11.44.5516/assets/sprites-8c197024e1b5cb5e4acbfdfdadee96abe120e3d1ebf2599946072f25ec7e0f4c.bmp.lzma: No such file or directory"
[ 23:20:12,847 ] Update failed. Please reinstall Tibia to update your client.
[ 23:20:12,852 ] "Failed to load asset 'sprites-d95e4469b5c607d5e686edb7e01f1878b9b4cc7f13ae4e083dbd302e2bcfb471.bmp.lzma': I/O error on file C:/Users/guilh/Desktop/Tibia 11.44.5516/assets/sprites-d95e4469b5c607d5e686edb7e01f1878b9b4cc7f13ae4e083dbd302e2bcfb471.bmp.lzma: No such file or directory"
[ 23:20:12,852 ] Update failed. Please reinstall Tibia to update your client.
[ 23:20:12,857 ] "Failed to load asset 'sprites-7c10904613258bbc4f2078e90a86f4f99945c5146320776cae34bf27a29444b3.bmp.lzma': I/O error on file C:/Users/guilh/Desktop/Tibia 11.44.5516/assets/sprites-7c10904613258bbc4f2078e90a86f4f99945c5146320776cae34bf27a29444b3.bmp.lzma: No such file or directory"
[ 23:20:12,858 ] Update failed. Please reinstall Tibia to update your client.
[ 23:20:12,863 ] "Failed to load asset 'sprites-a3244c295641ef557b04a9958068288a6bf95cdedd15a35f21602741a0668bda.bmp.lzma': I/O error on file C:/Users/guilh/Desktop/Tibia 11.44.5516/assets/sprites-a3244c295641ef557b04a9958068288a6bf95cdedd15a35f21602741a0668bda.bmp.lzma: No such file or directory"
[ 23:20:12,863 ] Update failed. Please reinstall Tibia to update your client.
[ 23:20:12,868 ] "Failed to load asset 'sprites-cb1d0bf7541f594e7ba96b25277fbf60bf2727defbab0d904c15b43cb382d075.bmp.lzma': I/O error on file C:/Users/guilh/Desktop/Tibia 11.44.5516/assets/sprites-cb1d0bf7541f594e7ba96b25277fbf60bf2727defbab0d904c15b43cb382d075.bmp.lzma: No such file or directory"
[ 23:20:12,869 ] Update failed. Please reinstall Tibia to update your client.
[ 23:20:12,872 ] "Failed to load asset 'sprites-d80abfb697588efcaf1bbf5fbc24c9a886d5b65688efa3582247465ffb7428f6.bmp.lzma': I/O error on file C:/Users/guilh/Desktop/Tibia 11.44.5516/assets/sprites-d80abfb697588efcaf1bbf5fbc24c9a886d5b65688efa3582247465ffb7428f6.bmp.lzma: No such file or directory"
[ 23:20:12,873 ] Update failed. Please reinstall Tibia to update your client.
[ 23:20:12,877 ] "Failed to load asset 'sprites-bfd460eac34be884f588a1c658015c9f02dff50cb2f59d15f1c233bea2ca6684.bmp.lzma': I/O error on file C:/Users/guilh/Desktop/Tibia 11.44.5516/assets/sprites-bfd460eac34be884f588a1c658015c9f02dff50cb2f59d15f1c233bea2ca6684.bmp.lzma: No such file or directory"
[ 23:20:12,878 ] Update failed. Please reinstall Tibia to update your client.
[ 23:20:12,882 ] "Failed to load asset 'sprites-ec3a0b30d63e1dbc195a4a44a93528371c9f803968ed67fd1686b2cfdfc3da2d.bmp.lzma': I/O error on file C:/Users/guilh/Desktop/Tibia 11.44.5516/assets/sprites-ec3a0b30d63e1dbc195a4a44a93528371c9f803968ed67fd1686b2cfdfc3da2d.bmp.lzma: No such file or directory"
[ 23:20:12,882 ] Update failed. Please reinstall Tibia to update your client.
[ 23:20:12,886 ] "Failed to load asset 'sprites-7fd7fedf73b95a5ce2c2868cc82d01d3c517be4bacd837ab467e0ce1f738ad6f.bmp.lzma': I/O error on file C:/Users/guilh/Desktop/Tibia 11.44.5516/assets/sprites-7fd7fedf73b95a5ce2c2868cc82d01d3c517be4bacd837ab467e0ce1f738ad6f.bmp.lzma: No such file or directory"
[ 23:20:12,887 ] Update failed. Please reinstall Tibia to update your client.
[ 23:20:12,891 ] "Failed to load asset 'sprites-afbfae18b441c2865ebd2dc9e4a435b16e410ff5e09afd98e45e29b9cac05f9f.bmp.lzma': I/O error on file C:/Users/guilh/Desktop/Tibia 11.44.5516/assets/sprites-afbfae18b441c2865ebd2dc9e4a435b16e410ff5e09afd98e45e29b9cac05f9f.bmp.lzma: No such file or directory"
[ 23:20:12,891 ] Update failed. Please reinstall Tibia to update your client.
[ 23:20:12,895 ] "Failed to load asset 'sprites-8d492e7f7cefa8a6be723cf73f7e3745676ab435e0ce767282338d7600d96e5f.bmp.lzma': I/O error on file C:/Users/guilh/Desktop/Tibia 11.44.5516/assets/sprites-8d492e7f7cefa8a6be723cf73f7e3745676ab435e0ce767282338d7600d96e5f.bmp.lzma: No such file or directory"
[ 23:20:12,896 ] Update failed. Please reinstall Tibia to update your client.
[ 23:20:12,899 ] "Failed to load asset 'sprites-96a3a6ec13feb718cb01e44e194c63099cb881a2d99943d8180d4f0d37a31fff.bmp.lzma': I/O error on file C:/Users/guilh/Desktop/Tibia 11.44.5516/assets/sprites-96a3a6ec13feb718cb01e44e194c63099cb881a2d99943d8180d4f0d37a31fff.bmp.lzma: No such file or directory"
[ 23:20:12,899 ] Update failed. Please reinstall Tibia to update your client.
[ 23:20:12,903 ] "Failed to load asset 'sprites-90ec940283698589557bb0b2eb4e12fd0efb5d4a61096fce64fc2ae5448752cf.bmp.lzma': I/O error on file C:/Users/guilh/Desktop/Tibia 11.44.5516/assets/sprites-90ec940283698589557bb0b2eb4e12fd0efb5d4a61096fce64fc2ae5448752cf.bmp.lzma: No such file or directory"
[ 23:20:12,904 ] Update failed. Please reinstall Tibia to update your client.
[ 23:20:12,907 ] "Failed to load asset 'sprites-bba95df3732f3b77bc6a35691affdce2447d331c7dfba3f19728107abaaaa68f.bmp.lzma': I/O error on file C:/Users/guilh/Desktop/Tibia 11.44.5516/assets/sprites-bba95df3732f3b77bc6a35691affdce2447d331c7dfba3f19728107abaaaa68f.bmp.lzma: No such file or directory"
[ 23:20:12,908 ] Update failed. Please reinstall Tibia to update your client.
[ 23:20:12,912 ] "Failed to load asset 'sprites-b5d9996f2f74f231bd571bfe66539e21ff3bda3e9f0f85c1c4ea42104e3a31c1.bmp.lzma': I/O error on file C:/Users/guilh/Desktop/Tibia 11.44.5516/assets/sprites-b5d9996f2f74f231bd571bfe66539e21ff3bda3e9f0f85c1c4ea42104e3a31c1.bmp.lzma: No such file or directory"
[ 23:20:12,913 ] Update failed. Please reinstall Tibia to update your client.
[ 23:20:12,918 ] "Failed to load asset 'sprites-dac742b60c423db8d0a6edffcdbcbaae49c8474a6eaaafd6dc5b8dec932ea638.bmp.lzma': I/O error on file C:/Users/guilh/Desktop/Tibia 11.44.5516/assets/sprites-dac742b60c423db8d0a6edffcdbcbaae49c8474a6eaaafd6dc5b8dec932ea638.bmp.lzma: No such file or directory"
[ 23:20:12,919 ] Update failed. Please reinstall Tibia to update your client.
[ 23:20:12,922 ] "Failed to load asset 'sprites-af647c3e7b0c6d7f205f876af40c86c9ad74465bc926c000711ef0b67aeffa2a.bmp.lzma': I/O error on file C:/Users/guilh/Desktop/Tibia 11.44.5516/assets/sprites-af647c3e7b0c6d7f205f876af40c86c9ad74465bc926c000711ef0b67aeffa2a.bmp.lzma: No such file or directory"
[ 23:20:12,923 ] Update failed. Please reinstall Tibia to update your client.
[ 23:20:12,928 ] "Failed to load asset 'sprites-ee4b23a9684fc636a3dd1074cb3ccbce7b31dc6f2ffa19b1d002776329bdd196.bmp.lzma': I/O error on file C:/Users/guilh/Desktop/Tibia 11.44.5516/assets/sprites-ee4b23a9684fc636a3dd1074cb3ccbce7b31dc6f2ffa19b1d002776329bdd196.bmp.lzma: No such file or directory"
[ 23:20:12,928 ] Update failed. Please reinstall Tibia to update your client.
[ 23:20:12,933 ] "Failed to load asset 'sprites-cec9bd39723bc9bc689c8f3f5910b5bff7971a89e97507eb2b595f2400bdc479.bmp.lzma': I/O error on file C:/Users/guilh/Desktop/Tibia 11.44.5516/assets/sprites-cec9bd39723bc9bc689c8f3f5910b5bff7971a89e97507eb2b595f2400bdc479.bmp.lzma: No such file or directory"
[ 23:20:12,934 ] Update failed. Please reinstall Tibia to update your client.
[ 23:20:12,937 ] "Failed to load asset 'sprites-c778acd084a7d1a88eefd62f8b39e0c5bb0d5c50eccdcfa20c714927a570c852.bmp.lzma': I/O error on file C:/Users/guilh/Desktop/Tibia 11.44.5516/assets/sprites-c778acd084a7d1a88eefd62f8b39e0c5bb0d5c50eccdcfa20c714927a570c852.bmp.lzma: No such file or directory"
[ 23:20:12,938 ] Update failed. Please reinstall Tibia to update your client.
[ 23:20:12,941 ] "Failed to load asset 'sprites-79311d03d759f370e3b5702a763665523f3ed58b0cb789f2f56e48d5319809dc.bmp.lzma': I/O error on file C:/Users/guilh/Desktop/Tibia 11.44.5516/assets/sprites-79311d03d759f370e3b5702a763665523f3ed58b0cb789f2f56e48d5319809dc.bmp.lzma: No such file or directory"
[ 23:20:12,942 ] Update failed. Please reinstall Tibia to update your client.
[ 23:20:12,946 ] "Failed to load asset 'sprites-d58c04dc1f89b84515cca10a4e6a72afa052bbd657209d478a9786d32e0df8a0.bmp.lzma': I/O error on file C:/Users/guilh/Desktop/Tibia 11.44.5516/assets/sprites-d58c04dc1f89b84515cca10a4e6a72afa052bbd657209d478a9786d32e0df8a0.bmp.lzma: No such file or directory"
[ 23:20:12,947 ] Update failed. Please reinstall Tibia to update your client.
[ 23:20:12,951 ] "Failed to load asset 'sprites-8d638382ebef70d5b4e8073b4dbd4a111c692c6ae5f601011150e31324b373bd.bmp.lzma': I/O error on file C:/Users/guilh/Desktop/Tibia 11.44.5516/assets/sprites-8d638382ebef70d5b4e8073b4dbd4a111c692c6ae5f601011150e31324b373bd.bmp.lzma: No such file or directory"
[ 23:20:12,952 ] Update failed. Please reinstall Tibia to update your client.
[ 23:20:12,967 ] "Failed to load asset 'sprites-a1906721f57083faa1e74342f03afe18ee757d37a2e5b27321c9a131128abf82.bmp.lzma': I/O error on file C:/Users/guilh/Desktop/Tibia 11.44.5516/assets/sprites-a1906721f57083faa1e74342f03afe18ee757d37a2e5b27321c9a131128abf82.bmp.lzma: No such file or directory"
[ 23:20:12,968 ] Update failed. Please reinstall Tibia to update your client.
[ 23:20:12,973 ] "Failed to load asset 'sprites-8836d4972f5ca49a0bfafdbc6a9a84f9d93c9898a94b2e707187fa02c620e02b.bmp.lzma': I/O error on file C:/Users/guilh/Desktop/Tibia 11.44.5516/assets/sprites-8836d4972f5ca49a0bfafdbc6a9a84f9d93c9898a94b2e707187fa02c620e02b.bmp.lzma: No such file or directory"
[ 23:20:12,973 ] Update failed. Please reinstall Tibia to update your client.
[ 23:20:12,978 ] "Failed to load asset 'sprites-9f195ebb3c144e08449af5813b7c21706dc1c172692b3b013e1b32f648da8ca4.bmp.lzma': I/O error on file C:/Users/guilh/Desktop/Tibia 11.44.5516/assets/sprites-9f195ebb3c144e08449af5813b7c21706dc1c172692b3b013e1b32f648da8ca4.bmp.lzma: No such file or directory"
[ 23:20:12,978 ] Update failed. Please reinstall Tibia to update your client.
[ 23:20:12,984 ] "Failed to load asset 'sprites-aa66dd29133160cdfd819e08a15f9c8fec118908cdd3117774ebe06ce2b5ff24.bmp.lzma': I/O error on file C:/Users/guilh/Desktop/Tibia 11.44.5516/assets/sprites-aa66dd29133160cdfd819e08a15f9c8fec118908cdd3117774ebe06ce2b5ff24.bmp.lzma: No such file or directory"
[ 23:20:12,985 ] Update failed. Please reinstall Tibia to update your client.
[ 23:20:12,990 ] "Failed to load asset 'sprites-8fc9c1edd12f17955460246d1598cd0d9c9df1223f82e16a15ef9236f6601622.bmp.lzma': I/O error on file C:/Users/guilh/Desktop/Tibia 11.44.5516/assets/sprites-8fc9c1edd12f17955460246d1598cd0d9c9df1223f82e16a15ef9236f6601622.bmp.lzma: No such file or directory"
[ 23:20:12,991 ] Update failed. Please reinstall Tibia to update your client.
[ 23:20:12,995 ] "Failed to load asset 'sprites-c61b494a3df271d1aa9ddc5bb6ba77efdd8ba13425ab12e94dd6003265f0febe.bmp.lzma': I/O error on file C:/Users/guilh/Desktop/Tibia 11.44.5516/assets/sprites-c61b494a3df271d1aa9ddc5bb6ba77efdd8ba13425ab12e94dd6003265f0febe.bmp.lzma: No such file or directory"
[ 23:20:12,996 ] Update failed. Please reinstall Tibia to update your client.
[ 23:20:13,000 ] "Failed to load asset 'sprites-b0a14cc26ba825af55aa2a7d6494bd4eed5762c7fada9eb0c17ac1ec68f9df7a.bmp.lzma': I/O error on file C:/Users/guilh/Desktop/Tibia 11.44.5516/assets/sprites-b0a14cc26ba825af55aa2a7d6494bd4eed5762c7fada9eb0c17ac1ec68f9df7a.bmp.lzma: No such file or directory"
[ 23:20:13,001 ] Update failed. Please reinstall Tibia to update your client.
[ 23:20:13,006 ] "Failed to load asset 'sprites-7fd9493fccda9d299c5fa92792e53571707c9b5d80e81a22c21594d2ef3815ab.bmp.lzma': I/O error on file C:/Users/guilh/Desktop/Tibia 11.44.5516/assets/sprites-7fd9493fccda9d299c5fa92792e53571707c9b5d80e81a22c21594d2ef3815ab.bmp.lzma: No such file or directory"
[ 23:20:13,007 ] Update failed. Please reinstall Tibia to update your client.
[ 23:20:13,071 ] "Failed to load asset 'sprites-7b1dbba9d278a21bab84c4e371ae07bdb86899fdcb7134aa9d4b54a3fc8f7d7f.bmp.lzma': I/O error on file C:/Users/guilh/Desktop/Tibia 11.44.5516/assets/sprites-7b1dbba9d278a21bab84c4e371ae07bdb86899fdcb7134aa9d4b54a3fc8f7d7f.bmp.lzma: No such file or directory"
[ 23:20:13,072 ] Update failed. Please reinstall Tibia to update your client.
[ 23:20:13,078 ] "Failed to load asset 'sprites-dcb2417a87cb5dc3873b1181f0996255b77f412550736a13feb90f561483a1d1.bmp.lzma': I/O error on file C:/Users/guilh/Desktop/Tibia 11.44.5516/assets/sprites-dcb2417a87cb5dc3873b1181f0996255b77f412550736a13feb90f561483a1d1.bmp.lzma: No such file or directory"
[ 23:20:13,079 ] Update failed. Please reinstall Tibia to update your client.
[ 23:20:13,084 ] "Failed to load asset 'sprites-f7fbd4da47a8fdff534c1605b9802f192e07bb97921356a4abb012c4e18caadf.bmp.lzma': I/O error on file C:/Users/guilh/Desktop/Tibia 11.44.5516/assets/sprites-f7fbd4da47a8fdff534c1605b9802f192e07bb97921356a4abb012c4e18caadf.bmp.lzma: No such file or directory"
[ 23:20:13,085 ] Update failed. Please reinstall Tibia to update your client.
[ 23:20:13,089 ] "Failed to load asset 'sprites-77e5f31d9bed870ee7c915efb8fe3fc58521306558f9dd1cc84da8ebb2b9b7c9.bmp.lzma': I/O error on file C:/Users/guilh/Desktop/Tibia 11.44.5516/assets/sprites-77e5f31d9bed870ee7c915efb8fe3fc58521306558f9dd1cc84da8ebb2b9b7c9.bmp.lzma: No such file or directory"
[ 23:20:13,089 ] Update failed. Please reinstall Tibia to update your client.
[ 23:20:13,094 ] "Failed to load asset 'sprites-b5846ffbdeecac4a0e00e45cf324508a13d63cf1c1a64e9812243c551630afe7.bmp.lzma': I/O error on file C:/Users/guilh/Desktop/Tibia 11.44.5516/assets/sprites-b5846ffbdeecac4a0e00e45cf324508a13d63cf1c1a64e9812243c551630afe7.bmp.lzma: No such file or directory"
[ 23:20:13,095 ] Update failed. Please reinstall Tibia to update your client.
[ 23:20:13,100 ] "Failed to load asset 'sprites-6f183749d5df7d0474a3e725dca0e0b104360ccc038da16eb56af84142edfdef.bmp.lzma': I/O error on file C:/Users/guilh/Desktop/Tibia 11.44.5516/assets/sprites-6f183749d5df7d0474a3e725dca0e0b104360ccc038da16eb56af84142edfdef.bmp.lzma: No such file or directory"
[ 23:20:13,101 ] Update failed. Please reinstall Tibia to update your client.
[ 23:20:13,105 ] "Failed to load asset 'sprites-dcaff568a7f9ff679854188725f115d884547f8c8a91ab2b3e34e7d44d2e0816.bmp.lzma': I/O error on file C:/Users/guilh/Desktop/Tibia 11.44.5516/assets/sprites-dcaff568a7f9ff679854188725f115d884547f8c8a91ab2b3e34e7d44d2e0816.bmp.lzma: No such file or directory"
[ 23:20:13,106 ] Update failed. Please reinstall Tibia to update your client.
[ 23:20:13,111 ] "Failed to load asset 'sprites-9b19b2d00fa183b870c10b64949e9665e37f12891eaa175cc5bbcbe2e4d91a97.bmp.lzma': I/O error on file C:/Users/guilh/Desktop/Tibia 11.44.5516/assets/sprites-9b19b2d00fa183b870c10b64949e9665e37f12891eaa175cc5bbcbe2e4d91a97.bmp.lzma: No such file or directory"
[ 23:20:13,112 ] Update failed. Please reinstall Tibia to update your client.
[ 23:20:13,116 ] "Failed to load asset 'sprites-c7bedc272e52d68ba64ea15b9b8c4ea30b57627bde381ec60ea080dd205403f2.bmp.lzma': I/O error on file C:/Users/guilh/Desktop/Tibia 11.44.5516/assets/sprites-c7bedc272e52d68ba64ea15b9b8c4ea30b57627bde381ec60ea080dd205403f2.bmp.lzma: No such file or directory"
[ 23:20:13,117 ] Update failed. Please reinstall Tibia to update your client.
[ 23:20:13,121 ] "Failed to load asset 'sprites-fb191b76f2674f6c56676723f532a72e4f2150ef7b576611db416c09d546ffdb.bmp.lzma': I/O error on file C:/Users/guilh/Desktop/Tibia 11.44.5516/assets/sprites-fb191b76f2674f6c56676723f532a72e4f2150ef7b576611db416c09d546ffdb.bmp.lzma: No such file or directory"
[ 23:20:13,122 ] Update failed. Please reinstall Tibia to update your client.
[ 23:20:13,127 ] "Failed to load asset 'sprites-d4ae639340e66c49bbf3d164cdf1975e7c4615da1660b9b66781c86b8ed04520.bmp.lzma': I/O error on file C:/Users/guilh/Desktop/Tibia 11.44.5516/assets/sprites-d4ae639340e66c49bbf3d164cdf1975e7c4615da1660b9b66781c86b8ed04520.bmp.lzma: No such file or directory"
[ 23:20:13,128 ] Update failed. Please reinstall Tibia to update your client.
[ 23:20:13,132 ] "Failed to load asset 'sprites-84a2fe4cd4a5be37ae14acc431a4bd9327eb44ee779cd4f6c253ec331064b243.bmp.lzma': I/O error on file C:/Users/guilh/Desktop/Tibia 11.44.5516/assets/sprites-84a2fe4cd4a5be37ae14acc431a4bd9327eb44ee779cd4f6c253ec331064b243.bmp.lzma: No such file or directory"
[ 23:20:13,133 ] Update failed. Please reinstall Tibia to update your client.
[ 23:20:13,137 ] "Failed to load asset 'sprites-d6421f10ce6c432486659844e8f5459ff725116a5a003c4113470521d4b35af6.bmp.lzma': I/O error on file C:/Users/guilh/Desktop/Tibia 11.44.5516/assets/sprites-d6421f10ce6c432486659844e8f5459ff725116a5a003c4113470521d4b35af6.bmp.lzma: No such file or directory"
[ 23:20:13,138 ] Update failed. Please reinstall Tibia to update your client.
[ 23:20:13,142 ] "Failed to load asset 'sprites-9f59fd79e6a1315671b2b4e440cea774a52589caacb21114440450a3cefe5dac.bmp.lzma': I/O error on file C:/Users/guilh/Desktop/Tibia 11.44.5516/assets/sprites-9f59fd79e6a1315671b2b4e440cea774a52589caacb21114440450a3cefe5dac.bmp.lzma: No such file or directory"
[ 23:20:13,143 ] Update failed. Please reinstall Tibia to update your client.
[ 23:20:13,148 ] "Failed to load asset 'sprites-dc321cd4016759d79a05068ed7e169a0919ba1d78d720487b8cde2cccd5913ec.bmp.lzma': I/O error on file C:/Users/guilh/Desktop/Tibia 11.44.5516/assets/sprites-dc321cd4016759d79a05068ed7e169a0919ba1d78d720487b8cde2cccd5913ec.bmp.lzma: No such file or directory"
[ 23:20:13,149 ] Update failed. Please reinstall Tibia to update your client.
[ 23:20:13,155 ] "Failed to load asset 'sprites-eb8c0a885c92430d5fb90ed34e190448617323eada0758df40a10da0a500e90c.bmp.lzma': I/O error on file C:/Users/guilh/Desktop/Tibia 11.44.5516/assets/sprites-eb8c0a885c92430d5fb90ed34e190448617323eada0758df40a10da0a500e90c.bmp.lzma: No such file or directory"
[ 23:20:13,157 ] Update failed. Please reinstall Tibia to update your client.
[ 23:20:13,162 ] "Failed to load asset 'sprites-83cd7223e6f35acfd76a1dd0f3cabdedbdf8648a66c2b6325740df9bbb6973ec.bmp.lzma': I/O error on file C:/Users/guilh/Desktop/Tibia 11.44.5516/assets/sprites-83cd7223e6f35acfd76a1dd0f3cabdedbdf8648a66c2b6325740df9bbb6973ec.bmp.lzma: No such file or directory"
[ 23:20:13,162 ] Update failed. Please reinstall Tibia to update your client.
[ 23:20:13,168 ] "Failed to load asset 'sprites-86a3d81d101e1d11ad0e6c8d830d02c46d634fc8a1bfa4751174c8d6551e7c36.bmp.lzma': I/O error on file C:/Users/guilh/Desktop/Tibia 11.44.5516/assets/sprites-86a3d81d101e1d11ad0e6c8d830d02c46d634fc8a1bfa4751174c8d6551e7c36.bmp.lzma: No such file or directory"
[ 23:20:13,169 ] Update failed. Please reinstall Tibia to update your client.
[ 23:20:13,174 ] "Failed to load asset 'sprites-7f1cb614030ba0b3c3948411980d9a0e914bc7504a9bbe718985ac2e5e0e1616.bmp.lzma': I/O error on file C:/Users/guilh/Desktop/Tibia 11.44.5516/assets/sprites-7f1cb614030ba0b3c3948411980d9a0e914bc7504a9bbe718985ac2e5e0e1616.bmp.lzma: No such file or directory"
[ 23:20:13,175 ] Update failed. Please reinstall Tibia to update your client.
[ 23:20:13,179 ] "Failed to load asset 'sprites-7349b02ab09c651748d7df676de9c85dcec05962c93da683cbc3a3787a00ce28.bmp.lzma': I/O error on file C:/Users/guilh/Desktop/Tibia 11.44.5516/assets/sprites-7349b02ab09c651748d7df676de9c85dcec05962c93da683cbc3a3787a00ce28.bmp.lzma: No such file or directory"
[ 23:20:13,180 ] Update failed. Please reinstall Tibia to update your client.
[ 23:20:13,184 ] "Failed to load asset 'sprites-95d0127ede98c5414da7802628ccb7385971c01652a7f6bd285ecb6d44edf183.bmp.lzma': I/O error on file C:/Users/guilh/Desktop/Tibia 11.44.5516/assets/sprites-95d0127ede98c5414da7802628ccb7385971c01652a7f6bd285ecb6d44edf183.bmp.lzma: No such file or directory"
[ 23:20:13,184 ] Update failed. Please reinstall Tibia to update your client.
[ 23:20:13,188 ] "Failed to load asset 'sprites-f8e99b54520e0b36c3bed695ce11625adb9984f9ed4a984264d17d71865156c3.bmp.lzma': I/O error on file C:/Users/guilh/Desktop/Tibia 11.44.5516/assets/sprites-f8e99b54520e0b36c3bed695ce11625adb9984f9ed4a984264d17d71865156c3.bmp.lzma: No such file or directory"
[ 23:20:13,188 ] Update failed. Please reinstall Tibia to update your client.
[ 23:20:13,193 ] "Failed to load asset 'sprites-8e79337eb38aba6128032cec32643609c1cf2264d94fc32aa5bfae141f614945.bmp.lzma': I/O error on file C:/Users/guilh/Desktop/Tibia 11.44.5516/assets/sprites-8e79337eb38aba6128032cec32643609c1cf2264d94fc32aa5bfae141f614945.bmp.lzma: No such file or directory"
[ 23:20:13,194 ] Update failed. Please reinstall Tibia to update your client.
[ 23:20:13,199 ] "Failed to load asset 'sprites-d8e0cb25388f0c6fbcff10546a1cb2c16d02ef42f6e90bfadc9578164f9abfa9.bmp.lzma': I/O error on file C:/Users/guilh/Desktop/Tibia 11.44.5516/assets/sprites-d8e0cb25388f0c6fbcff10546a1cb2c16d02ef42f6e90bfadc9578164f9abfa9.bmp.lzma: No such file or directory"
[ 23:20:13,200 ] Update failed. Please reinstall Tibia to update your client.
[ 23:20:13,203 ] "Failed to load asset 'sprites-88a5b236dccbe9e1e35aca44bb139b16bf9a421594b5a704726113f77dee8cc9.bmp.lzma': I/O error on file C:/Users/guilh/Desktop/Tibia 11.44.5516/assets/sprites-88a5b236dccbe9e1e35aca44bb139b16bf9a421594b5a704726113f77dee8cc9.bmp.lzma: No such file or directory"
[ 23:20:13,204 ] Update failed. Please reinstall Tibia to update your client.
[ 23:20:13,208 ] "Failed to load asset 'sprites-8cfc4d361b906995c17aed6e4176f0b0e2707852138ec094cf10fe76bd2d9b18.bmp.lzma': I/O error on file C:/Users/guilh/Desktop/Tibia 11.44.5516/assets/sprites-8cfc4d361b906995c17aed6e4176f0b0e2707852138ec094cf10fe76bd2d9b18.bmp.lzma: No such file or directory"
[ 23:20:13,208 ] Update failed. Please reinstall Tibia to update your client.
[ 23:20:13,222 ] "Failed to load asset 'sprites-92cdacd738486f4d1d19ff3d76e34d6def4e36d1f877fe570fd4bd690cd47ad7.bmp.lzma': I/O error on file C:/Users/guilh/Desktop/Tibia 11.44.5516/assets/sprites-92cdacd738486f4d1d19ff3d76e34d6def4e36d1f877fe570fd4bd690cd47ad7.bmp.lzma: No such file or directory"
[ 23:20:13,223 ] Update failed. Please reinstall Tibia to update your client.
[ 23:20:13,227 ] "Failed to load asset 'sprites-9cfc73fd41206d75d13dbced6c14d7829dd11453210595088ccaa8a8afbfd2f3.bmp.lzma': I/O error on file C:/Users/guilh/Desktop/Tibia 11.44.5516/assets/sprites-9cfc73fd41206d75d13dbced6c14d7829dd11453210595088ccaa8a8afbfd2f3.bmp.lzma: No such file or directory"
[ 23:20:13,228 ] Update failed. Please reinstall Tibia to update your client.
[ 23:20:13,232 ] "Failed to load asset 'sprites-f97436342302d6419ebf463910a033c2bf83a965b1732e23f8d265600f8256e8.bmp.lzma': I/O error on file C:/Users/guilh/Desktop/Tibia 11.44.5516/assets/sprites-f97436342302d6419ebf463910a033c2bf83a965b1732e23f8d265600f8256e8.bmp.lzma: No such file or directory"
[ 23:20:13,233 ] Update failed. Please reinstall Tibia to update your client.
[ 23:20:13,239 ] "Failed to load asset 'sprites-75182f4ffe4c3a5a0baf940eb9ed2aab7059662e20f1af5d0290aeb178814578.bmp.lzma': I/O error on file C:/Users/guilh/Desktop/Tibia 11.44.5516/assets/sprites-75182f4ffe4c3a5a0baf940eb9ed2aab7059662e20f1af5d0290aeb178814578.bmp.lzma: No such file or directory"
[ 23:20:13,239 ] Update failed. Please reinstall Tibia to update your client.
[ 23:20:13,245 ] "Failed to load asset 'sprites-9b22f9a34935866c3dbf9e7280fbfe24d69c8974943bfd2f32b8a896131a8a51.bmp.lzma': I/O error on file C:/Users/guilh/Desktop/Tibia 11.44.5516/assets/sprites-9b22f9a34935866c3dbf9e7280fbfe24d69c8974943bfd2f32b8a896131a8a51.bmp.lzma: No such file or directory"
[ 23:20:13,246 ] Update failed. Please reinstall Tibia to update your client.
[ 23:20:13,251 ] "Failed to load asset 'sprites-f00113df87fed7d939d1eabe12c06fc0959d9bd87cef39a9f13fb781181351c7.bmp.lzma': I/O error on file C:/Users/guilh/Desktop/Tibia 11.44.5516/assets/sprites-f00113df87fed7d939d1eabe12c06fc0959d9bd87cef39a9f13fb781181351c7.bmp.lzma: No such file or directory"
[ 23:20:13,251 ] Update failed. Please reinstall Tibia to update your client.
[ 23:20:13,256 ] "Failed to load asset 'sprites-9eeba8e525cee21129f02a06e297708aed517566a6d5d74c9fb64accb270abd0.bmp.lzma': I/O error on file C:/Users/guilh/Desktop/Tibia 11.44.5516/assets/sprites-9eeba8e525cee21129f02a06e297708aed517566a6d5d74c9fb64accb270abd0.bmp.lzma: No such file or directory"
[ 23:20:13,257 ] Update failed. Please reinstall Tibia to update your client.
[ 23:20:13,263 ] "Failed to load asset 'sprites-cc99736dbabc862b568b6fc7274acc79c80ab1cfbcda6c45ce9e08dcebd3749f.bmp.lzma': I/O error on file C:/Users/guilh/Desktop/Tibia 11.44.5516/assets/sprites-cc99736dbabc862b568b6fc7274acc79c80ab1cfbcda6c45ce9e08dcebd3749f.bmp.lzma: No such file or directory"
[ 23:20:13,263 ] Update failed. Please reinstall Tibia to update your client.
[ 23:20:13,269 ] "Failed to load asset 'sprites-70188ce563173a6742ac52b6c7b20030378e73f6aaf42462bd6684d33d3e37cf.bmp.lzma': I/O error on file C:/Users/guilh/Desktop/Tibia 11.44.5516/assets/sprites-70188ce563173a6742ac52b6c7b20030378e73f6aaf42462bd6684d33d3e37cf.bmp.lzma: No such file or directory"
[ 23:20:13,269 ] Update failed. Please reinstall Tibia to update your client.
[ 23:20:13,273 ] "Failed to load asset 'sprites-9165ce1fa05aa9855e5580cb2416841cbd761deceaf42190e1f6517bf05d3363.bmp.lzma': I/O error on file C:/Users/guilh/Desktop/Tibia 11.44.5516/assets/sprites-9165ce1fa05aa9855e5580cb2416841cbd761deceaf42190e1f6517bf05d3363.bmp.lzma: No such file or directory"
[ 23:20:13,274 ] Update failed. Please reinstall Tibia to update your client.
[ 23:20:13,278 ] "Failed to load asset 'sprites-d232f0179c9ec20d0456964a61b6eca81248c1cf6450fddc844b08d0a6501a68.bmp.lzma': I/O error on file C:/Users/guilh/Desktop/Tibia 11.44.5516/assets/sprites-d232f0179c9ec20d0456964a61b6eca81248c1cf6450fddc844b08d0a6501a68.bmp.lzma: No such file or directory"
[ 23:20:13,278 ] Update failed. Please reinstall Tibia to update your client.
[ 23:20:13,283 ] "Failed to load asset 'sprites-d308495958a0677393ac4ed4e23025719ccf8076b7361f96738a869619d1c59f.bmp.lzma': I/O error on file C:/Users/guilh/Desktop/Tibia 11.44.5516/assets/sprites-d308495958a0677393ac4ed4e23025719ccf8076b7361f96738a869619d1c59f.bmp.lzma: No such file or directory"
[ 23:20:13,284 ] Update failed. Please reinstall Tibia to update your client.
[ 23:20:13,290 ] "Failed to load asset 'sprites-cec8be32643211cf3efbf806b159f61863cd9cd77efbe21ec85e6d413b29e067.bmp.lzma': I/O error on file C:/Users/guilh/Desktop/Tibia 11.44.5516/assets/sprites-cec8be32643211cf3efbf806b159f61863cd9cd77efbe21ec85e6d413b29e067.bmp.lzma: No such file or directory"
[ 23:20:13,291 ] Update failed. Please reinstall Tibia to update your client.
[ 23:20:13,295 ] "Failed to load asset 'sprites-b2a12da516be0a6fea3b1b3e047f9a8030ad72641895190d6defd081f7691f13.bmp.lzma': I/O error on file C:/Users/guilh/Desktop/Tibia 11.44.5516/assets/sprites-b2a12da516be0a6fea3b1b3e047f9a8030ad72641895190d6defd081f7691f13.bmp.lzma: No such file or directory"
[ 23:20:13,296 ] Update failed. Please reinstall Tibia to update your client.
[ 23:20:13,300 ] "Failed to load asset 'sprites-afc76b552ee2a4ed3b3b37bc5bbef1db9868dfd9f0aea31ea6f903715fb4514b.bmp.lzma': I/O error on file C:/Users/guilh/Desktop/Tibia 11.44.5516/assets/sprites-afc76b552ee2a4ed3b3b37bc5bbef1db9868dfd9f0aea31ea6f903715fb4514b.bmp.lzma: No such file or directory"
[ 23:20:13,301 ] Update failed. Please reinstall Tibia to update your client.
[ 23:20:13,305 ] "Failed to load asset 'sprites-6e217c440c00a71ced2f14e0f39b56da5d03e5d9b9b5088866dc0b368b79ee88.bmp.lzma': I/O error on file C:/Users/guilh/Desktop/Tibia 11.44.5516/assets/sprites-6e217c440c00a71ced2f14e0f39b56da5d03e5d9b9b5088866dc0b368b79ee88.bmp.lzma: No such file or directory"
[ 23:20:13,306 ] Update failed. Please reinstall Tibia to update your client.
[ 23:20:13,309 ] "Failed to load asset 'sprites-7a46be611240940a35f666433352b9ca8bd4ee3475a55f2220f7b7b0edea337a.bmp.lzma': I/O error on file C:/Users/guilh/Desktop/Tibia 11.44.5516/assets/sprites-7a46be611240940a35f666433352b9ca8bd4ee3475a55f2220f7b7b0edea337a.bmp.lzma: No such file or directory"
[ 23:20:13,310 ] Update failed. Please reinstall Tibia to update your client.
[ 23:20:13,314 ] "Failed to load asset 'sprites-c60763702bfa071b04da03b354005988235efc749abdd53c45e824ed4b4165ad.bmp.lzma': I/O error on file C:/Users/guilh/Desktop/Tibia 11.44.5516/assets/sprites-c60763702bfa071b04da03b354005988235efc749abdd53c45e824ed4b4165ad.bmp.lzma: No such file or directory"
[ 23:20:13,315 ] Update failed. Please reinstall Tibia to update your client.
[ 23:20:13,320 ] "Failed to load asset 'sprites-a28c9bd8abd01541c4646d807b969a2cd9d41659be17fe24b7655425bcf24777.bmp.lzma': I/O error on file C:/Users/guilh/Desktop/Tibia 11.44.5516/assets/sprites-a28c9bd8abd01541c4646d807b969a2cd9d41659be17fe24b7655425bcf24777.bmp.lzma: No such file or directory"
[ 23:20:13,321 ] Update failed. Please reinstall Tibia to update your client.
[ 23:20:13,325 ] "Failed to load asset 'sprites-727671952cd969c05d81cc8ee1f36ff5b0e0363b297f27f195e4adb8c2558dba.bmp.lzma': I/O error on file C:/Users/guilh/Desktop/Tibia 11.44.5516/assets/sprites-727671952cd969c05d81cc8ee1f36ff5b0e0363b297f27f195e4adb8c2558dba.bmp.lzma: No such file or directory"
[ 23:20:13,326 ] Update failed. Please reinstall Tibia to update your client.
[ 23:20:13,329 ] "Failed to load asset 'sprites-9e24c22110fc68e6890fbda075e9115b834b65c09d8b8d1d18d4a28ab962d128.bmp.lzma': I/O error on file C:/Users/guilh/Desktop/Tibia 11.44.5516/assets/sprites-9e24c22110fc68e6890fbda075e9115b834b65c09d8b8d1d18d4a28ab962d128.bmp.lzma: No such file or directory"
[ 23:20:13,330 ] Update failed. Please reinstall Tibia to update your client.
[ 23:20:13,333 ] "Failed to load asset 'sprites-d57eb7cfc61b1c532d0678af2e558c0df12b5cd2be0749aa0fe144698c5d0cf5.bmp.lzma': I/O error on file C:/Users/guilh/Desktop/Tibia 11.44.5516/assets/sprites-d57eb7cfc61b1c532d0678af2e558c0df12b5cd2be0749aa0fe144698c5d0cf5.bmp.lzma: No such file or directory"
[ 23:20:13,334 ] Update failed. Please reinstall Tibia to update your client.
[ 23:20:13,338 ] "Failed to load asset 'sprites-73e91575a58efd26f3a01fc8ccbb592594f5854234bc902a45b2c1f488749a66.bmp.lzma': I/O error on file C:/Users/guilh/Desktop/Tibia 11.44.5516/assets/sprites-73e91575a58efd26f3a01fc8ccbb592594f5854234bc902a45b2c1f488749a66.bmp.lzma: No such file or directory"
[ 23:20:13,338 ] Update failed. Please reinstall Tibia to update your client.
[ 23:20:13,341 ] "Failed to load asset 'sprites-f777343ac9ff608ab2e07f0c65b7147b69b35512c03f30ce8790b8a08012a35a.bmp.lzma': I/O error on file C:/Users/guilh/Desktop/Tibia 11.44.5516/assets/sprites-f777343ac9ff608ab2e07f0c65b7147b69b35512c03f30ce8790b8a08012a35a.bmp.lzma: No such file or directory"
[ 23:20:13,342 ] Update failed. Please reinstall Tibia to update your client.
[ 23:20:13,345 ] "Failed to load asset 'sprites-bfe1b19bd07444280a453449ae1add77c244a146f4a1051d710811cc7b2facad.bmp.lzma': I/O error on file C:/Users/guilh/Desktop/Tibia 11.44.5516/assets/sprites-bfe1b19bd07444280a453449ae1add77c244a146f4a1051d710811cc7b2facad.bmp.lzma: No such file or directory"
[ 23:20:13,345 ] Update failed. Please reinstall Tibia to update your client.
[ 23:20:13,348 ] "Failed to load asset 'sprites-82e554b13cbbd32f346d5efdf915f4e38498a33952e44c05dc3f0951f6b84792.bmp.lzma': I/O error on file C:/Users/guilh/Desktop/Tibia 11.44.5516/assets/sprites-82e554b13cbbd32f346d5efdf915f4e38498a33952e44c05dc3f0951f6b84792.bmp.lzma: No such file or directory"
[ 23:20:13,349 ] Update failed. Please reinstall Tibia to update your client.
[ 23:20:13,352 ] "Failed to load asset 'sprites-c17622a7479122d32b8db0c67adb767bee7acd999b102129cde28ceaf609af18.bmp.lzma': I/O error on file C:/Users/guilh/Desktop/Tibia 11.44.5516/assets/sprites-c17622a7479122d32b8db0c67adb767bee7acd999b102129cde28ceaf609af18.bmp.lzma: No such file or directory"
[ 23:20:13,352 ] Update failed. Please reinstall Tibia to update your client.
[ 23:20:13,355 ] "Failed to load asset 'sprites-e2186b1b7a4c2d646856c56e94442b58a65e10dca3af1845ae8a32206a895f91.bmp.lzma': I/O error on file C:/Users/guilh/Desktop/Tibia 11.44.5516/assets/sprites-e2186b1b7a4c2d646856c56e94442b58a65e10dca3af1845ae8a32206a895f91.bmp.lzma: No such file or directory"
[ 23:20:13,356 ] Update failed. Please reinstall Tibia to update your client.
[ 23:20:13,359 ] "Failed to load asset 'sprites-825540e8be794e2c7a379fbfe86f39cfd06c7a4e066414ca66a12d80cce52507.bmp.lzma': I/O error on file C:/Users/guilh/Desktop/Tibia 11.44.5516/assets/sprites-825540e8be794e2c7a379fbfe86f39cfd06c7a4e066414ca66a12d80cce52507.bmp.lzma: No such file or directory"
[ 23:20:13,359 ] Update failed. Please reinstall Tibia to update your client.
[ 23:20:13,362 ] "Failed to load asset 'sprites-8ecaaf4e1b4b9ce208ad90e01166783ae9c759794d55de50fc87cb4042063126.bmp.lzma': I/O error on file C:/Users/guilh/Desktop/Tibia 11.44.5516/assets/sprites-8ecaaf4e1b4b9ce208ad90e01166783ae9c759794d55de50fc87cb4042063126.bmp.lzma: No such file or directory"
[ 23:20:13,363 ] Update failed. Please reinstall Tibia to update your client.
[ 23:20:13,366 ] "Failed to load asset 'sprites-9804dd8de1bc30bd978bdbb0aab107798e524f597a97f7b2fc8212991b43d691.bmp.lzma': I/O error on file C:/Users/guilh/Desktop/Tibia 11.44.5516/assets/sprites-9804dd8de1bc30bd978bdbb0aab107798e524f597a97f7b2fc8212991b43d691.bmp.lzma: No such file or directory"
[ 23:20:13,366 ] Update failed. Please reinstall Tibia to update your client.
[ 23:20:13,369 ] "Failed to load asset 'sprites-6e73030271965bbd178299cb171bd191268288bce3ebfe29df136493e95c2838.bmp.lzma': I/O error on file C:/Users/guilh/Desktop/Tibia 11.44.5516/assets/sprites-6e73030271965bbd178299cb171bd191268288bce3ebfe29df136493e95c2838.bmp.lzma: No such file or directory"
[ 23:20:13,369 ] Update failed. Please reinstall Tibia to update your client.
[ 23:20:13,374 ] "Failed to load asset 'sprites-e215062dbd07d80d2a79d5edd440912da228309fc5309b0c3e755db2c8a1a5cc.bmp.lzma': I/O error on file C:/Users/guilh/Desktop/Tibia 11.44.5516/assets/sprites-e215062dbd07d80d2a79d5edd440912da228309fc5309b0c3e755db2c8a1a5cc.bmp.lzma: No such file or directory"
[ 23:20:13,375 ] Update failed. Please reinstall Tibia to update your client.
[ 23:20:13,434 ] "Failed to load asset 'sprites-f601c60fc1ee49120b4e30ea1a95e5672c0391c35117dba31b9cceabfb7cacb1.bmp.lzma': I/O error on file C:/Users/guilh/Desktop/Tibia 11.44.5516/assets/sprites-f601c60fc1ee49120b4e30ea1a95e5672c0391c35117dba31b9cceabfb7cacb1.bmp.lzma: No such file or directory"
[ 23:20:13,435 ] Update failed. Please reinstall Tibia to update your client.
[ 23:20:13,438 ] "Failed to load asset 'sprites-75128f4bc4220d1bc999a23faef76b2e1ca2194284492f4a5016be9f56738e9c.bmp.lzma': I/O error on file C:/Users/guilh/Desktop/Tibia 11.44.5516/assets/sprites-75128f4bc4220d1bc999a23faef76b2e1ca2194284492f4a5016be9f56738e9c.bmp.lzma: No such file or directory"
[ 23:20:13,439 ] Update failed. Please reinstall Tibia to update your client.
[ 23:20:13,442 ] "Failed to load asset 'sprites-e819c669291e4b8fb40546d8d47ec39c559eaf0a04c168edb2186cb8c7c70433.bmp.lzma': I/O error on file C:/Users/guilh/Desktop/Tibia 11.44.5516/assets/sprites-e819c669291e4b8fb40546d8d47ec39c559eaf0a04c168edb2186cb8c7c70433.bmp.lzma: No such file or directory"
[ 23:20:13,442 ] Update failed. Please reinstall Tibia to update your client.
[ 23:20:13,446 ] "Failed to load asset 'sprites-8826cec332645669fd5ff818417851ea182a901d976bed054b940fa5602eac56.bmp.lzma': I/O error on file C:/Users/guilh/Desktop/Tibia 11.44.5516/assets/sprites-8826cec332645669fd5ff818417851ea182a901d976bed054b940fa5602eac56.bmp.lzma: No such file or directory"
[ 23:20:13,446 ] Update failed. Please reinstall Tibia to update your client.
[ 23:20:13,449 ] "Failed to load asset 'sprites-bea80d3be70b62af2f93e2e933b6e71671b153bc4b8f9a080270bc31ef1ff627.bmp.lzma': I/O error on file C:/Users/guilh/Desktop/Tibia 11.44.5516/assets/sprites-bea80d3be70b62af2f93e2e933b6e71671b153bc4b8f9a080270bc31ef1ff627.bmp.lzma: No such file or directory"
[ 23:20:13,450 ] Update failed. Please reinstall Tibia to update your client.
[ 23:20:13,454 ] "Failed to load asset 'sprites-8b4e7f026eb00b1fa26dc8e709740a0d406de46d7b0042294249a5247290d0f0.bmp.lzma': I/O error on file C:/Users/guilh/Desktop/Tibia 11.44.5516/assets/sprites-8b4e7f026eb00b1fa26dc8e709740a0d406de46d7b0042294249a5247290d0f0.bmp.lzma: No such file or directory"
[ 23:20:13,454 ] Update failed. Please reinstall Tibia to update your client.
[ 23:20:13,459 ] "Failed to load asset 'sprites-ef2446736bd35521b73775a59d013c1eb6f4e261a0bc6e92496e74192d8ccf67.bmp.lzma': I/O error on file C:/Users/guilh/Desktop/Tibia 11.44.5516/assets/sprites-ef2446736bd35521b73775a59d013c1eb6f4e261a0bc6e92496e74192d8ccf67.bmp.lzma: No such file or directory"
[ 23:20:13,460 ] Update failed. Please reinstall Tibia to update your client.
[ 23:20:13,475 ] "Failed to load asset 'sprites-dfa6a9106b3a8c76d4fda54216ae36e98c6911bf53184542e98ff2791a83b11e.bmp.lzma': I/O error on file C:/Users/guilh/Desktop/Tibia 11.44.5516/assets/sprites-dfa6a9106b3a8c76d4fda54216ae36e98c6911bf53184542e98ff2791a83b11e.bmp.lzma: No such file or directory"
[ 23:20:13,476 ] Update failed. Please reinstall Tibia to update your client.
[ 23:20:13,487 ] "Failed to load asset 'sprites-6f16a30bcc1fb0c18085b922729c50560035f7022361cb1348cd373be84c67af.bmp.lzma': I/O error on file C:/Users/guilh/Desktop/Tibia 11.44.5516/assets/sprites-6f16a30bcc1fb0c18085b922729c50560035f7022361cb1348cd373be84c67af.bmp.lzma: No such file or directory"
[ 23:20:13,488 ] Update failed. Please reinstall Tibia to update your client.
[ 23:20:13,493 ] "Failed to load asset 'sprites-b1ba278bf78b149056dd6f8c6a386ad4b3dd072487aff5c4c342e39fdbb8caae.bmp.lzma': I/O error on file C:/Users/guilh/Desktop/Tibia 11.44.5516/assets/sprites-b1ba278bf78b149056dd6f8c6a386ad4b3dd072487aff5c4c342e39fdbb8caae.bmp.lzma: No such file or directory"
[ 23:20:13,494 ] Update failed. Please reinstall Tibia to update your client.
[ 23:20:13,499 ] "Failed to load asset 'sprites-9d5a31db527d40664cf7e827727df7d38bb8ef6f7a9c115667e1b35cf39ea52f.bmp.lzma': I/O error on file C:/Users/guilh/Desktop/Tibia 11.44.5516/assets/sprites-9d5a31db527d40664cf7e827727df7d38bb8ef6f7a9c115667e1b35cf39ea52f.bmp.lzma: No such file or directory"
[ 23:20:13,500 ] Update failed. Please reinstall Tibia to update your client.
[ 23:20:13,505 ] "Failed to load asset 'sprites-e85eeb08019df3bf6b70fbeef5826f7bfdbf7274f5c95260ea96350ec587f7bf.bmp.lzma': I/O error on file C:/Users/guilh/Desktop/Tibia 11.44.5516/assets/sprites-e85eeb08019df3bf6b70fbeef5826f7bfdbf7274f5c95260ea96350ec587f7bf.bmp.lzma: No such file or directory"
[ 23:20:13,506 ] Update failed. Please reinstall Tibia to update your client.
[ 23:20:13,509 ] "Failed to load asset 'sprites-b27b055d7a602f78b96405ab13a02f087f0d0c042c617fece6e718edc70deda4.bmp.lzma': I/O error on file C:/Users/guilh/Desktop/Tibia 11.44.5516/assets/sprites-b27b055d7a602f78b96405ab13a02f087f0d0c042c617fece6e718edc70deda4.bmp.lzma: No such file or directory"
[ 23:20:13,509 ] Update failed. Please reinstall Tibia to update your client.
[ 23:20:13,512 ] "Failed to load asset 'sprites-b97823a2e60466d6f3ffe5d4b53b9010e163e63ff6bb34aeef7f6d65caf0fdd2.bmp.lzma': I/O error on file C:/Users/guilh/Desktop/Tibia 11.44.5516/assets/sprites-b97823a2e60466d6f3ffe5d4b53b9010e163e63ff6bb34aeef7f6d65caf0fdd2.bmp.lzma: No such file or directory"
[ 23:20:13,513 ] Update failed. Please reinstall Tibia to update your client.
[ 23:20:13,517 ] "Failed to load asset 'sprites-d33887923ae32c96487554ca103718803a516ba27b30aae70bbcbaae2d8d8552.bmp.lzma': I/O error on file C:/Users/guilh/Desktop/Tibia 11.44.5516/assets/sprites-d33887923ae32c96487554ca103718803a516ba27b30aae70bbcbaae2d8d8552.bmp.lzma: No such file or directory"
[ 23:20:13,518 ] Update failed. Please reinstall Tibia to update your client.
[ 23:20:13,521 ] "Failed to load asset 'sprites-be1285f0d60313488ce0910a2b2463ff8a9a8a878a3a8786706b54e8062ff77d.bmp.lzma': I/O error on file C:/Users/guilh/Desktop/Tibia 11.44.5516/assets/sprites-be1285f0d60313488ce0910a2b2463ff8a9a8a878a3a8786706b54e8062ff77d.bmp.lzma: No such file or directory"
[ 23:20:13,521 ] Update failed. Please reinstall Tibia to update your client.
[ 23:20:13,525 ] "Failed to load asset 'sprites-b2db548300df62a46fd5ee022b8cb160f7ed5340e2b9f2a7f26836f6714bf4da.bmp.lzma': I/O error on file C:/Users/guilh/Desktop/Tibia 11.44.5516/assets/sprites-b2db548300df62a46fd5ee022b8cb160f7ed5340e2b9f2a7f26836f6714bf4da.bmp.lzma: No such file or directory"
[ 23:20:13,525 ] Update failed. Please reinstall Tibia to update your client.
[ 23:20:13,529 ] "Failed to load asset 'sprites-f938d048d8a5b0bf6ed58fc17b4c5b9a362688a63b257bf4db902080ca00b0c6.bmp.lzma': I/O error on file C:/Users/guilh/Desktop/Tibia 11.44.5516/assets/sprites-f938d048d8a5b0bf6ed58fc17b4c5b9a362688a63b257bf4db902080ca00b0c6.bmp.lzma: No such file or directory"
[ 23:20:13,530 ] Update failed. Please reinstall Tibia to update your client.
[ 23:20:13,533 ] "Failed to load asset 'sprites-d194a7ebc822b323c6d3fe570634593c9d0e386434d2b5007988a1af7318cfe1.bmp.lzma': I/O error on file C:/Users/guilh/Desktop/Tibia 11.44.5516/assets/sprites-d194a7ebc822b323c6d3fe570634593c9d0e386434d2b5007988a1af7318cfe1.bmp.lzma: No such file or directory"
[ 23:20:13,534 ] Update failed. Please reinstall Tibia to update your client.
[ 23:20:13,537 ] "Failed to load asset 'sprites-c76592edf10d88324173a674386e7660b3eb38faba4dd18f158b82fd9c8456a0.bmp.lzma': I/O error on file C:/Users/guilh/Desktop/Tibia 11.44.5516/assets/sprites-c76592edf10d88324173a674386e7660b3eb38faba4dd18f158b82fd9c8456a0.bmp.lzma: No such file or directory"
[ 23:20:13,538 ] Update failed. Please reinstall Tibia to update your client.
[ 23:20:13,541 ] "Failed to load asset 'sprites-e851f8d4c6e187de27c9643a420124a113c438e1a6e56316da493edf05f8c657.bmp.lzma': I/O error on file C:/Users/guilh/Desktop/Tibia 11.44.5516/assets/sprites-e851f8d4c6e187de27c9643a420124a113c438e1a6e56316da493edf05f8c657.bmp.lzma: No such file or directory"
[ 23:20:13,541 ] Update failed. Please reinstall Tibia to update your client.
[ 23:20:13,544 ] "Failed to load asset 'sprites-9a08ab2c43151d4cb1d11b35c531c13c01ec0217abd77258ebacbd479b173be5.bmp.lzma': I/O error on file C:/Users/guilh/Desktop/Tibia 11.44.5516/assets/sprites-9a08ab2c43151d4cb1d11b35c531c13c01ec0217abd77258ebacbd479b173be5.bmp.lzma: No such file or directory"
[ 23:20:13,545 ] Update failed. Please reinstall Tibia to update your client.
[ 23:20:13,548 ] "Failed to load asset 'sprites-f773b6da63128effef53470b1a9982365a70f4ebc885e7157be2cb02a60cdf26.bmp.lzma': I/O error on file C:/Users/guilh/Desktop/Tibia 11.44.5516/assets/sprites-f773b6da63128effef53470b1a9982365a70f4ebc885e7157be2cb02a60cdf26.bmp.lzma: No such file or directory"
[ 23:20:13,549 ] Update failed. Please reinstall Tibia to update your client.
[ 23:20:13,552 ] "Failed to load asset 'sprites-8a62e4e80514be6f4cbb8188623f32718f99efa2f2360a9351ff58d645300aa3.bmp.lzma': I/O error on file C:/Users/guilh/Desktop/Tibia 11.44.5516/assets/sprites-8a62e4e80514be6f4cbb8188623f32718f99efa2f2360a9351ff58d645300aa3.bmp.lzma: No such file or directory"
[ 23:20:13,553 ] Update failed. Please reinstall Tibia to update your client.
[ 23:20:13,556 ] "Failed to load asset 'sprites-cc72b7b6d1506b97331bd7efd7f57714f8b333601d42af4681d5759441838b9a.bmp.lzma': I/O error on file C:/Users/guilh/Desktop/Tibia 11.44.5516/assets/sprites-cc72b7b6d1506b97331bd7efd7f57714f8b333601d42af4681d5759441838b9a.bmp.lzma: No such file or directory"
[ 23:20:13,557 ] Update failed. Please reinstall Tibia to update your client.
[ 23:20:13,559 ] "Failed to load asset 'sprites-9be72116623368632b17edbacba205d9ed9b053ee1fa9854676176e68288527e.bmp.lzma': I/O error on file C:/Users/guilh/Desktop/Tibia 11.44.5516/assets/sprites-9be72116623368632b17edbacba205d9ed9b053ee1fa9854676176e68288527e.bmp.lzma: No such file or directory"
[ 23:20:13,560 ] Update failed. Please reinstall Tibia to update your client.
[ 23:20:13,563 ] "Failed to load asset 'sprites-ebd9f02409d11a2803e8ab7d3df4efd73beb0163a212e772eb3626bf95074746.bmp.lzma': I/O error on file C:/Users/guilh/Desktop/Tibia 11.44.5516/assets/sprites-ebd9f02409d11a2803e8ab7d3df4efd73beb0163a212e772eb3626bf95074746.bmp.lzma: No such file or directory"
[ 23:20:13,563 ] Update failed. Please reinstall Tibia to update your client.
[ 23:20:13,567 ] "Failed to load asset 'sprites-a7ecefaff17de76bb9e6332581e3a149133371794cb3e827b8f9a661709580c2.bmp.lzma': I/O error on file C:/Users/guilh/Desktop/Tibia 11.44.5516/assets/sprites-a7ecefaff17de76bb9e6332581e3a149133371794cb3e827b8f9a661709580c2.bmp.lzma: No such file or directory"
[ 23:20:13,567 ] Update failed. Please reinstall Tibia to update your client.
[ 23:20:13,571 ] "Failed to load asset 'sprites-ed1f937d5400e432786062e0ed17d043868eee90f0203a6de55d6defee8ec55a.bmp.lzma': I/O error on file C:/Users/guilh/Desktop/Tibia 11.44.5516/assets/sprites-ed1f937d5400e432786062e0ed17d043868eee90f0203a6de55d6defee8ec55a.bmp.lzma: No such file or directory"
[ 23:20:13,571 ] Update failed. Please reinstall Tibia to update your client.
[ 23:20:13,574 ] "Failed to load asset 'sprites-8a2cdeb6f0e25783ff07c1dfac1abce9cc635303f683eac72e42ccd5a71c1d3a.bmp.lzma': I/O error on file C:/Users/guilh/Desktop/Tibia 11.44.5516/assets/sprites-8a2cdeb6f0e25783ff07c1dfac1abce9cc635303f683eac72e42ccd5a71c1d3a.bmp.lzma: No such file or directory"
[ 23:20:13,575 ] Update failed. Please reinstall Tibia to update your client.
[ 23:20:13,578 ] "Failed to load asset 'sprites-ab4ab0ae71d9d2c0ae9f9840ff88cc0fde0d43552c57c15de95c0fc52adfeb50.bmp.lzma': I/O error on file C:/Users/guilh/Desktop/Tibia 11.44.5516/assets/sprites-ab4ab0ae71d9d2c0ae9f9840ff88cc0fde0d43552c57c15de95c0fc52adfeb50.bmp.lzma: No such file or directory"
[ 23:20:13,579 ] Update failed. Please reinstall Tibia to update your client.
[ 23:20:13,582 ] "Failed to load asset 'sprites-b7db61db2b0cd776750ba179e436a2819501b16ff2b24df11b173570eb92ed24.bmp.lzma': I/O error on file C:/Users/guilh/Desktop/Tibia 11.44.5516/assets/sprites-b7db61db2b0cd776750ba179e436a2819501b16ff2b24df11b173570eb92ed24.bmp.lzma: No such file or directory"
[ 23:20:13,583 ] Update failed. Please reinstall Tibia to update your client.
[ 23:20:13,586 ] "Failed to load asset 'sprites-8085f1b4cb06575efc1b97edeff5041e5408c492acc038bebae4dfd7ba2eeca5.bmp.lzma': I/O error on file C:/Users/guilh/Desktop/Tibia 11.44.5516/assets/sprites-8085f1b4cb06575efc1b97edeff5041e5408c492acc038bebae4dfd7ba2eeca5.bmp.lzma: No such file or directory"
[ 23:20:13,586 ] Update failed. Please reinstall Tibia to update your client.
[ 23:20:13,590 ] "Failed to load asset 'sprites-b60fc11185876a3e84cd3618e469bdee9e8226657212954df8bc93f95bea404b.bmp.lzma': I/O error on file C:/Users/guilh/Desktop/Tibia 11.44.5516/assets/sprites-b60fc11185876a3e84cd3618e469bdee9e8226657212954df8bc93f95bea404b.bmp.lzma: No such file or directory"
[ 23:20:13,590 ] Update failed. Please reinstall Tibia to update your client.
[ 23:20:13,593 ] "Failed to load asset 'sprites-ed74ea451a65a5982c573ae16be57d493c32c55248e89392cc2a3d03733780a1.bmp.lzma': I/O error on file C:/Users/guilh/Desktop/Tibia 11.44.5516/assets/sprites-ed74ea451a65a5982c573ae16be57d493c32c55248e89392cc2a3d03733780a1.bmp.lzma: No such file or directory"
[ 23:20:13,593 ] Update failed. Please reinstall Tibia to update your client.
[ 23:20:13,596 ] "Failed to load asset 'sprites-715c5a6fbfab5733d51fe9e272dee442ffd3edf2c972895ace7fe67b7eed6ac2.bmp.lzma': I/O error on file C:/Users/guilh/Desktop/Tibia 11.44.5516/assets/sprites-715c5a6fbfab5733d51fe9e272dee442ffd3edf2c972895ace7fe67b7eed6ac2.bmp.lzma: No such file or directory"
[ 23:20:13,597 ] Update failed. Please reinstall Tibia to update your client.
[ 23:20:13,600 ] "Failed to load asset 'sprites-b8bdc50ff7eb6d8e4a218bb24cd459096ae3a71f67c537fa917c75074926bd6f.bmp.lzma': I/O error on file C:/Users/guilh/Desktop/Tibia 11.44.5516/assets/sprites-b8bdc50ff7eb6d8e4a218bb24cd459096ae3a71f67c537fa917c75074926bd6f.bmp.lzma: No such file or directory"
[ 23:20:13,601 ] Update failed. Please reinstall Tibia to update your client.
[ 23:20:13,603 ] "Failed to load asset 'sprites-b35497902076be3d819f2831f25617845db62de681b7b4eebf74ce773cd42b9a.bmp.lzma': I/O error on file C:/Users/guilh/Desktop/Tibia 11.44.5516/assets/sprites-b35497902076be3d819f2831f25617845db62de681b7b4eebf74ce773cd42b9a.bmp.lzma: No such file or directory"
[ 23:20:13,604 ] Update failed. Please reinstall Tibia to update your client.
[ 23:20:13,607 ] "Failed to load asset 'sprites-83cec52363aa5187129626b52bf4df982b603dc7fc923b5b1509b84a2adc2fd0.bmp.lzma': I/O error on file C:/Users/guilh/Desktop/Tibia 11.44.5516/assets/sprites-83cec52363aa5187129626b52bf4df982b603dc7fc923b5b1509b84a2adc2fd0.bmp.lzma: No such file or directory"
[ 23:20:13,607 ] Update failed. Please reinstall Tibia to update your client.
[ 23:20:13,610 ] "Failed to load asset 'sprites-f9e7e2ae0985f1f4f5d7fd6b69015fd00941037a2e9a4dfb6a5d7e067331d5d4.bmp.lzma': I/O error on file C:/Users/guilh/Desktop/Tibia 11.44.5516/assets/sprites-f9e7e2ae0985f1f4f5d7fd6b69015fd00941037a2e9a4dfb6a5d7e067331d5d4.bmp.lzma: No such file or directory"
[ 23:20:13,611 ] Update failed. Please reinstall Tibia to update your client.
[ 23:20:13,615 ] "Failed to load asset 'sprites-a020cfacd8ea0e62b4f38fed15dc2f3583078ce0058792c42eb279fc4bc66517.bmp.lzma': I/O error on file C:/Users/guilh/Desktop/Tibia 11.44.5516/assets/sprites-a020cfacd8ea0e62b4f38fed15dc2f3583078ce0058792c42eb279fc4bc66517.bmp.lzma: No such file or directory"
[ 23:20:13,616 ] Update failed. Please reinstall Tibia to update your client.
[ 23:20:13,620 ] "Failed to load asset 'sprites-c17daa175ae72e4c490ff212930045529844b7aa1dace30cdbbdaf7ed948e603.bmp.lzma': I/O error on file C:/Users/guilh/Desktop/Tibia 11.44.5516/assets/sprites-c17daa175ae72e4c490ff212930045529844b7aa1dace30cdbbdaf7ed948e603.bmp.lzma: No such file or directory"
[ 23:20:13,621 ] Update failed. Please reinstall Tibia to update your client.
[ 23:20:13,626 ] "Failed to load asset 'sprites-eaefc7eb3db4fe2aa1ead63b7ff5fbaa216fdfed0cdbef02196b658270b40297.bmp.lzma': I/O error on file C:/Users/guilh/Desktop/Tibia 11.44.5516/assets/sprites-eaefc7eb3db4fe2aa1ead63b7ff5fbaa216fdfed0cdbef02196b658270b40297.bmp.lzma: No such file or directory"
[ 23:20:13,627 ] Update failed. Please reinstall Tibia to update your client.
[ 23:20:13,632 ] "Failed to load asset 'sprites-fb5464f6a0e8816acb586b043bd1d7a525338d2f2dcb6c7680038cc398e1fc23.bmp.lzma': I/O error on file C:/Users/guilh/Desktop/Tibia 11.44.5516/assets/sprites-fb5464f6a0e8816acb586b043bd1d7a525338d2f2dcb6c7680038cc398e1fc23.bmp.lzma: No such file or directory"
[ 23:20:13,633 ] Update failed. Please reinstall Tibia to update your client.
[ 23:20:13,636 ] "Failed to load asset 'sprites-b02d23c71c97488b8ce2ce72a049cfc5457cd0c1c7e62eb4f3fb7e0a4a0b1f95.bmp.lzma': I/O error on file C:/Users/guilh/Desktop/Tibia 11.44.5516/assets/sprites-b02d23c71c97488b8ce2ce72a049cfc5457cd0c1c7e62eb4f3fb7e0a4a0b1f95.bmp.lzma: No such file or directory"
[ 23:20:13,637 ] Update failed. Please reinstall Tibia to update your client.
[ 23:20:13,640 ] "Failed to load asset 'sprites-734f0a4457b3db249f8988690d8a4eb574d9d3fcd6df33ee26fcf03832002ec5.bmp.lzma': I/O error on file C:/Users/guilh/Desktop/Tibia 11.44.5516/assets/sprites-734f0a4457b3db249f8988690d8a4eb574d9d3fcd6df33ee26fcf03832002ec5.bmp.lzma: No such file or directory"
[ 23:20:13,641 ] Update failed. Please reinstall Tibia to update your client.
[ 23:20:13,643 ] "Failed to load asset 'sprites-71482ea06c2af07b168e455d56bcee4815eb34d02445c548058c340348f0bd14.bmp.lzma': I/O error on file C:/Users/guilh/Desktop/Tibia 11.44.5516/assets/sprites-71482ea06c2af07b168e455d56bcee4815eb34d02445c548058c340348f0bd14.bmp.lzma: No such file or directory"
[ 23:20:13,644 ] Update failed. Please reinstall Tibia to update your client.
[ 23:20:13,647 ] "Failed to load asset 'sprites-995486ffc83816ef5dba9d1939d5df0dcd5d64e4fc6a8385b98bcff2de380063.bmp.lzma': I/O error on file C:/Users/guilh/Desktop/Tibia 11.44.5516/assets/sprites-995486ffc83816ef5dba9d1939d5df0dcd5d64e4fc6a8385b98bcff2de380063.bmp.lzma: No such file or directory"
[ 23:20:13,647 ] Update failed. Please reinstall Tibia to update your client.
[ 23:20:13,651 ] "Failed to load asset 'sprites-ff19882a9b4165fa4247b9eaab8c125d55eff15afcfcd2ca6c457caa2b626c04.bmp.lzma': I/O error on file C:/Users/guilh/Desktop/Tibia 11.44.5516/assets/sprites-ff19882a9b4165fa4247b9eaab8c125d55eff15afcfcd2ca6c457caa2b626c04.bmp.lzma: No such file or directory"
[ 23:20:13,651 ] Update failed. Please reinstall Tibia to update your client.
[ 23:20:13,654 ] "Failed to load asset 'sprites-7a8e9e72c2e33284fe4b6bec3c5b0ecc49260018d9a2e38461c1f7601e467baa.bmp.lzma': I/O error on file C:/Users/guilh/Desktop/Tibia 11.44.5516/assets/sprites-7a8e9e72c2e33284fe4b6bec3c5b0ecc49260018d9a2e38461c1f7601e467baa.bmp.lzma: No such file or directory"
[ 23:20:13,655 ] Update failed. Please reinstall Tibia to update your client.
[ 23:20:13,658 ] "Failed to load asset 'sprites-faed2e41f2059727728f1f51e6adf053052d2840b5a0d51945c4634668f98c2c.bmp.lzma': I/O error on file C:/Users/guilh/Desktop/Tibia 11.44.5516/assets/sprites-faed2e41f2059727728f1f51e6adf053052d2840b5a0d51945c4634668f98c2c.bmp.lzma: No such file or directory"
[ 23:20:13,658 ] Update failed. Please reinstall Tibia to update your client.
[ 23:20:13,661 ] "Failed to load asset 'sprites-cedb5de7b0839bce6e3790bae3a0db7058d9fb47c89ac935ff2c9052fc4f465f.bmp.lzma': I/O error on file C:/Users/guilh/Desktop/Tibia 11.44.5516/assets/sprites-cedb5de7b0839bce6e3790bae3a0db7058d9fb47c89ac935ff2c9052fc4f465f.bmp.lzma: No such file or directory"
[ 23:20:13,662 ] Update failed. Please reinstall Tibia to update your client.
[ 23:20:13,665 ] "Failed to load asset 'sprites-b4765f49d71726e58ec444555bb608f1da57b405088f3dbedfa6170dacaeafe4.bmp.lzma': I/O error on file C:/Users/guilh/Desktop/Tibia 11.44.5516/assets/sprites-b4765f49d71726e58ec444555bb608f1da57b405088f3dbedfa6170dacaeafe4.bmp.lzma: No such file or directory"
[ 23:20:13,665 ] Update failed. Please reinstall Tibia to update your client.
[ 23:20:13,668 ] "Failed to load asset 'sprites-a087f8a91d76c265baf8280efd3eefdf6d9d55a19f7c3033b87d9e574fd6bbd7.bmp.lzma': I/O error on file C:/Users/guilh/Desktop/Tibia 11.44.5516/assets/sprites-a087f8a91d76c265baf8280efd3eefdf6d9d55a19f7c3033b87d9e574fd6bbd7.bmp.lzma: No such file or directory"
[ 23:20:13,669 ] Update failed. Please reinstall Tibia to update your client.
[ 23:20:13,671 ] "Failed to load asset 'sprites-9ecd96fcb2dd7fd3923325cd7d7c2107573e3cbcd6420acb0bf2700cb2fd8d25.bmp.lzma': I/O error on file C:/Users/guilh/Desktop/Tibia 11.44.5516/assets/sprites-9ecd96fcb2dd7fd3923325cd7d7c2107573e3cbcd6420acb0bf2700cb2fd8d25.bmp.lzma: No such file or directory"
[ 23:20:13,672 ] Update failed. Please reinstall Tibia to update your client.
[ 23:20:13,675 ] "Failed to load asset 'sprites-d238d562d9c72073f5e87ddce15d0d4d7c2ba519ded86d6e8d914abfffcd8209.bmp.lzma': I/O error on file C:/Users/guilh/Desktop/Tibia 11.44.5516/assets/sprites-d238d562d9c72073f5e87ddce15d0d4d7c2ba519ded86d6e8d914abfffcd8209.bmp.lzma: No such file or directory"
[ 23:20:13,676 ] Update failed. Please reinstall Tibia to update your client.
[ 23:20:13,678 ] "Failed to load asset 'sprites-a7be650405a263dfa8c5b603392fdb90e438857628ad16c9197bb6ee0bd623c9.bmp.lzma': I/O error on file C:/Users/guilh/Desktop/Tibia 11.44.5516/assets/sprites-a7be650405a263dfa8c5b603392fdb90e438857628ad16c9197bb6ee0bd623c9.bmp.lzma: No such file or directory"
[ 23:20:13,679 ] Update failed. Please reinstall Tibia to update your client.
[ 23:20:13,682 ] "Failed to load asset 'sprites-a419fa3fd3983a194e87784183043ad07c2cfa248ea44c3cb3917208f4039e2b.bmp.lzma': I/O error on file C:/Users/guilh/Desktop/Tibia 11.44.5516/assets/sprites-a419fa3fd3983a194e87784183043ad07c2cfa248ea44c3cb3917208f4039e2b.bmp.lzma: No such file or directory"
[ 23:20:13,683 ] Update failed. Please reinstall Tibia to update your client.
[ 23:20:13,686 ] "Failed to load asset 'sprites-b9c4327d3b56bfa6555b533ec9c0b42bed34f26101ea971a53aa2e9710411b8a.bmp.lzma': I/O error on file C:/Users/guilh/Desktop/Tibia 11.44.5516/assets/sprites-b9c4327d3b56bfa6555b533ec9c0b42bed34f26101ea971a53aa2e9710411b8a.bmp.lzma: No such file or directory"
[ 23:20:13,687 ] Update failed. Please reinstall Tibia to update your client.
[ 23:20:13,690 ] "Failed to load asset 'sprites-8436b2c30f66f29130511ba0b2e341ad9a23106e567c40fd899d0be1012717e9.bmp.lzma': I/O error on file C:/Users/guilh/Desktop/Tibia 11.44.5516/assets/sprites-8436b2c30f66f29130511ba0b2e341ad9a23106e567c40fd899d0be1012717e9.bmp.lzma: No such file or directory"
[ 23:20:13,691 ] Update failed. Please reinstall Tibia to update your client.
[ 23:20:13,760 ] "Failed to load asset 'sprites-a43d4e5cbe8ad4e9692d8f869c74eff776b9dac311c9de7ad8ecff268d9f808f.bmp.lzma': I/O error on file C:/Users/guilh/Desktop/Tibia 11.44.5516/assets/sprites-a43d4e5cbe8ad4e9692d8f869c74eff776b9dac311c9de7ad8ecff268d9f808f.bmp.lzma: No such file or directory"
[ 23:20:13,761 ] Update failed. Please reinstall Tibia to update your client.
[ 23:20:13,764 ] "Failed to load asset 'sprites-76ae9439fe2b29d77f30c4256edbb12d36054537aa4f20d911c8e3bd1e16dd41.bmp.lzma': I/O error on file C:/Users/guilh/Desktop/Tibia 11.44.5516/assets/sprites-76ae9439fe2b29d77f30c4256edbb12d36054537aa4f20d911c8e3bd1e16dd41.bmp.lzma: No such file or directory"
[ 23:20:13,765 ] Update failed. Please reinstall Tibia to update your client.
[ 23:20:13,768 ] "Failed to load asset 'sprites-80b1eaf49e7b0249e01684d41b140b46f15134fcdcfae91f17c5207763f40b6d.bmp.lzma': I/O error on file C:/Users/guilh/Desktop/Tibia 11.44.5516/assets/sprites-80b1eaf49e7b0249e01684d41b140b46f15134fcdcfae91f17c5207763f40b6d.bmp.lzma: No such file or directory"
[ 23:20:13,768 ] Update failed. Please reinstall Tibia to update your client.
[ 23:20:13,771 ] "Failed to load asset 'sprites-d7adfd11b7383385de93277dffad4309e19e2a41e2fefba335214bf8776d27a3.bmp.lzma': I/O error on file C:/Users/guilh/Desktop/Tibia 11.44.5516/assets/sprites-d7adfd11b7383385de93277dffad4309e19e2a41e2fefba335214bf8776d27a3.bmp.lzma: No such file or directory"
[ 23:20:13,772 ] Update failed. Please reinstall Tibia to update your client.
[ 23:20:13,775 ] "Failed to load asset 'sprites-f0323e0557a5d19813a4db9fe7a8f140703692cdb8313e2998a8c2e90229ce3c.bmp.lzma': I/O error on file C:/Users/guilh/Desktop/Tibia 11.44.5516/assets/sprites-f0323e0557a5d19813a4db9fe7a8f140703692cdb8313e2998a8c2e90229ce3c.bmp.lzma: No such file or directory"
[ 23:20:13,776 ] Update failed. Please reinstall Tibia to update your client.
[ 23:20:13,779 ] "Failed to load asset 'sprites-7bf6a4af316af0aeab64b232b27d0dedf08874d1f0e7cc82f40c88c42690e031.bmp.lzma': I/O error on file C:/Users/guilh/Desktop/Tibia 11.44.5516/assets/sprites-7bf6a4af316af0aeab64b232b27d0dedf08874d1f0e7cc82f40c88c42690e031.bmp.lzma: No such file or directory"
[ 23:20:13,779 ] Update failed. Please reinstall Tibia to update your client.
[ 23:20:13,783 ] "Failed to load asset 'sprites-99c7ebd37f094e97d25ad88b0ef8e671e8765c4dc3466d9fdec49a8dc50d0422.bmp.lzma': I/O error on file C:/Users/guilh/Desktop/Tibia 11.44.5516/assets/sprites-99c7ebd37f094e97d25ad88b0ef8e671e8765c4dc3466d9fdec49a8dc50d0422.bmp.lzma: No such file or directory"
[ 23:20:13,784 ] Update failed. Please reinstall Tibia to update your client.
[ 23:20:13,787 ] "Failed to load asset 'sprites-bb93f0f9ec188ef45474b9b7c5e6514fc74d33ea7aa0f67f1043136894e40626.bmp.lzma': I/O error on file C:/Users/guilh/Desktop/Tibia 11.44.5516/assets/sprites-bb93f0f9ec188ef45474b9b7c5e6514fc74d33ea7aa0f67f1043136894e40626.bmp.lzma: No such file or directory"
[ 23:20:13,788 ] Update failed. Please reinstall Tibia to update your client.
[ 23:20:13,790 ] "Failed to load asset 'sprites-bd41c743711effc4200049efeeea234bd3db054762bfe32c6da5567e3ebc6ce5.bmp.lzma': I/O error on file C:/Users/guilh/Desktop/Tibia 11.44.5516/assets/sprites-bd41c743711effc4200049efeeea234bd3db054762bfe32c6da5567e3ebc6ce5.bmp.lzma: No such file or directory"
[ 23:20:13,791 ] Update failed. Please reinstall Tibia to update your client.
[ 23:20:13,794 ] "Failed to load asset 'sprites-f944312429cf2876f7e16863f6e02e1a04b882812bc28aaa3766a99e318c2bc2.bmp.lzma': I/O error on file C:/Users/guilh/Desktop/Tibia 11.44.5516/assets/sprites-f944312429cf2876f7e16863f6e02e1a04b882812bc28aaa3766a99e318c2bc2.bmp.lzma: No such file or directory"
[ 23:20:13,794 ] Update failed. Please reinstall Tibia to update your client.
[ 23:20:13,798 ] "Failed to load asset 'sprites-c02627c9f85b70a07546f3e047ee8c8f1faacdbf6953c1676614fe20f6ec281a.bmp.lzma': I/O error on file C:/Users/guilh/Desktop/Tibia 11.44.5516/assets/sprites-c02627c9f85b70a07546f3e047ee8c8f1faacdbf6953c1676614fe20f6ec281a.bmp.lzma: No such file or directory"
[ 23:20:13,798 ] Update failed. Please reinstall Tibia to update your client.
[ 23:20:13,801 ] "Failed to load asset 'sprites-fa1d5d307d73f522eaf823326c1c64d4255f41fc50669d4526ffa3f239b77248.bmp.lzma': I/O error on file C:/Users/guilh/Desktop/Tibia 11.44.5516/assets/sprites-fa1d5d307d73f522eaf823326c1c64d4255f41fc50669d4526ffa3f239b77248.bmp.lzma: No such file or directory"
[ 23:20:13,802 ] Update failed. Please reinstall Tibia to update your client.
[ 23:20:13,805 ] "Failed to load asset 'sprites-8e6136ea458427f776a6deaad95ef452d9a5bb24ace74a6c6cc7c8f914d6e526.bmp.lzma': I/O error on file C:/Users/guilh/Desktop/Tibia 11.44.5516/assets/sprites-8e6136ea458427f776a6deaad95ef452d9a5bb24ace74a6c6cc7c8f914d6e526.bmp.lzma: No such file or directory"
[ 23:20:13,805 ] Update failed. Please reinstall Tibia to update your client.
[ 23:20:13,808 ] "Failed to load asset 'sprites-caac7aa90246bc97b3c8b2962590db9db2782cb968ba0ce9fda276e0119bf5e9.bmp.lzma': I/O error on file C:/Users/guilh/Desktop/Tibia 11.44.5516/assets/sprites-caac7aa90246bc97b3c8b2962590db9db2782cb968ba0ce9fda276e0119bf5e9.bmp.lzma: No such file or directory"
[ 23:20:13,809 ] Update failed. Please reinstall Tibia to update your client.
[ 23:20:13,813 ] "Failed to load asset 'sprites-feae5bbc404e7b4ceca41081efb64ad7a23b22aa5029381586c555c822c6f155.bmp.lzma': I/O error on file C:/Users/guilh/Desktop/Tibia 11.44.5516/assets/sprites-feae5bbc404e7b4ceca41081efb64ad7a23b22aa5029381586c555c822c6f155.bmp.lzma: No such file or directory"
[ 23:20:13,813 ] Update failed. Please reinstall Tibia to update your client.
[ 23:20:13,818 ] "Failed to load asset 'sprites-dfb97973b1a7c9418266f03e6871a28d8cd60dbe0e9dca565766653cd6790d0f.bmp.lzma': I/O error on file C:/Users/guilh/Desktop/Tibia 11.44.5516/assets/sprites-dfb97973b1a7c9418266f03e6871a28d8cd60dbe0e9dca565766653cd6790d0f.bmp.lzma: No such file or directory"
[ 23:20:13,819 ] Update failed. Please reinstall Tibia to update your client.
[ 23:20:13,823 ] "Failed to load asset 'sprites-b7e36b36bbc15da371b109f20464c32371fb4917255f99ce3cb8055a30098309.bmp.lzma': I/O error on file C:/Users/guilh/Desktop/Tibia 11.44.5516/assets/sprites-b7e36b36bbc15da371b109f20464c32371fb4917255f99ce3cb8055a30098309.bmp.lzma: No such file or directory"
[ 23:20:13,824 ] Update failed. Please reinstall Tibia to update your client.
[ 23:20:13,826 ] "Failed to load asset 'sprites-f831e603d403a0b8b85c4636406cb60895b3eeef0be793e3cda2fec9abdf212c.bmp.lzma': I/O error on file C:/Users/guilh/Desktop/Tibia 11.44.5516/assets/sprites-f831e603d403a0b8b85c4636406cb60895b3eeef0be793e3cda2fec9abdf212c.bmp.lzma: No such file or directory"
[ 23:20:13,827 ] Update failed. Please reinstall Tibia to update your client.
[ 23:20:13,830 ] "Failed to load asset 'sprites-add72255e7bf8d738bb6bcf7cce393584ac46872abc4868829781091da558341.bmp.lzma': I/O error on file C:/Users/guilh/Desktop/Tibia 11.44.5516/assets/sprites-add72255e7bf8d738bb6bcf7cce393584ac46872abc4868829781091da558341.bmp.lzma: No such file or directory"
[ 23:20:13,831 ] Update failed. Please reinstall Tibia to update your client.
[ 23:20:13,834 ] "Failed to load asset 'sprites-f59ee9f2caae82ec73e6bb2dc4480da5b7ea22807f57ae62ca0dedc413318ae2.bmp.lzma': I/O error on file C:/Users/guilh/Desktop/Tibia 11.44.5516/assets/sprites-f59ee9f2caae82ec73e6bb2dc4480da5b7ea22807f57ae62ca0dedc413318ae2.bmp.lzma: No such file or directory"
[ 23:20:13,834 ] Update failed. Please reinstall Tibia to update your client.
[ 23:20:13,837 ] "Failed to load asset 'sprites-869154f569094c9abb820f361c6b43e783e44394e01cf5a5fc03f9b7bc821039.bmp.lzma': I/O error on file C:/Users/guilh/Desktop/Tibia 11.44.5516/assets/sprites-869154f569094c9abb820f361c6b43e783e44394e01cf5a5fc03f9b7bc821039.bmp.lzma: No such file or directory"
[ 23:20:13,838 ] Update failed. Please reinstall Tibia to update your client.
[ 23:20:13,841 ] "Failed to load asset 'sprites-c81c591b30ecf50117c94b4f4ef0688c9b1012312fc780815605aa86115e9c0a.bmp.lzma': I/O error on file C:/Users/guilh/Desktop/Tibia 11.44.5516/assets/sprites-c81c591b30ecf50117c94b4f4ef0688c9b1012312fc780815605aa86115e9c0a.bmp.lzma: No such file or directory"
[ 23:20:13,841 ] Update failed. Please reinstall Tibia to update your client.
[ 23:20:13,844 ] "Failed to load asset 'sprites-9a81d9b7b0512ef4119658dccf9e48a64e6347cb57c5f2a7ff93168c3ef7ece3.bmp.lzma': I/O error on file C:/Users/guilh/Desktop/Tibia 11.44.5516/assets/sprites-9a81d9b7b0512ef4119658dccf9e48a64e6347cb57c5f2a7ff93168c3ef7ece3.bmp.lzma: No such file or directory"
[ 23:20:13,844 ] Update failed. Please reinstall Tibia to update your client.
[ 23:20:13,848 ] "Failed to load asset 'sprites-c82d7a5caef600824d784006e4449a5b5b3ff749c6365a75e57e3d34581147b2.bmp.lzma': I/O error on file C:/Users/guilh/Desktop/Tibia 11.44.5516/assets/sprites-c82d7a5caef600824d784006e4449a5b5b3ff749c6365a75e57e3d34581147b2.bmp.lzma: No such file or directory"
[ 23:20:13,848 ] Update failed. Please reinstall Tibia to update your client.
[ 23:20:13,851 ] "Failed to load asset 'sprites-86d4a31185ced38bc7b81941ec5e26b93b3f44963100b1ebc5220a9d9588284b.bmp.lzma': I/O error on file C:/Users/guilh/Desktop/Tibia 11.44.5516/assets/sprites-86d4a31185ced38bc7b81941ec5e26b93b3f44963100b1ebc5220a9d9588284b.bmp.lzma: No such file or directory"
[ 23:20:13,852 ] Update failed. Please reinstall Tibia to update your client.
[ 23:20:13,855 ] "Failed to load asset 'sprites-9e5f5e1929431f49ba65a6b20bfeb1a3a89942740f568e126ae76b571eb5b300.bmp.lzma': I/O error on file C:/Users/guilh/Desktop/Tibia 11.44.5516/assets/sprites-9e5f5e1929431f49ba65a6b20bfeb1a3a89942740f568e126ae76b571eb5b300.bmp.lzma: No such file or directory"
[ 23:20:13,855 ] Update failed. Please reinstall Tibia to update your client.
[ 23:20:13,858 ] "Failed to load asset 'sprites-983c72ec5025ed3c235f536b657758532a5a978b3898fab0dfb39004d4e5b84c.bmp.lzma': I/O error on file C:/Users/guilh/Desktop/Tibia 11.44.5516/assets/sprites-983c72ec5025ed3c235f536b657758532a5a978b3898fab0dfb39004d4e5b84c.bmp.lzma: No such file or directory"
[ 23:20:13,859 ] Update failed. Please reinstall Tibia to update your client.
[ 23:20:13,862 ] "Failed to load asset 'sprites-ed8f39e412f8de7c4f366cbd4bc733783ff7406e3e9fd514c489bb3bca89dba0.bmp.lzma': I/O error on file C:/Users/guilh/Desktop/Tibia 11.44.5516/assets/sprites-ed8f39e412f8de7c4f366cbd4bc733783ff7406e3e9fd514c489bb3bca89dba0.bmp.lzma: No such file or directory"
[ 23:20:13,863 ] Update failed. Please reinstall Tibia to update your client.
[ 23:20:13,867 ] "Failed to load asset 'sprites-72f5b80d2021190ddfc5e7ae3c166bb2a974bd2bb8bb752b64da6923ea15a3ba.bmp.lzma': I/O error on file C:/Users/guilh/Desktop/Tibia 11.44.5516/assets/sprites-72f5b80d2021190ddfc5e7ae3c166bb2a974bd2bb8bb752b64da6923ea15a3ba.bmp.lzma: No such file or directory"
[ 23:20:13,868 ] Update failed. Please reinstall Tibia to update your client.
[ 23:20:13,871 ] "Failed to load asset 'sprites-ce1f72b09756d76e59a3bc127fc7940f242523417843347db3e6face9db86336.bmp.lzma': I/O error on file C:/Users/guilh/Desktop/Tibia 11.44.5516/assets/sprites-ce1f72b09756d76e59a3bc127fc7940f242523417843347db3e6face9db86336.bmp.lzma: No such file or directory"
[ 23:20:13,871 ] Update failed. Please reinstall Tibia to update your client.
[ 23:20:13,874 ] "Failed to load asset 'sprites-7a22238c99cb2c3d870d065aff36a26b5fd1e3e73705499e512609fdb22b61e0.bmp.lzma': I/O error on file C:/Users/guilh/Desktop/Tibia 11.44.5516/assets/sprites-7a22238c99cb2c3d870d065aff36a26b5fd1e3e73705499e512609fdb22b61e0.bmp.lzma: No such file or directory"
[ 23:20:13,874 ] Update failed. Please reinstall Tibia to update your client.
[ 23:20:13,878 ] "Failed to load asset 'sprites-a1a88edae2817b157dc36a1ab75269605417f2e96bd3eca94ea05815a31593a2.bmp.lzma': I/O error on file C:/Users/guilh/Desktop/Tibia 11.44.5516/assets/sprites-a1a88edae2817b157dc36a1ab75269605417f2e96bd3eca94ea05815a31593a2.bmp.lzma: No such file or directory"
[ 23:20:13,878 ] Update failed. Please reinstall Tibia to update your client.
[ 23:20:13,882 ] "Failed to load asset 'sprites-70ab458ca3b2ea60c6cd2dbee64f2db74ea45488137edecb99f0c9a920f1ef3c.bmp.lzma': I/O error on file C:/Users/guilh/Desktop/Tibia 11.44.5516/assets/sprites-70ab458ca3b2ea60c6cd2dbee64f2db74ea45488137edecb99f0c9a920f1ef3c.bmp.lzma: No such file or directory"
[ 23:20:13,883 ] Update failed. Please reinstall Tibia to update your client.
[ 23:20:13,886 ] "Failed to load asset 'sprites-ba72a9e2bfe9142c7c867809b4e042b1ddd9064bc6e93560553b40e4a6462ec9.bmp.lzma': I/O error on file C:/Users/guilh/Desktop/Tibia 11.44.5516/assets/sprites-ba72a9e2bfe9142c7c867809b4e042b1ddd9064bc6e93560553b40e4a6462ec9.bmp.lzma: No such file or directory"
[ 23:20:13,886 ] Update failed. Please reinstall Tibia to update your client.
[ 23:20:13,889 ] "Failed to load asset 'sprites-b61b11b3539e4189c7e0b959bf71c04db4be21ea0c130311e236ad68d51f3499.bmp.lzma': I/O error on file C:/Users/guilh/Desktop/Tibia 11.44.5516/assets/sprites-b61b11b3539e4189c7e0b959bf71c04db4be21ea0c130311e236ad68d51f3499.bmp.lzma: No such file or directory"
[ 23:20:13,890 ] Update failed. Please reinstall Tibia to update your client.
[ 23:20:13,895 ] "Failed to load asset 'sprites-71bd6d56914568c9a4bc2da9d15f816499b251cc9a9650c2f582bb93bd30a800.bmp.lzma': I/O error on file C:/Users/guilh/Desktop/Tibia 11.44.5516/assets/sprites-71bd6d56914568c9a4bc2da9d15f816499b251cc9a9650c2f582bb93bd30a800.bmp.lzma: No such file or directory"
[ 23:20:13,896 ] Update failed. Please reinstall Tibia to update your client.
[ 23:20:13,900 ] "Failed to load asset 'sprites-7fbb7f91a26de4b9d6a4117690c725bf48cbc2ae1d755dfc07fb5b8835ae8f0c.bmp.lzma': I/O error on file C:/Users/guilh/Desktop/Tibia 11.44.5516/assets/sprites-7fbb7f91a26de4b9d6a4117690c725bf48cbc2ae1d755dfc07fb5b8835ae8f0c.bmp.lzma: No such file or directory"
[ 23:20:13,900 ] Update failed. Please reinstall Tibia to update your client.
[ 23:20:13,904 ] "Failed to load asset 'sprites-a5cd5f5614b17d8fc6f6e3edcce5e95839f2882f0e92a2038a5c51eeaf6cf244.bmp.lzma': I/O error on file C:/Users/guilh/Desktop/Tibia 11.44.5516/assets/sprites-a5cd5f5614b17d8fc6f6e3edcce5e95839f2882f0e92a2038a5c51eeaf6cf244.bmp.lzma: No such file or directory"
[ 23:20:13,905 ] Update failed. Please reinstall Tibia to update your client.
[ 23:20:13,908 ] "Failed to load asset 'sprites-b516b6911209e00189b387ba93f99d3ae4d50c935c916ee7446bc386ca964116.bmp.lzma': I/O error on file C:/Users/guilh/Desktop/Tibia 11.44.5516/assets/sprites-b516b6911209e00189b387ba93f99d3ae4d50c935c916ee7446bc386ca964116.bmp.lzma: No such file or directory"
[ 23:20:13,909 ] Update failed. Please reinstall Tibia to update your client.
[ 23:20:13,912 ] "Failed to load asset 'sprites-e0d7ace48e9838f62f1dc359c8af819d45adfdda6faf4aa86b0590a0d9a183a6.bmp.lzma': I/O error on file C:/Users/guilh/Desktop/Tibia 11.44.5516/assets/sprites-e0d7ace48e9838f62f1dc359c8af819d45adfdda6faf4aa86b0590a0d9a183a6.bmp.lzma: No such file or directory"
[ 23:20:13,912 ] Update failed. Please reinstall Tibia to update your client.
[ 23:20:13,916 ] "Failed to load asset 'sprites-a8d965adc5a1c45af8b82d7823c86d66562a93965732db899e1e5eabe75ca6df.bmp.lzma': I/O error on file C:/Users/guilh/Desktop/Tibia 11.44.5516/assets/sprites-a8d965adc5a1c45af8b82d7823c86d66562a93965732db899e1e5eabe75ca6df.bmp.lzma: No such file or directory"
[ 23:20:13,916 ] Update failed. Please reinstall Tibia to update your client.
[ 23:20:13,919 ] "Failed to load asset 'sprites-e5c68c31c73980d80de51f9fbd85c1fb9e05c317f22dbd05d7fca86f4000ab6d.bmp.lzma': I/O error on file C:/Users/guilh/Desktop/Tibia 11.44.5516/assets/sprites-e5c68c31c73980d80de51f9fbd85c1fb9e05c317f22dbd05d7fca86f4000ab6d.bmp.lzma: No such file or directory"
[ 23:20:13,920 ] Update failed. Please reinstall Tibia to update your client.
[ 23:20:13,923 ] "Failed to load asset 'sprites-c23f7956c9c450685cd696ed6c22f14ca793a7bc91ac4b267b486c7443cfc8ca.bmp.lzma': I/O error on file C:/Users/guilh/Desktop/Tibia 11.44.5516/assets/sprites-c23f7956c9c450685cd696ed6c22f14ca793a7bc91ac4b267b486c7443cfc8ca.bmp.lzma: No such file or directory"
[ 23:20:13,923 ] Update failed. Please reinstall Tibia to update your client.
[ 23:20:13,927 ] "Failed to load asset 'sprites-9c5bc3bccba351267862a637c934e23f39c248c875d5a300445e62d871777b3f.bmp.lzma': I/O error on file C:/Users/guilh/Desktop/Tibia 11.44.5516/assets/sprites-9c5bc3bccba351267862a637c934e23f39c248c875d5a300445e62d871777b3f.bmp.lzma: No such file or directory"
[ 23:20:13,928 ] Update failed. Please reinstall Tibia to update your client.
[ 23:20:13,930 ] "Failed to load asset 'sprites-962b4f2dd8c5d03758000b0ac54081f3ce8953206a7f372ae1fb96736224a439.bmp.lzma': I/O error on file C:/Users/guilh/Desktop/Tibia 11.44.5516/assets/sprites-962b4f2dd8c5d03758000b0ac54081f3ce8953206a7f372ae1fb96736224a439.bmp.lzma: No such file or directory"
[ 23:20:13,931 ] Update failed. Please reinstall Tibia to update your client.
[ 23:20:13,934 ] "Failed to load asset 'sprites-cad8ca2578bdc8dd800b0ef7581067f7e4d858c15d3c6bbdd6ab1fab8aa64dd1.bmp.lzma': I/O error on file C:/Users/guilh/Desktop/Tibia 11.44.5516/assets/sprites-cad8ca2578bdc8dd800b0ef7581067f7e4d858c15d3c6bbdd6ab1fab8aa64dd1.bmp.lzma: No such file or directory"
[ 23:20:13,934 ] Update failed. Please reinstall Tibia to update your client.
[ 23:20:13,939 ] "Failed to load asset 'sprites-d432cabb58cdbbcd13b4a553e39485210e9cc14901d26c94a54bc28b2c0deb1c.bmp.lzma': I/O error on file C:/Users/guilh/Desktop/Tibia 11.44.5516/assets/sprites-d432cabb58cdbbcd13b4a553e39485210e9cc14901d26c94a54bc28b2c0deb1c.bmp.lzma: No such file or directory"
[ 23:20:13,940 ] Update failed. Please reinstall Tibia to update your client.
[ 23:20:13,944 ] "Failed to load asset 'sprites-83f94c56175fee1ac861a5fcfa0adc9734bd5fc53ff9af34fb44958676ee0c6b.bmp.lzma': I/O error on file C:/Users/guilh/Desktop/Tibia 11.44.5516/assets/sprites-83f94c56175fee1ac861a5fcfa0adc9734bd5fc53ff9af34fb44958676ee0c6b.bmp.lzma: No such file or directory"
[ 23:20:13,945 ] Update failed. Please reinstall Tibia to update your client.
[ 23:20:13,948 ] "Failed to load asset 'sprites-8d7fd845d4e59c493fb1481c998be7daa367a959a4955de5447f46f921b4bb70.bmp.lzma': I/O error on file C:/Users/guilh/Desktop/Tibia 11.44.5516/assets/sprites-8d7fd845d4e59c493fb1481c998be7daa367a959a4955de5447f46f921b4bb70.bmp.lzma: No such file or directory"
[ 23:20:13,949 ] Update failed. Please reinstall Tibia to update your client.
[ 23:20:13,952 ] "Failed to load asset 'sprites-b1870e70fb25db3b006e5810d3269f287736f95b8ac7ab89894941bc758b3312.bmp.lzma': I/O error on file C:/Users/guilh/Desktop/Tibia 11.44.5516/assets/sprites-b1870e70fb25db3b006e5810d3269f287736f95b8ac7ab89894941bc758b3312.bmp.lzma: No such file or directory"
[ 23:20:13,953 ] Update failed. Please reinstall Tibia to update your client.
[ 23:20:13,958 ] "Failed to load asset 'sprites-981edf7db746e5fef800f40b65f16a5a4d2b27cfc48a8db8ce456e5c385c62a3.bmp.lzma': I/O error on file C:/Users/guilh/Desktop/Tibia 11.44.5516/assets/sprites-981edf7db746e5fef800f40b65f16a5a4d2b27cfc48a8db8ce456e5c385c62a3.bmp.lzma: No such file or directory"
[ 23:20:13,959 ] Update failed. Please reinstall Tibia to update your client.
[ 23:20:13,964 ] "Failed to load asset 'sprites-7b46f9a0dad3d0341f26377a72911101e6ef17f85ae000a0d7a92f3a613bc177.bmp.lzma': I/O error on file C:/Users/guilh/Desktop/Tibia 11.44.5516/assets/sprites-7b46f9a0dad3d0341f26377a72911101e6ef17f85ae000a0d7a92f3a613bc177.bmp.lzma: No such file or directory"
[ 23:20:13,966 ] Update failed. Please reinstall Tibia to update your client.
[ 23:20:13,979 ] "Failed to load asset 'sprites-b6365e2a1a2e0d7f853356f850ff65d4111b9ab569c9e92e2790d7ad01fbd968.bmp.lzma': I/O error on file C:/Users/guilh/Desktop/Tibia 11.44.5516/assets/sprites-b6365e2a1a2e0d7f853356f850ff65d4111b9ab569c9e92e2790d7ad01fbd968.bmp.lzma: No such file or directory"
[ 23:20:13,980 ] Update failed. Please reinstall Tibia to update your client.
[ 23:20:13,984 ] "Failed to load asset 'sprites-e23a925aafa59d864df55f425bf6e4ed3d162c004a399cf32f1b444cf958906e.bmp.lzma': I/O error on file C:/Users/guilh/Desktop/Tibia 11.44.5516/assets/sprites-e23a925aafa59d864df55f425bf6e4ed3d162c004a399cf32f1b444cf958906e.bmp.lzma: No such file or directory"
[ 23:20:13,984 ] Update failed. Please reinstall Tibia to update your client.
[ 23:20:13,987 ] "Failed to load asset 'sprites-bf6703963158138a548e6e8f212e4de07b8afeae31b1d18ec44bfe6da4de6745.bmp.lzma': I/O error on file C:/Users/guilh/Desktop/Tibia 11.44.5516/assets/sprites-bf6703963158138a548e6e8f212e4de07b8afeae31b1d18ec44bfe6da4de6745.bmp.lzma: No such file or directory"
[ 23:20:13,988 ] Update failed. Please reinstall Tibia to update your client.
[ 23:20:13,991 ] "Failed to load asset 'sprites-a062f89d28cb5287a0860e3646864a695b5eef17e3eea707f1379c4b43f71136.bmp.lzma': I/O error on file C:/Users/guilh/Desktop/Tibia 11.44.5516/assets/sprites-a062f89d28cb5287a0860e3646864a695b5eef17e3eea707f1379c4b43f71136.bmp.lzma: No such file or directory"
[ 23:20:13,991 ] Update failed. Please reinstall Tibia to update your client.
[ 23:20:13,994 ] "Failed to load asset 'sprites-9f057a3c40fbad002e934e6e89a46df7d1e057ee3f42cbe16dd7d3ab6384a9b0.bmp.lzma': I/O error on file C:/Users/guilh/Desktop/Tibia 11.44.5516/assets/sprites-9f057a3c40fbad002e934e6e89a46df7d1e057ee3f42cbe16dd7d3ab6384a9b0.bmp.lzma: No such file or directory"
[ 23:20:13,995 ] Update failed. Please reinstall Tibia to update your client.
[ 23:20:13,998 ] "Failed to load asset 'sprites-fd97f470091bab1a9a5cac6895d8ce7bdd77d66e4c49f7672c29ae2c02c1fa7e.bmp.lzma': I/O error on file C:/Users/guilh/Desktop/Tibia 11.44.5516/assets/sprites-fd97f470091bab1a9a5cac6895d8ce7bdd77d66e4c49f7672c29ae2c02c1fa7e.bmp.lzma: No such file or directory"
[ 23:20:13,998 ] Update failed. Please reinstall Tibia to update your client.
[ 23:20:14,001 ] "Failed to load asset 'sprites-a8e2dce9b5d2207a6f487eb034b382a601e27a4e155780e65b3b6301f2e6b319.bmp.lzma': I/O error on file C:/Users/guilh/Desktop/Tibia 11.44.5516/assets/sprites-a8e2dce9b5d2207a6f487eb034b382a601e27a4e155780e65b3b6301f2e6b319.bmp.lzma: No such file or directory"
[ 23:20:14,002 ] Update failed. Please reinstall Tibia to update your client.
[ 23:20:14,076 ] "Failed to load asset 'sprites-9afcdbdbee161d08496e9b955993100bd1804ffcb033d5ae6499ba6cef79570f.bmp.lzma': I/O error on file C:/Users/guilh/Desktop/Tibia 11.44.5516/assets/sprites-9afcdbdbee161d08496e9b955993100bd1804ffcb033d5ae6499ba6cef79570f.bmp.lzma: No such file or directory"
[ 23:20:14,077 ] Update failed. Please reinstall Tibia to update your client.
[ 23:20:14,079 ] "Failed to load asset 'sprites-f214d73e2814da32331784965e1c7091eadd5f179c029f0ad27945f8dc0e730e.bmp.lzma': I/O error on file C:/Users/guilh/Desktop/Tibia 11.44.5516/assets/sprites-f214d73e2814da32331784965e1c7091eadd5f179c029f0ad27945f8dc0e730e.bmp.lzma: No such file or directory"
[ 23:20:14,080 ] Update failed. Please reinstall Tibia to update your client.
[ 23:20:14,083 ] "Failed to load asset 'sprites-90406e54a6058dbb6f8e185df122cb45a6074546d4c480fb5df89e21763be722.bmp.lzma': I/O error on file C:/Users/guilh/Desktop/Tibia 11.44.5516/assets/sprites-90406e54a6058dbb6f8e185df122cb45a6074546d4c480fb5df89e21763be722.bmp.lzma: No such file or directory"
[ 23:20:14,084 ] Update failed. Please reinstall Tibia to update your client.
[ 23:20:14,088 ] "Failed to load asset 'sprites-f51d3fc39ec5cfea1c603219022ac115a474e8602ae1c7179c937f5ceb4d4c2a.bmp.lzma': I/O error on file C:/Users/guilh/Desktop/Tibia 11.44.5516/assets/sprites-f51d3fc39ec5cfea1c603219022ac115a474e8602ae1c7179c937f5ceb4d4c2a.bmp.lzma: No such file or directory"
[ 23:20:14,089 ] Update failed. Please reinstall Tibia to update your client.
[ 23:20:14,094 ] "Failed to load asset 'sprites-885eb14fb6a5295a27eda66eb769877d25eb43b6e1b5cb859540212d055213d9.bmp.lzma': I/O error on file C:/Users/guilh/Desktop/Tibia 11.44.5516/assets/sprites-885eb14fb6a5295a27eda66eb769877d25eb43b6e1b5cb859540212d055213d9.bmp.lzma: No such file or directory"
[ 23:20:14,095 ] Update failed. Please reinstall Tibia to update your client.
[ 23:20:14,101 ] "Failed to load asset 'sprites-ae3166c2578d05d2d8ef73f2b2057b93f4636a9900a521c5b7bdac399e20e192.bmp.lzma': I/O error on file C:/Users/guilh/Desktop/Tibia 11.44.5516/assets/sprites-ae3166c2578d05d2d8ef73f2b2057b93f4636a9900a521c5b7bdac399e20e192.bmp.lzma: No such file or directory"
[ 23:20:14,102 ] Update failed. Please reinstall Tibia to update your client.
[ 23:20:14,107 ] "Failed to load asset 'sprites-97702b7f517a65552d0e93f100744c0428d9bc3c33aca9c1a16e1892559c7fdd.bmp.lzma': I/O error on file C:/Users/guilh/Desktop/Tibia 11.44.5516/assets/sprites-97702b7f517a65552d0e93f100744c0428d9bc3c33aca9c1a16e1892559c7fdd.bmp.lzma: No such file or directory"
[ 23:20:14,108 ] Update failed. Please reinstall Tibia to update your client.
[ 23:20:14,112 ] "Failed to load asset 'sprites-86ba2da64e0a3937dc994687f705edbbc7f8ce8969b7de6624fa4c3d135132e4.bmp.lzma': I/O error on file C:/Users/guilh/Desktop/Tibia 11.44.5516/assets/sprites-86ba2da64e0a3937dc994687f705edbbc7f8ce8969b7de6624fa4c3d135132e4.bmp.lzma: No such file or directory"
[ 23:20:14,113 ] Update failed. Please reinstall Tibia to update your client.
[ 23:20:14,116 ] "Failed to load asset 'sprites-a32aa00fe1071b746492d48f6ffbc88ca6f82feec19cb9b372d8c36062c3d4cc.bmp.lzma': I/O error on file C:/Users/guilh/Desktop/Tibia 11.44.5516/assets/sprites-a32aa00fe1071b746492d48f6ffbc88ca6f82feec19cb9b372d8c36062c3d4cc.bmp.lzma: No such file or directory"
[ 23:20:14,117 ] Update failed. Please reinstall Tibia to update your client.
[ 23:20:14,121 ] "Failed to load asset 'sprites-8dcd340ba6a0b820b847ed9ac3ffee4d2375205e9c7273b109a94a4bfc9d894d.bmp.lzma': I/O error on file C:/Users/guilh/Desktop/Tibia 11.44.5516/assets/sprites-8dcd340ba6a0b820b847ed9ac3ffee4d2375205e9c7273b109a94a4bfc9d894d.bmp.lzma: No such file or directory"
[ 23:20:14,121 ] Update failed. Please reinstall Tibia to update your client.
[ 23:20:14,126 ] "Failed to load asset 'sprites-fd6931de5ec02a567ad09b1fc6e19c2e8d87b5b0eff8988a94500c9ec63b3445.bmp.lzma': I/O error on file C:/Users/guilh/Desktop/Tibia 11.44.5516/assets/sprites-fd6931de5ec02a567ad09b1fc6e19c2e8d87b5b0eff8988a94500c9ec63b3445.bmp.lzma: No such file or directory"
[ 23:20:14,126 ] Update failed. Please reinstall Tibia to update your client.
[ 23:20:14,132 ] "Failed to load asset 'sprites-861394456d0ce9b83684050b9fdfbc7c8ea3f027b467b33f11a385a9f267a671.bmp.lzma': I/O error on file C:/Users/guilh/Desktop/Tibia 11.44.5516/assets/sprites-861394456d0ce9b83684050b9fdfbc7c8ea3f027b467b33f11a385a9f267a671.bmp.lzma: No such file or directory"
[ 23:20:14,132 ] Update failed. Please reinstall Tibia to update your client.
[ 23:20:14,137 ] "Failed to load asset 'sprites-dd55c860268e5d559a9b5b137325aa5967a9d9162c2aa94441ac328e9a82c499.bmp.lzma': I/O error on file C:/Users/guilh/Desktop/Tibia 11.44.5516/assets/sprites-dd55c860268e5d559a9b5b137325aa5967a9d9162c2aa94441ac328e9a82c499.bmp.lzma: No such file or directory"
[ 23:20:14,137 ] Update failed. Please reinstall Tibia to update your client.
[ 23:20:14,141 ] "Failed to load asset 'sprites-db8b63e37b08768d0c1d59cb4c17e5bc5f7d41015e99183e309bb3a93d83b6a9.bmp.lzma': I/O error on file C:/Users/guilh/Desktop/Tibia 11.44.5516/assets/sprites-db8b63e37b08768d0c1d59cb4c17e5bc5f7d41015e99183e309bb3a93d83b6a9.bmp.lzma: No such file or directory"
[ 23:20:14,142 ] Update failed. Please reinstall Tibia to update your client.
[ 23:20:14,147 ] "Failed to load asset 'sprites-a3c9b2ef585bd66d51453241bcee421c86954d9e4abbafe88b61ebf4e22234b6.bmp.lzma': I/O error on file C:/Users/guilh/Desktop/Tibia 11.44.5516/assets/sprites-a3c9b2ef585bd66d51453241bcee421c86954d9e4abbafe88b61ebf4e22234b6.bmp.lzma: No such file or directory"
[ 23:20:14,148 ] Update failed. Please reinstall Tibia to update your client.
[ 23:20:14,153 ] "Failed to load asset 'sprites-86fc856f993233d7777381eb1c93e6f2d6a366993c5e078b4b794e11960c1ce1.bmp.lzma': I/O error on file C:/Users/guilh/Desktop/Tibia 11.44.5516/assets/sprites-86fc856f993233d7777381eb1c93e6f2d6a366993c5e078b4b794e11960c1ce1.bmp.lzma: No such file or directory"
[ 23:20:14,153 ] Update failed. Please reinstall Tibia to update your client.
[ 23:20:14,157 ] "Failed to load asset 'sprites-bbae3657a28528f78e6eaca19887c43f250f9f77ffae39f0df73a6061737f499.bmp.lzma': I/O error on file C:/Users/guilh/Desktop/Tibia 11.44.5516/assets/sprites-bbae3657a28528f78e6eaca19887c43f250f9f77ffae39f0df73a6061737f499.bmp.lzma: No such file or directory"
[ 23:20:14,158 ] Update failed. Please reinstall Tibia to update your client.
[ 23:20:14,163 ] "Failed to load asset 'sprites-8b92dc4e842047d740f453ea3b9c180d708b714cb65cb871e2ea9641f8fec5ab.bmp.lzma': I/O error on file C:/Users/guilh/Desktop/Tibia 11.44.5516/assets/sprites-8b92dc4e842047d740f453ea3b9c180d708b714cb65cb871e2ea9641f8fec5ab.bmp.lzma: No such file or directory"
[ 23:20:14,164 ] Update failed. Please reinstall Tibia to update your client.
[ 23:20:14,168 ] "Failed to load asset 'sprites-bbc504a697f20a683ba3585f060a88b8c9deec8001aceb9736d3a33c344cb45e.bmp.lzma': I/O error on file C:/Users/guilh/Desktop/Tibia 11.44.5516/assets/sprites-bbc504a697f20a683ba3585f060a88b8c9deec8001aceb9736d3a33c344cb45e.bmp.lzma: No such file or directory"
[ 23:20:14,168 ] Update failed. Please reinstall Tibia to update your client.
[ 23:20:14,172 ] "Failed to load asset 'sprites-b74904646b0f65a45e2ba9a748e880651a79666d668e068df1a92e310fe4ca29.bmp.lzma': I/O error on file C:/Users/guilh/Desktop/Tibia 11.44.5516/assets/sprites-b74904646b0f65a45e2ba9a748e880651a79666d668e068df1a92e310fe4ca29.bmp.lzma: No such file or directory"
[ 23:20:14,173 ] Update failed. Please reinstall Tibia to update your client.
[ 23:20:14,179 ] "Failed to load asset 'sprites-eaf96e9ed7e21fbf657b788f36c4933c5727a09bdf430c49371db6f82dd0a308.bmp.lzma': I/O error on file C:/Users/guilh/Desktop/Tibia 11.44.5516/assets/sprites-eaf96e9ed7e21fbf657b788f36c4933c5727a09bdf430c49371db6f82dd0a308.bmp.lzma: No such file or directory"
[ 23:20:14,180 ] Update failed. Please reinstall Tibia to update your client.
[ 23:20:14,184 ] "Failed to load asset 'sprites-c3594ea5a2c4162a5c28fa780a4ed252cb63f08649386834a2d931b481ffad70.bmp.lzma': I/O error on file C:/Users/guilh/Desktop/Tibia 11.44.5516/assets/sprites-c3594ea5a2c4162a5c28fa780a4ed252cb63f08649386834a2d931b481ffad70.bmp.lzma: No such file or directory"
[ 23:20:14,185 ] Update failed. Please reinstall Tibia to update your client.
[ 23:20:14,189 ] "Failed to load asset 'sprites-a0adad5b1429fecd0c86145c13af1f24ef332b234619372b0df5d5c9ee404416.bmp.lzma': I/O error on file C:/Users/guilh/Desktop/Tibia 11.44.5516/assets/sprites-a0adad5b1429fecd0c86145c13af1f24ef332b234619372b0df5d5c9ee404416.bmp.lzma: No such file or directory"
[ 23:20:14,189 ] Update failed. Please reinstall Tibia to update your client.
[ 23:20:14,193 ] "Failed to load asset 'sprites-e94dcee85881d60a1a4f7e23e40bda4fbabf2f25bbd742dc8c07355f993d8d9e.bmp.lzma': I/O error on file C:/Users/guilh/Desktop/Tibia 11.44.5516/assets/sprites-e94dcee85881d60a1a4f7e23e40bda4fbabf2f25bbd742dc8c07355f993d8d9e.bmp.lzma: No such file or directory"
[ 23:20:14,193 ] Update failed. Please reinstall Tibia to update your client.
[ 23:20:14,197 ] "Failed to load asset 'sprites-e7c060d045def3e802545eab59a86f74aba31f8b5910cf43efd870ce9cc54661.bmp.lzma': I/O error on file C:/Users/guilh/Desktop/Tibia 11.44.5516/assets/sprites-e7c060d045def3e802545eab59a86f74aba31f8b5910cf43efd870ce9cc54661.bmp.lzma: No such file or directory"
[ 23:20:14,198 ] Update failed. Please reinstall Tibia to update your client.
[ 23:20:14,204 ] "Failed to load asset 'sprites-f3e5cd97eec78783f9688fa3142003aa72675d510b26d8e17d384f870b415f9f.bmp.lzma': I/O error on file C:/Users/guilh/Desktop/Tibia 11.44.5516/assets/sprites-f3e5cd97eec78783f9688fa3142003aa72675d510b26d8e17d384f870b415f9f.bmp.lzma: No such file or directory"
[ 23:20:14,205 ] Update failed. Please reinstall Tibia to update your client.
[ 23:20:14,211 ] "Failed to load asset 'sprites-dd700552a5039aa40eded8e81e3aec7fe4147bf4c6c702ef2e07a280af381dc4.bmp.lzma': I/O error on file C:/Users/guilh/Desktop/Tibia 11.44.5516/assets/sprites-dd700552a5039aa40eded8e81e3aec7fe4147bf4c6c702ef2e07a280af381dc4.bmp.lzma: No such file or directory"
[ 23:20:14,211 ] Update failed. Please reinstall Tibia to update your client.
[ 23:20:14,215 ] "Failed to load asset 'sprites-88330506fbc2803416b067016a52eb7b3b83a9d3c51324650383e6ee7e44afd3.bmp.lzma': I/O error on file C:/Users/guilh/Desktop/Tibia 11.44.5516/assets/sprites-88330506fbc2803416b067016a52eb7b3b83a9d3c51324650383e6ee7e44afd3.bmp.lzma: No such file or directory"
[ 23:20:14,216 ] Update failed. Please reinstall Tibia to update your client.
[ 23:20:14,231 ] "Failed to load asset 'sprites-7e1d1b4bf5522d1c50bb5f17e3d0f779697f4d6bedea015eaba7fa4befea5a0b.bmp.lzma': I/O error on file C:/Users/guilh/Desktop/Tibia 11.44.5516/assets/sprites-7e1d1b4bf5522d1c50bb5f17e3d0f779697f4d6bedea015eaba7fa4befea5a0b.bmp.lzma: No such file or directory"
[ 23:20:14,232 ] Update failed. Please reinstall Tibia to update your client.
[ 23:20:14,236 ] "Failed to load asset 'sprites-d8836d5fe6af4211512940b2255ee616e0785eb10f05607e7b0fbd1467096873.bmp.lzma': I/O error on file C:/Users/guilh/Desktop/Tibia 11.44.5516/assets/sprites-d8836d5fe6af4211512940b2255ee616e0785eb10f05607e7b0fbd1467096873.bmp.lzma: No such file or directory"
[ 23:20:14,237 ] Update failed. Please reinstall Tibia to update your client.
[ 23:20:14,241 ] "Failed to load asset 'sprites-8732e90957a7df972c7377afbb6a139c9103e36fd516d525041e63f62cd1de9c.bmp.lzma': I/O error on file C:/Users/guilh/Desktop/Tibia 11.44.5516/assets/sprites-8732e90957a7df972c7377afbb6a139c9103e36fd516d525041e63f62cd1de9c.bmp.lzma: No such file or directory"
[ 23:20:14,241 ] Update failed. Please reinstall Tibia to update your client.
[ 23:20:14,245 ] "Failed to load asset 'sprites-ff8f93b800908fbb6b670db0515ef920090ada4f040d1e70e2eebae1363f1fdf.bmp.lzma': I/O error on file C:/Users/guilh/Desktop/Tibia 11.44.5516/assets/sprites-ff8f93b800908fbb6b670db0515ef920090ada4f040d1e70e2eebae1363f1fdf.bmp.lzma: No such file or directory"
[ 23:20:14,246 ] Update failed. Please reinstall Tibia to update your client.
[ 23:20:14,251 ] "Failed to load asset 'sprites-e5078dae3772211dd95e91f428906fb0a71a2e302b51fc2c096ef42619d75d7f.bmp.lzma': I/O error on file C:/Users/guilh/Desktop/Tibia 11.44.5516/assets/sprites-e5078dae3772211dd95e91f428906fb0a71a2e302b51fc2c096ef42619d75d7f.bmp.lzma: No such file or directory"
[ 23:20:14,252 ] Update failed. Please reinstall Tibia to update your client.
[ 23:20:14,258 ] "Failed to load asset 'sprites-a98ba9d6093aeff2ac29a9ba7d3f541e63eada902823b57626f6e5f51d11d5b5.bmp.lzma': I/O error on file C:/Users/guilh/Desktop/Tibia 11.44.5516/assets/sprites-a98ba9d6093aeff2ac29a9ba7d3f541e63eada902823b57626f6e5f51d11d5b5.bmp.lzma: No such file or directory"
[ 23:20:14,259 ] Update failed. Please reinstall Tibia to update your client.
[ 23:20:14,263 ] "Failed to load asset 'sprites-fbeea24ebed34fd5b3dedde1913c66af446b507b5c626d27a70928a51e6b1c8c.bmp.lzma': I/O error on file C:/Users/guilh/Desktop/Tibia 11.44.5516/assets/sprites-fbeea24ebed34fd5b3dedde1913c66af446b507b5c626d27a70928a51e6b1c8c.bmp.lzma: No such file or directory"
[ 23:20:14,264 ] Update failed. Please reinstall Tibia to update your client.
[ 23:20:14,268 ] "Failed to load asset 'sprites-b0b99e8878e19c0db85202d80dc4bb5bcb1d17b30ce114506032aa142ad4694b.bmp.lzma': I/O error on file C:/Users/guilh/Desktop/Tibia 11.44.5516/assets/sprites-b0b99e8878e19c0db85202d80dc4bb5bcb1d17b30ce114506032aa142ad4694b.bmp.lzma: No such file or directory"
[ 23:20:14,269 ] Update failed. Please reinstall Tibia to update your client.
[ 23:20:14,273 ] "Failed to load asset 'sprites-84f9fc589843eb7cf27494e8378dcff33ca6aac16115be90acbaf3c3fa63841e.bmp.lzma': I/O error on file C:/Users/guilh/Desktop/Tibia 11.44.5516/assets/sprites-84f9fc589843eb7cf27494e8378dcff33ca6aac16115be90acbaf3c3fa63841e.bmp.lzma: No such file or directory"
[ 23:20:14,274 ] Update failed. Please reinstall Tibia to update your client.
[ 23:20:14,278 ] "Failed to load asset 'sprites-c3a04588bd10bab4e8827e836cce923467e9e5695f05c6e12d2da79ae78b8a5e.bmp.lzma': I/O error on file C:/Users/guilh/Desktop/Tibia 11.44.5516/assets/sprites-c3a04588bd10bab4e8827e836cce923467e9e5695f05c6e12d2da79ae78b8a5e.bmp.lzma: No such file or directory"
[ 23:20:14,279 ] Update failed. Please reinstall Tibia to update your client.
[ 23:20:14,283 ] "Failed to load asset 'sprites-9b0c016ff286571b05dc073a498ddc32e36e2ca916532e423f7bd73dd2d0289e.bmp.lzma': I/O error on file C:/Users/guilh/Desktop/Tibia 11.44.5516/assets/sprites-9b0c016ff286571b05dc073a498ddc32e36e2ca916532e423f7bd73dd2d0289e.bmp.lzma: No such file or directory"
[ 23:20:14,284 ] Update failed. Please reinstall Tibia to update your client.
[ 23:20:14,289 ] "Failed to load asset 'sprites-fd456d3fdda684fa0a03b79625ba04f00e1e33f21ede250fda610c203b24e367.bmp.lzma': I/O error on file C:/Users/guilh/Desktop/Tibia 11.44.5516/assets/sprites-fd456d3fdda684fa0a03b79625ba04f00e1e33f21ede250fda610c203b24e367.bmp.lzma: No such file or directory"
[ 23:20:14,290 ] Update failed. Please reinstall Tibia to update your client.
[ 23:20:14,295 ] "Failed to load asset 'sprites-ef98cb72f0d4ddc34b9e5371838ce266221d4f7d916e705d5d796b2feaf95d54.bmp.lzma': I/O error on file C:/Users/guilh/Desktop/Tibia 11.44.5516/assets/sprites-ef98cb72f0d4ddc34b9e5371838ce266221d4f7d916e705d5d796b2feaf95d54.bmp.lzma: No such file or directory"
[ 23:20:14,296 ] Update failed. Please reinstall Tibia to update your client.
[ 23:20:14,300 ] "Failed to load asset 'sprites-ead7d6a9322a536918f022b03ceac6e86af2367b03359eb71f4e16cbf88b0f52.bmp.lzma': I/O error on file C:/Users/guilh/Desktop/Tibia 11.44.5516/assets/sprites-ead7d6a9322a536918f022b03ceac6e86af2367b03359eb71f4e16cbf88b0f52.bmp.lzma: No such file or directory"
[ 23:20:14,301 ] Update failed. Please reinstall Tibia to update your client.
[ 23:20:14,304 ] "Failed to load asset 'sprites-7c11c0aff49cf0bbf76b20e13a0a86731bce97223c328aaffdc9e414864cb662.bmp.lzma': I/O error on file C:/Users/guilh/Desktop/Tibia 11.44.5516/assets/sprites-7c11c0aff49cf0bbf76b20e13a0a86731bce97223c328aaffdc9e414864cb662.bmp.lzma: No such file or directory"
[ 23:20:14,305 ] Update failed. Please reinstall Tibia to update your client.
[ 23:20:14,309 ] "Failed to load asset 'sprites-d2391ebb2aacf8893fb2a9a484fe47b6c97e9329dd08279de232bd5cafb95bc6.bmp.lzma': I/O error on file C:/Users/guilh/Desktop/Tibia 11.44.5516/assets/sprites-d2391ebb2aacf8893fb2a9a484fe47b6c97e9329dd08279de232bd5cafb95bc6.bmp.lzma: No such file or directory"
[ 23:20:14,310 ] Update failed. Please reinstall Tibia to update your client.
[ 23:20:14,313 ] "Failed to load asset 'sprites-8c0d932f38ecf5611622f12abe582a465b0e28c632f110d401b1d46f95564d3b.bmp.lzma': I/O error on file C:/Users/guilh/Desktop/Tibia 11.44.5516/assets/sprites-8c0d932f38ecf5611622f12abe582a465b0e28c632f110d401b1d46f95564d3b.bmp.lzma: No such file or directory"
[ 23:20:14,314 ] Update failed. Please reinstall Tibia to update your client.
[ 23:20:14,319 ] "Failed to load asset 'sprites-87ffc8b8bd37a433529e7adb61eda0423c598edfd4067e8d3db221c58731f97e.bmp.lzma': I/O error on file C:/Users/guilh/Desktop/Tibia 11.44.5516/assets/sprites-87ffc8b8bd37a433529e7adb61eda0423c598edfd4067e8d3db221c58731f97e.bmp.lzma: No such file or directory"
[ 23:20:14,320 ] Update failed. Please reinstall Tibia to update your client.
[ 23:20:14,324 ] "Failed to load asset 'sprites-ea4ced5c0e0a5233392d83229725a4feddd67b95cf411591004f6bcdb29a2904.bmp.lzma': I/O error on file C:/Users/guilh/Desktop/Tibia 11.44.5516/assets/sprites-ea4ced5c0e0a5233392d83229725a4feddd67b95cf411591004f6bcdb29a2904.bmp.lzma: No such file or directory"
[ 23:20:14,325 ] Update failed. Please reinstall Tibia to update your client.
[ 23:20:14,329 ] "Failed to load asset 'sprites-81a8540a28cb39d84003d7f23a10314d571105dbd4a326d7d7bf4f3cfa70041f.bmp.lzma': I/O error on file C:/Users/guilh/Desktop/Tibia 11.44.5516/assets/sprites-81a8540a28cb39d84003d7f23a10314d571105dbd4a326d7d7bf4f3cfa70041f.bmp.lzma: No such file or directory"
[ 23:20:14,330 ] Update failed. Please reinstall Tibia to update your client.
[ 23:20:14,334 ] "Failed to load asset 'sprites-6f4b8321abc4f8263dcbd3eec6d898386394d82cafd6deb81f349e6e04cb9909.bmp.lzma': I/O error on file C:/Users/guilh/Desktop/Tibia 11.44.5516/assets/sprites-6f4b8321abc4f8263dcbd3eec6d898386394d82cafd6deb81f349e6e04cb9909.bmp.lzma: No such file or directory"
[ 23:20:14,335 ] Update failed. Please reinstall Tibia to update your client.
[ 23:20:14,338 ] "Failed to load asset 'sprites-fa26c208284d809ff8b77aa4af1fccbc6b768e6a0ae34ce4faeebc5c13891ea3.bmp.lzma': I/O error on file C:/Users/guilh/Desktop/Tibia 11.44.5516/assets/sprites-fa26c208284d809ff8b77aa4af1fccbc6b768e6a0ae34ce4faeebc5c13891ea3.bmp.lzma: No such file or directory"
[ 23:20:14,339 ] Update failed. Please reinstall Tibia to update your client.
[ 23:20:14,342 ] "Failed to load asset 'sprites-b2ae53d80cd31504e939b7beffe06f959b0437f0b4dd9894f17cc9f230557998.bmp.lzma': I/O error on file C:/Users/guilh/Desktop/Tibia 11.44.5516/assets/sprites-b2ae53d80cd31504e939b7beffe06f959b0437f0b4dd9894f17cc9f230557998.bmp.lzma: No such file or directory"
[ 23:20:14,342 ] Update failed. Please reinstall Tibia to update your client.
[ 23:20:14,346 ] "Failed to load asset 'sprites-b4ed005a94b63f53ee1a377c7c8f6df9cdc20cca7b89764503bbd0f3d554fdae.bmp.lzma': I/O error on file C:/Users/guilh/Desktop/Tibia 11.44.5516/assets/sprites-b4ed005a94b63f53ee1a377c7c8f6df9cdc20cca7b89764503bbd0f3d554fdae.bmp.lzma: No such file or directory"
[ 23:20:14,347 ] Update failed. Please reinstall Tibia to update your client.
[ 23:20:14,350 ] "Failed to load asset 'sprites-8b0ddc5bea691a87a5f160f3ba02cc1937284781ac203c7683b3a485ddb77c9f.bmp.lzma': I/O error on file C:/Users/guilh/Desktop/Tibia 11.44.5516/assets/sprites-8b0ddc5bea691a87a5f160f3ba02cc1937284781ac203c7683b3a485ddb77c9f.bmp.lzma: No such file or directory"
[ 23:20:14,351 ] Update failed. Please reinstall Tibia to update your client.
[ 23:20:14,354 ] "Failed to load asset 'sprites-b15b347413cfaa741a44ea515ff795e56fea47938dc30f034c14a5f8491ca586.bmp.lzma': I/O error on file C:/Users/guilh/Desktop/Tibia 11.44.5516/assets/sprites-b15b347413cfaa741a44ea515ff795e56fea47938dc30f034c14a5f8491ca586.bmp.lzma: No such file or directory"
[ 23:20:14,355 ] Update failed. Please reinstall Tibia to update your client.
[ 23:20:14,358 ] "Failed to load asset 'sprites-e6529870601b92bc0d95f3b620a3f9bb99cd40bb50ba336cb34fb96289f11796.bmp.lzma': I/O error on file C:/Users/guilh/Desktop/Tibia 11.44.5516/assets/sprites-e6529870601b92bc0d95f3b620a3f9bb99cd40bb50ba336cb34fb96289f11796.bmp.lzma: No such file or directory"
[ 23:20:14,359 ] Update failed. Please reinstall Tibia to update your client.
[ 23:20:14,362 ] "Failed to load asset 'sprites-f3d4cc434ebcb70f8a75472e05f7b30dfd145436715de9afbbf73fc93683e8c9.bmp.lzma': I/O error on file C:/Users/guilh/Desktop/Tibia 11.44.5516/assets/sprites-f3d4cc434ebcb70f8a75472e05f7b30dfd145436715de9afbbf73fc93683e8c9.bmp.lzma: No such file or directory"
[ 23:20:14,363 ] Update failed. Please reinstall Tibia to update your client.
[ 23:20:14,366 ] "Failed to load asset 'sprites-991149ef6b084ce438a872213eca347a99c3cea7fe8a6ba66183eeca8ef15c76.bmp.lzma': I/O error on file C:/Users/guilh/Desktop/Tibia 11.44.5516/assets/sprites-991149ef6b084ce438a872213eca347a99c3cea7fe8a6ba66183eeca8ef15c76.bmp.lzma: No such file or directory"
[ 23:20:14,367 ] Update failed. Please reinstall Tibia to update your client.
[ 23:20:14,371 ] "Failed to load asset 'sprites-cc95bc759436daacb2ded2144457201b3592aa11eebfc73a63f0fc950d77f522.bmp.lzma': I/O error on file C:/Users/guilh/Desktop/Tibia 11.44.5516/assets/sprites-cc95bc759436daacb2ded2144457201b3592aa11eebfc73a63f0fc950d77f522.bmp.lzma: No such file or directory"
[ 23:20:14,371 ] Update failed. Please reinstall Tibia to update your client.
[ 23:20:14,376 ] "Failed to load asset 'sprites-b03a810150066e331d99b4455f394a47ceabd7ce83888de76a8c332475ed5e73.bmp.lzma': I/O error on file C:/Users/guilh/Desktop/Tibia 11.44.5516/assets/sprites-b03a810150066e331d99b4455f394a47ceabd7ce83888de76a8c332475ed5e73.bmp.lzma: No such file or directory"
[ 23:20:14,377 ] Update failed. Please reinstall Tibia to update your client.
[ 23:20:14,451 ] "Failed to load asset 'sprites-936f6f873a3f5f75ea6c5a8289d57a6136071a0aaa6ff4b8069e5b9dc04f2848.bmp.lzma': I/O error on file C:/Users/guilh/Desktop/Tibia 11.44.5516/assets/sprites-936f6f873a3f5f75ea6c5a8289d57a6136071a0aaa6ff4b8069e5b9dc04f2848.bmp.lzma: No such file or directory"
[ 23:20:14,452 ] Update failed. Please reinstall Tibia to update your client.
[ 23:20:14,455 ] "Failed to load asset 'sprites-98bbd37fa186d3088c8b56a5895a14ea4738169cbd6032a62e3135bb117401c6.bmp.lzma': I/O error on file C:/Users/guilh/Desktop/Tibia 11.44.5516/assets/sprites-98bbd37fa186d3088c8b56a5895a14ea4738169cbd6032a62e3135bb117401c6.bmp.lzma: No such file or directory"
[ 23:20:14,456 ] Update failed. Please reinstall Tibia to update your client.
[ 23:20:14,460 ] "Failed to load asset 'sprites-cba50e790e8aa0c0244b23be01820e21d9a3c8296842c1f8ed4339699bd2f753.bmp.lzma': I/O error on file C:/Users/guilh/Desktop/Tibia 11.44.5516/assets/sprites-cba50e790e8aa0c0244b23be01820e21d9a3c8296842c1f8ed4339699bd2f753.bmp.lzma: No such file or directory"
[ 23:20:14,461 ] Update failed. Please reinstall Tibia to update your client.
[ 23:20:14,466 ] "Failed to load asset 'sprites-f2fcfeb3bf4577522146730025a07ed98fae6f707c6577136a763e52fcf85abe.bmp.lzma': I/O error on file C:/Users/guilh/Desktop/Tibia 11.44.5516/assets/sprites-f2fcfeb3bf4577522146730025a07ed98fae6f707c6577136a763e52fcf85abe.bmp.lzma: No such file or directory"
[ 23:20:14,467 ] Update failed. Please reinstall Tibia to update your client.
[ 23:20:14,480 ] "Failed to load asset 'sprites-9b51fcb1a74d69c6500c84807e43dd502ed77559715e8388fed68fcc04227eb6.bmp.lzma': I/O error on file C:/Users/guilh/Desktop/Tibia 11.44.5516/assets/sprites-9b51fcb1a74d69c6500c84807e43dd502ed77559715e8388fed68fcc04227eb6.bmp.lzma: No such file or directory"
[ 23:20:14,481 ] Update failed. Please reinstall Tibia to update your client.
[ 23:20:14,488 ] "Failed to load asset 'sprites-a6a76083b3fab38a79f5b9444338c98063291bec33d7b07328cc2e6d86fdd0e7.bmp.lzma': I/O error on file C:/Users/guilh/Desktop/Tibia 11.44.5516/assets/sprites-a6a76083b3fab38a79f5b9444338c98063291bec33d7b07328cc2e6d86fdd0e7.bmp.lzma: No such file or directory"
[ 23:20:14,489 ] Update failed. Please reinstall Tibia to update your client.
[ 23:20:14,494 ] "Failed to load asset 'sprites-c9d275413e89589ab58bcd344c2da37236c45fb932ac29465d48ba239e0df368.bmp.lzma': I/O error on file C:/Users/guilh/Desktop/Tibia 11.44.5516/assets/sprites-c9d275413e89589ab58bcd344c2da37236c45fb932ac29465d48ba239e0df368.bmp.lzma: No such file or directory"
[ 23:20:14,495 ] Update failed. Please reinstall Tibia to update your client.
[ 23:20:14,500 ] "Failed to load asset 'sprites-7119bdf226a828dca785bd7836e2b551869b241bbd71c95eee5c4dc64b381975.bmp.lzma': I/O error on file C:/Users/guilh/Desktop/Tibia 11.44.5516/assets/sprites-7119bdf226a828dca785bd7836e2b551869b241bbd71c95eee5c4dc64b381975.bmp.lzma: No such file or directory"
[ 23:20:14,501 ] Update failed. Please reinstall Tibia to update your client.
[ 23:20:14,504 ] "Failed to load asset 'sprites-b0292462a86353a30cbf271f34a475b142f83523c70cc7e232e4a146e7317156.bmp.lzma': I/O error on file C:/Users/guilh/Desktop/Tibia 11.44.5516/assets/sprites-b0292462a86353a30cbf271f34a475b142f83523c70cc7e232e4a146e7317156.bmp.lzma: No such file or directory"
[ 23:20:14,505 ] Update failed. Please reinstall Tibia to update your client.
[ 23:20:14,508 ] "Failed to load asset 'sprites-86c0c520464403a5456368c193d214201f537f04e7f435685d98f939bdb7561b.bmp.lzma': I/O error on file C:/Users/guilh/Desktop/Tibia 11.44.5516/assets/sprites-86c0c520464403a5456368c193d214201f537f04e7f435685d98f939bdb7561b.bmp.lzma: No such file or directory"
[ 23:20:14,509 ] Update failed. Please reinstall Tibia to update your client.
[ 23:20:14,513 ] "Failed to load asset 'sprites-ae1346800316d770ee5944947a554357d65000896a62082f32918815653b6b80.bmp.lzma': I/O error on file C:/Users/guilh/Desktop/Tibia 11.44.5516/assets/sprites-ae1346800316d770ee5944947a554357d65000896a62082f32918815653b6b80.bmp.lzma: No such file or directory"
[ 23:20:14,513 ] Update failed. Please reinstall Tibia to update your client.
[ 23:20:14,518 ] "Failed to load asset 'sprites-f75eb377c82b554c1a833b597447a9b403a68ef883a54ff67e021dc13bb96675.bmp.lzma': I/O error on file C:/Users/guilh/Desktop/Tibia 11.44.5516/assets/sprites-f75eb377c82b554c1a833b597447a9b403a68ef883a54ff67e021dc13bb96675.bmp.lzma: No such file or directory"
[ 23:20:14,519 ] Update failed. Please reinstall Tibia to update your client.
[ 23:20:14,523 ] "Failed to load asset 'sprites-de61e7626df174092853d7f0519078307b8e48f593eef17aad1ccc7d23cf85ac.bmp.lzma': I/O error on file C:/Users/guilh/Desktop/Tibia 11.44.5516/assets/sprites-de61e7626df174092853d7f0519078307b8e48f593eef17aad1ccc7d23cf85ac.bmp.lzma: No such file or directory"
[ 23:20:14,524 ] Update failed. Please reinstall Tibia to update your client.
[ 23:20:14,527 ] "Failed to load asset 'sprites-e909c9aa52030bf5d5095cf6708a5c6a6bffbe8bd55446288be1116fe3d6b147.bmp.lzma': I/O error on file C:/Users/guilh/Desktop/Tibia 11.44.5516/assets/sprites-e909c9aa52030bf5d5095cf6708a5c6a6bffbe8bd55446288be1116fe3d6b147.bmp.lzma: No such file or directory"
[ 23:20:14,527 ] Update failed. Please reinstall Tibia to update your client.
[ 23:20:14,530 ] "Failed to load asset 'sprites-9941dc7b2a4e3c7f08a2561442e0e0fd2f4d89b19a14f9995c7294853435a47a.bmp.lzma': I/O error on file C:/Users/guilh/Desktop/Tibia 11.44.5516/assets/sprites-9941dc7b2a4e3c7f08a2561442e0e0fd2f4d89b19a14f9995c7294853435a47a.bmp.lzma: No such file or directory"
[ 23:20:14,531 ] Update failed. Please reinstall Tibia to update your client.
[ 23:20:14,534 ] "Failed to load asset 'sprites-7d53a6b36f42fb3c6191ae7e26ab29e6c458cabe117e3d68e667a109322f8030.bmp.lzma': I/O error on file C:/Users/guilh/Desktop/Tibia 11.44.5516/assets/sprites-7d53a6b36f42fb3c6191ae7e26ab29e6c458cabe117e3d68e667a109322f8030.bmp.lzma: No such file or directory"
[ 23:20:14,534 ] Update failed. Please reinstall Tibia to update your client.
[ 23:20:14,538 ] "Failed to load asset 'sprites-959b6bb6684a8282028350561515024fb0270296a00b1cb65af22659f8380ca9.bmp.lzma': I/O error on file C:/Users/guilh/Desktop/Tibia 11.44.5516/assets/sprites-959b6bb6684a8282028350561515024fb0270296a00b1cb65af22659f8380ca9.bmp.lzma: No such file or directory"
[ 23:20:14,539 ] Update failed. Please reinstall Tibia to update your client.
[ 23:20:14,542 ] "Failed to load asset 'sprites-c82ff39aa2f39c7c92438bbe524c6359dded0ed373468c9ae77ae8caada70921.bmp.lzma': I/O error on file C:/Users/guilh/Desktop/Tibia 11.44.5516/assets/sprites-c82ff39aa2f39c7c92438bbe524c6359dded0ed373468c9ae77ae8caada70921.bmp.lzma: No such file or directory"
[ 23:20:14,542 ] Update failed. Please reinstall Tibia to update your client.
[ 23:20:14,545 ] "Failed to load asset 'sprites-6fd9d2afde4efa32634a6cdd0c4d1a0d4bf105f03e090f5d7558fabd6de46b21.bmp.lzma': I/O error on file C:/Users/guilh/Desktop/Tibia 11.44.5516/assets/sprites-6fd9d2afde4efa32634a6cdd0c4d1a0d4bf105f03e090f5d7558fabd6de46b21.bmp.lzma: No such file or directory"
[ 23:20:14,546 ] Update failed. Please reinstall Tibia to update your client.
[ 23:20:14,550 ] "Failed to load asset 'sprites-a9724010b0f06afddffc223374e13277ef6bd838b7f63c4c238c5367a5933581.bmp.lzma': I/O error on file C:/Users/guilh/Desktop/Tibia 11.44.5516/assets/sprites-a9724010b0f06afddffc223374e13277ef6bd838b7f63c4c238c5367a5933581.bmp.lzma: No such file or directory"
[ 23:20:14,550 ] Update failed. Please reinstall Tibia to update your client.
[ 23:20:14,554 ] "Failed to load asset 'sprites-bcdffb5ce3de88e1059ff0946d600440123f1a77d850727fe8e70c73d61e4a9f.bmp.lzma': I/O error on file C:/Users/guilh/Desktop/Tibia 11.44.5516/assets/sprites-bcdffb5ce3de88e1059ff0946d600440123f1a77d850727fe8e70c73d61e4a9f.bmp.lzma: No such file or directory"
[ 23:20:14,555 ] Update failed. Please reinstall Tibia to update your client.
[ 23:20:14,559 ] "Failed to load asset 'sprites-af57bdf91c7c9fce6f63078bda5fed9b2821ae437493ea1e8800a474bb626d8f.bmp.lzma': I/O error on file C:/Users/guilh/Desktop/Tibia 11.44.5516/assets/sprites-af57bdf91c7c9fce6f63078bda5fed9b2821ae437493ea1e8800a474bb626d8f.bmp.lzma: No such file or directory"
[ 23:20:14,559 ] Update failed. Please reinstall Tibia to update your client.
[ 23:20:14,563 ] "Failed to load asset 'sprites-b57d453ebc1cb20395297652c7d7e8fac5e89c544da35b7287aa63242012421b.bmp.lzma': I/O error on file C:/Users/guilh/Desktop/Tibia 11.44.5516/assets/sprites-b57d453ebc1cb20395297652c7d7e8fac5e89c544da35b7287aa63242012421b.bmp.lzma: No such file or directory"
[ 23:20:14,563 ] Update failed. Please reinstall Tibia to update your client.
[ 23:20:14,567 ] "Failed to load asset 'sprites-e964d843a607fd8306ea5f3178e440b4f402030d9ebbd66a47301d4a101cb0a4.bmp.lzma': I/O error on file C:/Users/guilh/Desktop/Tibia 11.44.5516/assets/sprites-e964d843a607fd8306ea5f3178e440b4f402030d9ebbd66a47301d4a101cb0a4.bmp.lzma: No such file or directory"
[ 23:20:14,568 ] Update failed. Please reinstall Tibia to update your client.
[ 23:20:14,572 ] "Failed to load asset 'sprites-967681f9ed999b7c58158761c81f9f9a8933845d28bdf1d3a70626ecac0c2856.bmp.lzma': I/O error on file C:/Users/guilh/Desktop/Tibia 11.44.5516/assets/sprites-967681f9ed999b7c58158761c81f9f9a8933845d28bdf1d3a70626ecac0c2856.bmp.lzma: No such file or directory"
[ 23:20:14,572 ] Update failed. Please reinstall Tibia to update your client.
[ 23:20:14,577 ] "Failed to load asset 'sprites-9b55a1d2449d52ee775f3ba1ef2cfc2b3b9ab4c810eba352da935baadf9e5d8d.bmp.lzma': I/O error on file C:/Users/guilh/Desktop/Tibia 11.44.5516/assets/sprites-9b55a1d2449d52ee775f3ba1ef2cfc2b3b9ab4c810eba352da935baadf9e5d8d.bmp.lzma: No such file or directory"
[ 23:20:14,578 ] Update failed. Please reinstall Tibia to update your client.
[ 23:20:14,581 ] "Failed to load asset 'sprites-c962a07ad862e9a59a110b0b1ca14275930050a33641a60a9676e59aa1475733.bmp.lzma': I/O error on file C:/Users/guilh/Desktop/Tibia 11.44.5516/assets/sprites-c962a07ad862e9a59a110b0b1ca14275930050a33641a60a9676e59aa1475733.bmp.lzma: No such file or directory"
[ 23:20:14,582 ] Update failed. Please reinstall Tibia to update your client.
[ 23:20:14,585 ] "Failed to load asset 'sprites-e2e4ee8aad639a28c5f0c78a9671a4e3049ca7e677110a0f5a19e5602c06b32a.bmp.lzma': I/O error on file C:/Users/guilh/Desktop/Tibia 11.44.5516/assets/sprites-e2e4ee8aad639a28c5f0c78a9671a4e3049ca7e677110a0f5a19e5602c06b32a.bmp.lzma: No such file or directory"
[ 23:20:14,586 ] Update failed. Please reinstall Tibia to update your client.
[ 23:20:14,589 ] "Failed to load asset 'sprites-ce5a9544bcb216498c72e79ab83ceb5e7cf37f27f513f101850e3812eef32f07.bmp.lzma': I/O error on file C:/Users/guilh/Desktop/Tibia 11.44.5516/assets/sprites-ce5a9544bcb216498c72e79ab83ceb5e7cf37f27f513f101850e3812eef32f07.bmp.lzma: No such file or directory"
[ 23:20:14,589 ] Update failed. Please reinstall Tibia to update your client.
[ 23:20:14,592 ] "Failed to load asset 'sprites-9077fde31ed71dc262b2d40d3f6c56da503aa7936c40576e2af3f463f1fd2688.bmp.lzma': I/O error on file C:/Users/guilh/Desktop/Tibia 11.44.5516/assets/sprites-9077fde31ed71dc262b2d40d3f6c56da503aa7936c40576e2af3f463f1fd2688.bmp.lzma: No such file or directory"
[ 23:20:14,593 ] Update failed. Please reinstall Tibia to update your client.
[ 23:20:14,596 ] "Failed to load asset 'sprites-ab85f3e6adbbc4abe0adaa39f5a696b5718d86b4f10681b7654e4c28cfdf9563.bmp.lzma': I/O error on file C:/Users/guilh/Desktop/Tibia 11.44.5516/assets/sprites-ab85f3e6adbbc4abe0adaa39f5a696b5718d86b4f10681b7654e4c28cfdf9563.bmp.lzma: No such file or directory"
[ 23:20:14,596 ] Update failed. Please reinstall Tibia to update your client.
[ 23:20:14,601 ] "Failed to load asset 'sprites-78eb8198fd2d4d8afd89a80dc4e8bb9bcc4b44c9ca643fa94f9fc32ea91c3f7c.bmp.lzma': I/O error on file C:/Users/guilh/Desktop/Tibia 11.44.5516/assets/sprites-78eb8198fd2d4d8afd89a80dc4e8bb9bcc4b44c9ca643fa94f9fc32ea91c3f7c.bmp.lzma: No such file or directory"
[ 23:20:14,601 ] Update failed. Please reinstall Tibia to update your client.
[ 23:20:14,604 ] "Failed to load asset 'sprites-b992c7c4260193a79c44ff05f4dbf5e8f0a8661b31b23abc051dd04b193adf7b.bmp.lzma': I/O error on file C:/Users/guilh/Desktop/Tibia 11.44.5516/assets/sprites-b992c7c4260193a79c44ff05f4dbf5e8f0a8661b31b23abc051dd04b193adf7b.bmp.lzma: No such file or directory"
[ 23:20:14,605 ] Update failed. Please reinstall Tibia to update your client.
[ 23:20:14,608 ] "Failed to load asset 'sprites-ace2ae64bc610a62070d9403bafd085fedc523e1ebbd754a781cc21860eaff51.bmp.lzma': I/O error on file C:/Users/guilh/Desktop/Tibia 11.44.5516/assets/sprites-ace2ae64bc610a62070d9403bafd085fedc523e1ebbd754a781cc21860eaff51.bmp.lzma: No such file or directory"
[ 23:20:14,609 ] Update failed. Please reinstall Tibia to update your client.
[ 23:20:14,612 ] "Failed to load asset 'sprites-dc5bee5664c4754c3fde6c07b4dee6ad8d1aa74f0ece437cd66a3d75953bd184.bmp.lzma': I/O error on file C:/Users/guilh/Desktop/Tibia 11.44.5516/assets/sprites-dc5bee5664c4754c3fde6c07b4dee6ad8d1aa74f0ece437cd66a3d75953bd184.bmp.lzma: No such file or directory"
[ 23:20:14,613 ] Update failed. Please reinstall Tibia to update your client.
[ 23:20:14,617 ] "Failed to load asset 'sprites-e230d8a69327dc8c567dcfb8c31a752f5c5f33257919c87358fa2a09552e1060.bmp.lzma': I/O error on file C:/Users/guilh/Desktop/Tibia 11.44.5516/assets/sprites-e230d8a69327dc8c567dcfb8c31a752f5c5f33257919c87358fa2a09552e1060.bmp.lzma: No such file or directory"
[ 23:20:14,618 ] Update failed. Please reinstall Tibia to update your client.
[ 23:20:14,623 ] "Failed to load asset 'sprites-cf0dfcc7efb9859214b464d35adbf1bcd43d6d16994095209d84dc12e79cb45b.bmp.lzma': I/O error on file C:/Users/guilh/Desktop/Tibia 11.44.5516/assets/sprites-cf0dfcc7efb9859214b464d35adbf1bcd43d6d16994095209d84dc12e79cb45b.bmp.lzma: No such file or directory"
[ 23:20:14,624 ] Update failed. Please reinstall Tibia to update your client.
[ 23:20:14,627 ] "Failed to load asset 'sprites-eec815898343fb6b5440c8307f02ad3bf701d9009dd2eafdbfd4dfe92b2c1608.bmp.lzma': I/O error on file C:/Users/guilh/Desktop/Tibia 11.44.5516/assets/sprites-eec815898343fb6b5440c8307f02ad3bf701d9009dd2eafdbfd4dfe92b2c1608.bmp.lzma: No such file or directory"
[ 23:20:14,628 ] Update failed. Please reinstall Tibia to update your client.
[ 23:20:14,631 ] "Failed to load asset 'sprites-90bb7eefbe1548a1cb5abb8b7a78b9fd317777b3c2ec502b11a8b027cdd62ecb.bmp.lzma': I/O error on file C:/Users/guilh/Desktop/Tibia 11.44.5516/assets/sprites-90bb7eefbe1548a1cb5abb8b7a78b9fd317777b3c2ec502b11a8b027cdd62ecb.bmp.lzma: No such file or directory"
[ 23:20:14,632 ] Update failed. Please reinstall Tibia to update your client.
[ 23:20:14,635 ] "Failed to load asset 'sprites-fba3657ec5414a07b5d9d69f1c3b8100e47cad4ec5e300d24985433082cc1631.bmp.lzma': I/O error on file C:/Users/guilh/Desktop/Tibia 11.44.5516/assets/sprites-fba3657ec5414a07b5d9d69f1c3b8100e47cad4ec5e300d24985433082cc1631.bmp.lzma: No such file or directory"
[ 23:20:14,636 ] Update failed. Please reinstall Tibia to update your client.
[ 23:20:14,639 ] "Failed to load asset 'sprites-ce8a7f508dcd312ddd430801d19d533d86ff807a3adb5f75524a5cfba6400241.bmp.lzma': I/O error on file C:/Users/guilh/Desktop/Tibia 11.44.5516/assets/sprites-ce8a7f508dcd312ddd430801d19d533d86ff807a3adb5f75524a5cfba6400241.bmp.lzma: No such file or directory"
[ 23:20:14,640 ] Update failed. Please reinstall Tibia to update your client.
[ 23:20:14,645 ] "Failed to load asset 'sprites-983df67baecc9b88309402d9d239fe03675d710bd2c792f3f4d36437d15f9690.bmp.lzma': I/O error on file C:/Users/guilh/Desktop/Tibia 11.44.5516/assets/sprites-983df67baecc9b88309402d9d239fe03675d710bd2c792f3f4d36437d15f9690.bmp.lzma: No such file or directory"
[ 23:20:14,646 ] Update failed. Please reinstall Tibia to update your client.
[ 23:20:14,649 ] "Failed to load asset 'sprites-8b5381660642a8438345b927fcf25022892f1ecfd576d9fd0a9466c383b8a500.bmp.lzma': I/O error on file C:/Users/guilh/Desktop/Tibia 11.44.5516/assets/sprites-8b5381660642a8438345b927fcf25022892f1ecfd576d9fd0a9466c383b8a500.bmp.lzma: No such file or directory"
[ 23:20:14,650 ] Update failed. Please reinstall Tibia to update your client.
[ 23:20:14,653 ] "Failed to load asset 'sprites-f8a9be9a1d3470bd8b7ef18c474e1c267db33289cefabe6deab9a32b45b7d317.bmp.lzma': I/O error on file C:/Users/guilh/Desktop/Tibia 11.44.5516/assets/sprites-f8a9be9a1d3470bd8b7ef18c474e1c267db33289cefabe6deab9a32b45b7d317.bmp.lzma: No such file or directory"
[ 23:20:14,654 ] Update failed. Please reinstall Tibia to update your client.
[ 23:20:14,659 ] "Failed to load asset 'sprites-9bfd80f94671e0a920d79de03c652f8510149dd9f008e63cfa79ad48b90f07bb.bmp.lzma': I/O error on file C:/Users/guilh/Desktop/Tibia 11.44.5516/assets/sprites-9bfd80f94671e0a920d79de03c652f8510149dd9f008e63cfa79ad48b90f07bb.bmp.lzma: No such file or directory"
[ 23:20:14,659 ] Update failed. Please reinstall Tibia to update your client.
[ 23:20:14,662 ] "Failed to load asset 'sprites-84417a3ec6ada28db2e2ae9340f386a591019e0f2572cdd522a4325af3264167.bmp.lzma': I/O error on file C:/Users/guilh/Desktop/Tibia 11.44.5516/assets/sprites-84417a3ec6ada28db2e2ae9340f386a591019e0f2572cdd522a4325af3264167.bmp.lzma: No such file or directory"
[ 23:20:14,663 ] Update failed. Please reinstall Tibia to update your client.
[ 23:20:14,667 ] "Failed to load asset 'sprites-8808929c4371dfb2add593773c1d7163121dbb227836f46b094e430f5b3221ef.bmp.lzma': I/O error on file C:/Users/guilh/Desktop/Tibia 11.44.5516/assets/sprites-8808929c4371dfb2add593773c1d7163121dbb227836f46b094e430f5b3221ef.bmp.lzma: No such file or directory"
[ 23:20:14,667 ] Update failed. Please reinstall Tibia to update your client.
[ 23:20:14,671 ] "Failed to load asset 'sprites-8b9ce6ab77f05a14a492bd5c99872634a46840ca6b742ff1b9d2a86be0534f4d.bmp.lzma': I/O error on file C:/Users/guilh/Desktop/Tibia 11.44.5516/assets/sprites-8b9ce6ab77f05a14a492bd5c99872634a46840ca6b742ff1b9d2a86be0534f4d.bmp.lzma: No such file or directory"
[ 23:20:14,672 ] Update failed. Please reinstall Tibia to update your client.
[ 23:20:14,676 ] "Failed to load asset 'sprites-dbdab0feb2fa76765ea84b13c91bd79ee9d92597ed8c4dcd09f91e2671e13ff8.bmp.lzma': I/O error on file C:/Users/guilh/Desktop/Tibia 11.44.5516/assets/sprites-dbdab0feb2fa76765ea84b13c91bd79ee9d92597ed8c4dcd09f91e2671e13ff8.bmp.lzma: No such file or directory"
[ 23:20:14,677 ] Update failed. Please reinstall Tibia to update your client.
[ 23:20:14,680 ] "Failed to load asset 'sprites-b6a1a90927b0fe45a50ea15881a161c499ce1e6eb418551677d06ec9fe727352.bmp.lzma': I/O error on file C:/Users/guilh/Desktop/Tibia 11.44.5516/assets/sprites-b6a1a90927b0fe45a50ea15881a161c499ce1e6eb418551677d06ec9fe727352.bmp.lzma: No such file or directory"
[ 23:20:14,680 ] Update failed. Please reinstall Tibia to update your client.
[ 23:20:14,684 ] "Failed to load asset 'sprites-d73dcf8a3cd3e16a9f457c1ddc2e7a83a0aa6fa72116eee947118190238cd8ec.bmp.lzma': I/O error on file C:/Users/guilh/Desktop/Tibia 11.44.5516/assets/sprites-d73dcf8a3cd3e16a9f457c1ddc2e7a83a0aa6fa72116eee947118190238cd8ec.bmp.lzma: No such file or directory"
[ 23:20:14,684 ] Update failed. Please reinstall Tibia to update your client.
[ 23:20:14,687 ] "Failed to load asset 'sprites-fb6c36d339c5c4e7af291ccf09dd4474313dc8513e06b8df5a2f45f3cccee10b.bmp.lzma': I/O error on file C:/Users/guilh/Desktop/Tibia 11.44.5516/assets/sprites-fb6c36d339c5c4e7af291ccf09dd4474313dc8513e06b8df5a2f45f3cccee10b.bmp.lzma: No such file or directory"
[ 23:20:14,688 ] Update failed. Please reinstall Tibia to update your client.
[ 23:20:14,691 ] "Failed to load asset 'sprites-a3f1c23bccb4bd9e3a7cd62da55e9f596f64f3a456074b726a9dab6294e4947d.bmp.lzma': I/O error on file C:/Users/guilh/Desktop/Tibia 11.44.5516/assets/sprites-a3f1c23bccb4bd9e3a7cd62da55e9f596f64f3a456074b726a9dab6294e4947d.bmp.lzma: No such file or directory"
[ 23:20:14,692 ] Update failed. Please reinstall Tibia to update your client.
[ 23:20:14,695 ] "Failed to load asset 'sprites-b4157d6e2f47e8a38ca4ff66b30b727545ed8c333c886abbe981fc3bcbedc7f4.bmp.lzma': I/O error on file C:/Users/guilh/Desktop/Tibia 11.44.5516/assets/sprites-b4157d6e2f47e8a38ca4ff66b30b727545ed8c333c886abbe981fc3bcbedc7f4.bmp.lzma: No such file or directory"
[ 23:20:14,695 ] Update failed. Please reinstall Tibia to update your client.
[ 23:20:14,698 ] "Failed to load asset 'sprites-90e8cafb46934be83b23e9ad046b60e93b03b57f602ace8a38d3565cfed605e1.bmp.lzma': I/O error on file C:/Users/guilh/Desktop/Tibia 11.44.5516/assets/sprites-90e8cafb46934be83b23e9ad046b60e93b03b57f602ace8a38d3565cfed605e1.bmp.lzma: No such file or directory"
[ 23:20:14,699 ] Update failed. Please reinstall Tibia to update your client.
[ 23:20:14,702 ] "Failed to load asset 'sprites-c4e74753f070bac5c9ea14cd6fbf2445acfeb3039feabc5883a9efddd2c298b3.bmp.lzma': I/O error on file C:/Users/guilh/Desktop/Tibia 11.44.5516/assets/sprites-c4e74753f070bac5c9ea14cd6fbf2445acfeb3039feabc5883a9efddd2c298b3.bmp.lzma: No such file or directory"
[ 23:20:14,702 ] Update failed. Please reinstall Tibia to update your client.
[ 23:20:14,705 ] "Failed to load asset 'sprites-fa907396c6f6458299a07b3368f121e8f09b30601d7b9e5101a709ef1a37ba3e.bmp.lzma': I/O error on file C:/Users/guilh/Desktop/Tibia 11.44.5516/assets/sprites-fa907396c6f6458299a07b3368f121e8f09b30601d7b9e5101a709ef1a37ba3e.bmp.lzma: No such file or directory"
[ 23:20:14,706 ] Update failed. Please reinstall Tibia to update your client.
[ 23:20:14,710 ] "Failed to load asset 'sprites-781fc89084b4f5f2a54249e2f1f3da163d66e54f4b723e93024756aaf6db0000.bmp.lzma': I/O error on file C:/Users/guilh/Desktop/Tibia 11.44.5516/assets/sprites-781fc89084b4f5f2a54249e2f1f3da163d66e54f4b723e93024756aaf6db0000.bmp.lzma: No such file or directory"
[ 23:20:14,711 ] Update failed. Please reinstall Tibia to update your client.
[ 23:20:14,715 ] "Failed to load asset 'sprites-7acfac03c736e7ab9737fd94242df1282793854dabcc34df9c4161c712748e62.bmp.lzma': I/O error on file C:/Users/guilh/Desktop/Tibia 11.44.5516/assets/sprites-7acfac03c736e7ab9737fd94242df1282793854dabcc34df9c4161c712748e62.bmp.lzma: No such file or directory"
[ 23:20:14,716 ] Update failed. Please reinstall Tibia to update your client.
[ 23:20:14,813 ] "Failed to load asset 'sprites-811dfa9ac53a0782d949e1c2c5f32cffef169fef726bb2558ed4df1ce1ecfff1.bmp.lzma': I/O error on file C:/Users/guilh/Desktop/Tibia 11.44.5516/assets/sprites-811dfa9ac53a0782d949e1c2c5f32cffef169fef726bb2558ed4df1ce1ecfff1.bmp.lzma: No such file or directory"
[ 23:20:14,814 ] Update failed. Please reinstall Tibia to update your client.
[ 23:20:14,819 ] "Failed to load asset 'sprites-f26856f44284b20c3220c96c57520563f2fd6bf159bc2406039cfe462023c224.bmp.lzma': I/O error on file C:/Users/guilh/Desktop/Tibia 11.44.5516/assets/sprites-f26856f44284b20c3220c96c57520563f2fd6bf159bc2406039cfe462023c224.bmp.lzma: No such file or directory"
[ 23:20:14,820 ] Update failed. Please reinstall Tibia to update your client.
[ 23:20:14,825 ] "Failed to load asset 'sprites-7f88f7885ba8ac1424ea6862c55232cc73420a05f1d646ca9917769c718e0e9f.bmp.lzma': I/O error on file C:/Users/guilh/Desktop/Tibia 11.44.5516/assets/sprites-7f88f7885ba8ac1424ea6862c55232cc73420a05f1d646ca9917769c718e0e9f.bmp.lzma: No such file or directory"
[ 23:20:14,826 ] Update failed. Please reinstall Tibia to update your client.
[ 23:20:14,831 ] "Failed to load asset 'sprites-b0afeaa22e7096fa8cd9a7c901a38b3440561f9e9b93c4996c689b4675495db6.bmp.lzma': I/O error on file C:/Users/guilh/Desktop/Tibia 11.44.5516/assets/sprites-b0afeaa22e7096fa8cd9a7c901a38b3440561f9e9b93c4996c689b4675495db6.bmp.lzma: No such file or directory"
[ 23:20:14,832 ] Update failed. Please reinstall Tibia to update your client.
[ 23:20:14,836 ] "Failed to load asset 'sprites-d40fc830d9222b631a2026b7f78fbe2336cd446ef06f885902f678a9a13d929f.bmp.lzma': I/O error on file C:/Users/guilh/Desktop/Tibia 11.44.5516/assets/sprites-d40fc830d9222b631a2026b7f78fbe2336cd446ef06f885902f678a9a13d929f.bmp.lzma: No such file or directory"
[ 23:20:14,837 ] Update failed. Please reinstall Tibia to update your client.
[ 23:20:14,840 ] "Failed to load asset 'sprites-ef808a96952f1af80f3236c91d5c09bbd8bfe4422642c6975eece97b7ee996ae.bmp.lzma': I/O error on file C:/Users/guilh/Desktop/Tibia 11.44.5516/assets/sprites-ef808a96952f1af80f3236c91d5c09bbd8bfe4422642c6975eece97b7ee996ae.bmp.lzma: No such file or directory"
[ 23:20:14,841 ] Update failed. Please reinstall Tibia to update your client.
[ 23:20:14,846 ] "Failed to load asset 'sprites-7a942a8bdbf75b74697513541ab0c53e5d0f3fe8ed869aa445e5f0c0229a4bde.bmp.lzma': I/O error on file C:/Users/guilh/Desktop/Tibia 11.44.5516/assets/sprites-7a942a8bdbf75b74697513541ab0c53e5d0f3fe8ed869aa445e5f0c0229a4bde.bmp.lzma: No such file or directory"
[ 23:20:14,847 ] Update failed. Please reinstall Tibia to update your client.
[ 23:20:14,851 ] "Failed to load asset 'sprites-b52f6fdf401211369c977444063c1545ba141e0a8cf329ac08a37a9015659d2d.bmp.lzma': I/O error on file C:/Users/guilh/Desktop/Tibia 11.44.5516/assets/sprites-b52f6fdf401211369c977444063c1545ba141e0a8cf329ac08a37a9015659d2d.bmp.lzma: No such file or directory"
[ 23:20:14,852 ] Update failed. Please reinstall Tibia to update your client.
[ 23:20:14,855 ] "Failed to load asset 'sprites-71e09c5342205169719cb9ebb39c1e68725b6ca70faf3f903bd617b6b38d3d25.bmp.lzma': I/O error on file C:/Users/guilh/Desktop/Tibia 11.44.5516/assets/sprites-71e09c5342205169719cb9ebb39c1e68725b6ca70faf3f903bd617b6b38d3d25.bmp.lzma: No such file or directory"
[ 23:20:14,856 ] Update failed. Please reinstall Tibia to update your client.
[ 23:20:14,860 ] "Failed to load asset 'sprites-bf9fdf2ecfce867f8ff95d73e59ac2c8cd0bd54c23923d2d415e8c502e2e6273.bmp.lzma': I/O error on file C:/Users/guilh/Desktop/Tibia 11.44.5516/assets/sprites-bf9fdf2ecfce867f8ff95d73e59ac2c8cd0bd54c23923d2d415e8c502e2e6273.bmp.lzma: No such file or directory"
[ 23:20:14,861 ] Update failed. Please reinstall Tibia to update your client.
[ 23:20:14,866 ] "Failed to load asset 'sprites-96e0a19fc954b4023e3476a7fb6071ecbd08376216ae0a94cb8f98f888d805e6.bmp.lzma': I/O error on file C:/Users/guilh/Desktop/Tibia 11.44.5516/assets/sprites-96e0a19fc954b4023e3476a7fb6071ecbd08376216ae0a94cb8f98f888d805e6.bmp.lzma: No such file or directory"
[ 23:20:14,866 ] Update failed. Please reinstall Tibia to update your client.
[ 23:20:14,871 ] "Failed to load asset 'sprites-e9927967b0400a190b4c03ce13d10f2a7376a2e3b138c497ba318e92cc249bf9.bmp.lzma': I/O error on file C:/Users/guilh/Desktop/Tibia 11.44.5516/assets/sprites-e9927967b0400a190b4c03ce13d10f2a7376a2e3b138c497ba318e92cc249bf9.bmp.lzma: No such file or directory"
[ 23:20:14,872 ] Update failed. Please reinstall Tibia to update your client.
[ 23:20:14,879 ] "Failed to load asset 'sprites-b036cc74b2befad7caa59a9001cedcb3bc431b3322b6850791e38c7437894b88.bmp.lzma': I/O error on file C:/Users/guilh/Desktop/Tibia 11.44.5516/assets/sprites-b036cc74b2befad7caa59a9001cedcb3bc431b3322b6850791e38c7437894b88.bmp.lzma: No such file or directory"
[ 23:20:14,880 ] Update failed. Please reinstall Tibia to update your client.
[ 23:20:14,885 ] "Failed to load asset 'sprites-aa9377b20a1f27ff4d5120ec91dfa8972c26f4b6c762046b9b3e9d1d8a482fa4.bmp.lzma': I/O error on file C:/Users/guilh/Desktop/Tibia 11.44.5516/assets/sprites-aa9377b20a1f27ff4d5120ec91dfa8972c26f4b6c762046b9b3e9d1d8a482fa4.bmp.lzma: No such file or directory"
[ 23:20:14,886 ] Update failed. Please reinstall Tibia to update your client.
[ 23:20:14,889 ] "Failed to load asset 'sprites-ec5c7841754e786df3261c8a909873d6d5a9e73336d2920333ff25f0e497a3c8.bmp.lzma': I/O error on file C:/Users/guilh/Desktop/Tibia 11.44.5516/assets/sprites-ec5c7841754e786df3261c8a909873d6d5a9e73336d2920333ff25f0e497a3c8.bmp.lzma: No such file or directory"
[ 23:20:14,890 ] Update failed. Please reinstall Tibia to update your client.
[ 23:20:14,893 ] "Failed to load asset 'sprites-ba2d2f81102f7ca354df019ef570f88e21733b651f18b2aaeb2d4bad484e744e.bmp.lzma': I/O error on file C:/Users/guilh/Desktop/Tibia 11.44.5516/assets/sprites-ba2d2f81102f7ca354df019ef570f88e21733b651f18b2aaeb2d4bad484e744e.bmp.lzma: No such file or directory"
[ 23:20:14,894 ] Update failed. Please reinstall Tibia to update your client.
[ 23:20:14,898 ] "Failed to load asset 'sprites-d4893426dc3cdc9273e156f63650e38eb93f7bc0efd03319818a1d2a03894bac.bmp.lzma': I/O error on file C:/Users/guilh/Desktop/Tibia 11.44.5516/assets/sprites-d4893426dc3cdc9273e156f63650e38eb93f7bc0efd03319818a1d2a03894bac.bmp.lzma: No such file or directory"
[ 23:20:14,899 ] Update failed. Please reinstall Tibia to update your client.
[ 23:20:14,903 ] "Failed to load asset 'sprites-980ac5136d254e3913945345811a995bcca3fedb351a95e66b1e2f61aa831120.bmp.lzma': I/O error on file C:/Users/guilh/Desktop/Tibia 11.44.5516/assets/sprites-980ac5136d254e3913945345811a995bcca3fedb351a95e66b1e2f61aa831120.bmp.lzma: No such file or directory"
[ 23:20:14,904 ] Update failed. Please reinstall Tibia to update your client.
[ 23:20:14,909 ] "Failed to load asset 'sprites-836311b180bc93d366f24988fabc4c07b9765142f936309eb27a1ec55de40e40.bmp.lzma': I/O error on file C:/Users/guilh/Desktop/Tibia 11.44.5516/assets/sprites-836311b180bc93d366f24988fabc4c07b9765142f936309eb27a1ec55de40e40.bmp.lzma: No such file or directory"
[ 23:20:14,910 ] Update failed. Please reinstall Tibia to update your client.
[ 23:20:14,915 ] "Failed to load asset 'sprites-e05a94dd5ef6c83e57a2a3a94e2d3957bf736d277347ce661b86d84224fd5de8.bmp.lzma': I/O error on file C:/Users/guilh/Desktop/Tibia 11.44.5516/assets/sprites-e05a94dd5ef6c83e57a2a3a94e2d3957bf736d277347ce661b86d84224fd5de8.bmp.lzma: No such file or directory"
[ 23:20:14,916 ] Update failed. Please reinstall Tibia to update your client.
[ 23:20:14,922 ] "Failed to load asset 'sprites-8e9aa6d78aa511367ab363e7ccea4cd712b846abe90b65108d4a7f153e3d030e.bmp.lzma': I/O error on file C:/Users/guilh/Desktop/Tibia 11.44.5516/assets/sprites-8e9aa6d78aa511367ab363e7ccea4cd712b846abe90b65108d4a7f153e3d030e.bmp.lzma: No such file or directory"
[ 23:20:14,922 ] Update failed. Please reinstall Tibia to update your client.
[ 23:20:14,927 ] "Failed to load asset 'sprites-a08de50bca3f6bad9710bd93942777c91bce4aeffd4c854ad13392ab9d56a111.bmp.lzma': I/O error on file C:/Users/guilh/Desktop/Tibia 11.44.5516/assets/sprites-a08de50bca3f6bad9710bd93942777c91bce4aeffd4c854ad13392ab9d56a111.bmp.lzma: No such file or directory"
[ 23:20:14,928 ] Update failed. Please reinstall Tibia to update your client.
[ 23:20:14,933 ] "Failed to load asset 'sprites-82ee416cf5a5c8dfc7e0cc798d234a6b7a5360491960d3a1718e5c5910cc7d4f.bmp.lzma': I/O error on file C:/Users/guilh/Desktop/Tibia 11.44.5516/assets/sprites-82ee416cf5a5c8dfc7e0cc798d234a6b7a5360491960d3a1718e5c5910cc7d4f.bmp.lzma: No such file or directory"
[ 23:20:14,934 ] Update failed. Please reinstall Tibia to update your client.
[ 23:20:14,939 ] "Failed to load asset 'sprites-ae3799441c338e85a98cadf227728afac5a0c349858e6bfae30d23b9da48e1dd.bmp.lzma': I/O error on file C:/Users/guilh/Desktop/Tibia 11.44.5516/assets/sprites-ae3799441c338e85a98cadf227728afac5a0c349858e6bfae30d23b9da48e1dd.bmp.lzma: No such file or directory"
[ 23:20:14,940 ] Update failed. Please reinstall Tibia to update your client.
[ 23:20:14,945 ] "Failed to load asset 'sprites-dd4d239800e451e204feb4b02fdc893c365a485193631f52477ad0456a530838.bmp.lzma': I/O error on file C:/Users/guilh/Desktop/Tibia 11.44.5516/assets/sprites-dd4d239800e451e204feb4b02fdc893c365a485193631f52477ad0456a530838.bmp.lzma: No such file or directory"
[ 23:20:14,945 ] Update failed. Please reinstall Tibia to update your client.
[ 23:20:14,949 ] "Failed to load asset 'sprites-b84ca41ad960132f97b5b77608ff8529a00ae48aceb57558d83ee97356548a28.bmp.lzma': I/O error on file C:/Users/guilh/Desktop/Tibia 11.44.5516/assets/sprites-b84ca41ad960132f97b5b77608ff8529a00ae48aceb57558d83ee97356548a28.bmp.lzma: No such file or directory"
[ 23:20:14,950 ] Update failed. Please reinstall Tibia to update your client.
[ 23:20:14,956 ] "Failed to load asset 'sprites-a8975abdf98403c95a0f19ff26adff97e81b796b945a7eaf02501422c95e868d.bmp.lzma': I/O error on file C:/Users/guilh/Desktop/Tibia 11.44.5516/assets/sprites-a8975abdf98403c95a0f19ff26adff97e81b796b945a7eaf02501422c95e868d.bmp.lzma: No such file or directory"
[ 23:20:14,957 ] Update failed. Please reinstall Tibia to update your client.
[ 23:20:14,962 ] "Failed to load asset 'sprites-dfe5411ba60e22585e4016feb1487f75ce298d4af286a7ca9faed07b66b8530c.bmp.lzma': I/O error on file C:/Users/guilh/Desktop/Tibia 11.44.5516/assets/sprites-dfe5411ba60e22585e4016feb1487f75ce298d4af286a7ca9faed07b66b8530c.bmp.lzma: No such file or directory"
[ 23:20:14,963 ] Update failed. Please reinstall Tibia to update your client.
[ 23:20:14,969 ] "Failed to load asset 'sprites-d563b8af4de760b047578ebe5b50228d2445736f859bb8d1f13d9b989f97f671.bmp.lzma': I/O error on file C:/Users/guilh/Desktop/Tibia 11.44.5516/assets/sprites-d563b8af4de760b047578ebe5b50228d2445736f859bb8d1f13d9b989f97f671.bmp.lzma: No such file or directory"
[ 23:20:14,969 ] Update failed. Please reinstall Tibia to update your client.
[ 23:20:14,982 ] "Failed to load asset 'sprites-93ae8d1ac6a309f75061c2defb9adc33b77d963bcbc3e3eb29f770d07ca098e1.bmp.lzma': I/O error on file C:/Users/guilh/Desktop/Tibia 11.44.5516/assets/sprites-93ae8d1ac6a309f75061c2defb9adc33b77d963bcbc3e3eb29f770d07ca098e1.bmp.lzma: No such file or directory"
[ 23:20:14,983 ] Update failed. Please reinstall Tibia to update your client.
[ 23:20:14,989 ] "Failed to load asset 'sprites-a13c5d5bf85dcb10168a18972f7afdc295041bfdd659fe6a29ea7c4b59bdbbdd.bmp.lzma': I/O error on file C:/Users/guilh/Desktop/Tibia 11.44.5516/assets/sprites-a13c5d5bf85dcb10168a18972f7afdc295041bfdd659fe6a29ea7c4b59bdbbdd.bmp.lzma: No such file or directory"
[ 23:20:14,989 ] Update failed. Please reinstall Tibia to update your client.
[ 23:20:14,995 ] "Failed to load asset 'sprites-977b773a04d8ed349a0f03d2a05c865e8bb955daf149377c6cd06bca3b48fd0c.bmp.lzma': I/O error on file C:/Users/guilh/Desktop/Tibia 11.44.5516/assets/sprites-977b773a04d8ed349a0f03d2a05c865e8bb955daf149377c6cd06bca3b48fd0c.bmp.lzma: No such file or directory"
[ 23:20:14,996 ] Update failed. Please reinstall Tibia to update your client.
[ 23:20:15,000 ] "Failed to load asset 'sprites-a1dcadecd54b6f809696b818a16c2b329526729209212c50cd1c7ae12d889ebe.bmp.lzma': I/O error on file C:/Users/guilh/Desktop/Tibia 11.44.5516/assets/sprites-a1dcadecd54b6f809696b818a16c2b329526729209212c50cd1c7ae12d889ebe.bmp.lzma: No such file or directory"
[ 23:20:15,001 ] Update failed. Please reinstall Tibia to update your client.
[ 23:20:15,005 ] "Failed to load asset 'sprites-9e44dbf9ccaa119ba063c6afe07ec11c92a117e139d20e1e458a6e9cbafaf016.bmp.lzma': I/O error on file C:/Users/guilh/Desktop/Tibia 11.44.5516/assets/sprites-9e44dbf9ccaa119ba063c6afe07ec11c92a117e139d20e1e458a6e9cbafaf016.bmp.lzma: No such file or directory"
[ 23:20:15,006 ] Update failed. Please reinstall Tibia to update your client.
[ 23:20:15,011 ] "Failed to load asset 'sprites-85c3b0f7fd916a43835a7b1760c61b4493f2af3f0db96710db927e07ac3e1733.bmp.lzma': I/O error on file C:/Users/guilh/Desktop/Tibia 11.44.5516/assets/sprites-85c3b0f7fd916a43835a7b1760c61b4493f2af3f0db96710db927e07ac3e1733.bmp.lzma: No such file or directory"
[ 23:20:15,012 ] Update failed. Please reinstall Tibia to update your client.
[ 23:20:15,016 ] "Failed to load asset 'sprites-7b867628bd70fb56952ce0623160d759835f68891b8ce5eef803dd9d91a51e77.bmp.lzma': I/O error on file C:/Users/guilh/Desktop/Tibia 11.44.5516/assets/sprites-7b867628bd70fb56952ce0623160d759835f68891b8ce5eef803dd9d91a51e77.bmp.lzma: No such file or directory"
[ 23:20:15,017 ] Update failed. Please reinstall Tibia to update your client.
[ 23:20:15,021 ] "Failed to load asset 'sprites-f42f9ae2e54d0dcad0abf48ccefbcd2f495fe131eacbd30b847bbd141c8d1902.bmp.lzma': I/O error on file C:/Users/guilh/Desktop/Tibia 11.44.5516/assets/sprites-f42f9ae2e54d0dcad0abf48ccefbcd2f495fe131eacbd30b847bbd141c8d1902.bmp.lzma: No such file or directory"
[ 23:20:15,021 ] Update failed. Please reinstall Tibia to update your client.
[ 23:20:15,026 ] "Failed to load asset 'sprites-9c706e7281cbf8a5bb8838816a8e724c6c3bf5f5521bf6aa9f7917029816fbc0.bmp.lzma': I/O error on file C:/Users/guilh/Desktop/Tibia 11.44.5516/assets/sprites-9c706e7281cbf8a5bb8838816a8e724c6c3bf5f5521bf6aa9f7917029816fbc0.bmp.lzma: No such file or directory"
[ 23:20:15,027 ] Update failed. Please reinstall Tibia to update your client.
[ 23:20:15,032 ] "Failed to load asset 'sprites-8033b931d90345ad789eafb223ec77f514aa347ee00d081d2e821b0de148b86d.bmp.lzma': I/O error on file C:/Users/guilh/Desktop/Tibia 11.44.5516/assets/sprites-8033b931d90345ad789eafb223ec77f514aa347ee00d081d2e821b0de148b86d.bmp.lzma: No such file or directory"
[ 23:20:15,033 ] Update failed. Please reinstall Tibia to update your client.
[ 23:20:15,039 ] "Failed to load asset 'sprites-fc3ae66e5c638581ac509964455858883bbdceb31ba0104571a34f23bb3cc7eb.bmp.lzma': I/O error on file C:/Users/guilh/Desktop/Tibia 11.44.5516/assets/sprites-fc3ae66e5c638581ac509964455858883bbdceb31ba0104571a34f23bb3cc7eb.bmp.lzma: No such file or directory"
[ 23:20:15,040 ] Update failed. Please reinstall Tibia to update your client.
[ 23:20:15,045 ] "Failed to load asset 'sprites-f36a52b7e5fab3af7b8658e429538d5225f7dc1dff11534198680eb0b85416b8.bmp.lzma': I/O error on file C:/Users/guilh/Desktop/Tibia 11.44.5516/assets/sprites-f36a52b7e5fab3af7b8658e429538d5225f7dc1dff11534198680eb0b85416b8.bmp.lzma: No such file or directory"
[ 23:20:15,046 ] Update failed. Please reinstall Tibia to update your client.
[ 23:20:15,052 ] "Failed to load asset 'sprites-a4ce05b0d77a20fb06068e1a5b86598a943c6ce13139bafa57878284defcb91d.bmp.lzma': I/O error on file C:/Users/guilh/Desktop/Tibia 11.44.5516/assets/sprites-a4ce05b0d77a20fb06068e1a5b86598a943c6ce13139bafa57878284defcb91d.bmp.lzma: No such file or directory"
[ 23:20:15,052 ] Update failed. Please reinstall Tibia to update your client.
[ 23:20:15,058 ] "Failed to load asset 'sprites-98a1c7c8f2725f52ec375c2152642856b6c9fb403c670cff030669e516b4f93f.bmp.lzma': I/O error on file C:/Users/guilh/Desktop/Tibia 11.44.5516/assets/sprites-98a1c7c8f2725f52ec375c2152642856b6c9fb403c670cff030669e516b4f93f.bmp.lzma: No such file or directory"
[ 23:20:15,058 ] Update failed. Please reinstall Tibia to update your client.
[ 23:20:15,064 ] "Failed to load asset 'sprites-b05e62f07675bb1c1eaf48f1bcba66e7384f32ab2af8a594f6b9cbeb31200e94.bmp.lzma': I/O error on file C:/Users/guilh/Desktop/Tibia 11.44.5516/assets/sprites-b05e62f07675bb1c1eaf48f1bcba66e7384f32ab2af8a594f6b9cbeb31200e94.bmp.lzma: No such file or directory"
[ 23:20:15,064 ] Update failed. Please reinstall Tibia to update your client.
[ 23:20:15,070 ] "Failed to load asset 'sprites-9b6c7e28ba11553d3c1c49eeab64ded397d005df0e71ffc0454fef704303aac5.bmp.lzma': I/O error on file C:/Users/guilh/Desktop/Tibia 11.44.5516/assets/sprites-9b6c7e28ba11553d3c1c49eeab64ded397d005df0e71ffc0454fef704303aac5.bmp.lzma: No such file or directory"
[ 23:20:15,071 ] Update failed. Please reinstall Tibia to update your client.
[ 23:20:15,076 ] "Failed to load asset 'sprites-d1f140f050739787eb9cd4b56e970ac2a37bda42749e0e991c922d86f37b9d29.bmp.lzma': I/O error on file C:/Users/guilh/Desktop/Tibia 11.44.5516/assets/sprites-d1f140f050739787eb9cd4b56e970ac2a37bda42749e0e991c922d86f37b9d29.bmp.lzma: No such file or directory"
[ 23:20:15,077 ] Update failed. Please reinstall Tibia to update your client.
[ 23:20:15,083 ] "Failed to load asset 'sprites-bc81b3449d4eb985f6dd63e140b1a5ac19ebc439812ccbe97739442d40a91beb.bmp.lzma': I/O error on file C:/Users/guilh/Desktop/Tibia 11.44.5516/assets/sprites-bc81b3449d4eb985f6dd63e140b1a5ac19ebc439812ccbe97739442d40a91beb.bmp.lzma: No such file or directory"
[ 23:20:15,084 ] Update failed. Please reinstall Tibia to update your client.
[ 23:20:15,089 ] "Failed to load asset 'sprites-aa5457e21658c1ed8d320f4c7fe68202669c576c8c402149074653b216ac3705.bmp.lzma': I/O error on file C:/Users/guilh/Desktop/Tibia 11.44.5516/assets/sprites-aa5457e21658c1ed8d320f4c7fe68202669c576c8c402149074653b216ac3705.bmp.lzma: No such file or directory"
[ 23:20:15,090 ] Update failed. Please reinstall Tibia to update your client.
[ 23:20:15,095 ] "Failed to load asset 'sprites-84eaa90eaf489e44a46c53b69f9384b2b46928c09c009b17217a47069279f36d.bmp.lzma': I/O error on file C:/Users/guilh/Desktop/Tibia 11.44.5516/assets/sprites-84eaa90eaf489e44a46c53b69f9384b2b46928c09c009b17217a47069279f36d.bmp.lzma: No such file or directory"
[ 23:20:15,096 ] Update failed. Please reinstall Tibia to update your client.
[ 23:20:15,102 ] "Failed to load asset 'sprites-f80e86660c7befc62b326e00d3420c2676186a3fb62dbe8ffd78eb1731781230.bmp.lzma': I/O error on file C:/Users/guilh/Desktop/Tibia 11.44.5516/assets/sprites-f80e86660c7befc62b326e00d3420c2676186a3fb62dbe8ffd78eb1731781230.bmp.lzma: No such file or directory"
[ 23:20:15,102 ] Update failed. Please reinstall Tibia to update your client.
[ 23:20:15,108 ] "Failed to load asset 'sprites-780100cdb8573e050d9a2d55ad42580378244563fe7453916f490d2f021d2f6a.bmp.lzma': I/O error on file C:/Users/guilh/Desktop/Tibia 11.44.5516/assets/sprites-780100cdb8573e050d9a2d55ad42580378244563fe7453916f490d2f021d2f6a.bmp.lzma: No such file or directory"
[ 23:20:15,109 ] Update failed. Please reinstall Tibia to update your client.
[ 23:20:15,114 ] "Failed to load asset 'sprites-a4ba76ab6e6b7e47c885bfb182fd46171fbfbe0423cf7ec17eb39181283deba9.bmp.lzma': I/O error on file C:/Users/guilh/Desktop/Tibia 11.44.5516/assets/sprites-a4ba76ab6e6b7e47c885bfb182fd46171fbfbe0423cf7ec17eb39181283deba9.bmp.lzma: No such file or directory"
[ 23:20:15,115 ] Update failed. Please reinstall Tibia to update your client.
[ 23:20:15,120 ] "Failed to load asset 'sprites-7563d1993a57164862c36d903c03cc92d5d47cb2777367c69e9be1480f71846c.bmp.lzma': I/O error on file C:/Users/guilh/Desktop/Tibia 11.44.5516/assets/sprites-7563d1993a57164862c36d903c03cc92d5d47cb2777367c69e9be1480f71846c.bmp.lzma: No such file or directory"
[ 23:20:15,121 ] Update failed. Please reinstall Tibia to update your client.
[ 23:20:15,125 ] "Failed to load asset 'sprites-879099438d9de44c3caadbc4a30e82329ee5b6bfaa8e5f5b59f990ea63ac00ac.bmp.lzma': I/O error on file C:/Users/guilh/Desktop/Tibia 11.44.5516/assets/sprites-879099438d9de44c3caadbc4a30e82329ee5b6bfaa8e5f5b59f990ea63ac00ac.bmp.lzma: No such file or directory"
[ 23:20:15,126 ] Update failed. Please reinstall Tibia to update your client.
[ 23:20:15,131 ] "Failed to load asset 'sprites-f7774bb22b963ceebb62698d9327c485ae2df7dc0ef5165ad065002b83b18c5c.bmp.lzma': I/O error on file C:/Users/guilh/Desktop/Tibia 11.44.5516/assets/sprites-f7774bb22b963ceebb62698d9327c485ae2df7dc0ef5165ad065002b83b18c5c.bmp.lzma: No such file or directory"
[ 23:20:15,132 ] Update failed. Please reinstall Tibia to update your client.
[ 23:20:15,138 ] "Failed to load asset 'sprites-f0762d6591cc059370abff075f737fdbb8d719e583d8d136405b7c0f3b339088.bmp.lzma': I/O error on file C:/Users/guilh/Desktop/Tibia 11.44.5516/assets/sprites-f0762d6591cc059370abff075f737fdbb8d719e583d8d136405b7c0f3b339088.bmp.lzma: No such file or directory"
[ 23:20:15,139 ] Update failed. Please reinstall Tibia to update your client.
[ 23:20:15,145 ] "Failed to load asset 'sprites-cfac9d621266b3cb6187efd1dece302b9ab732488a7ab4012ce429cd58951695.bmp.lzma': I/O error on file C:/Users/guilh/Desktop/Tibia 11.44.5516/assets/sprites-cfac9d621266b3cb6187efd1dece302b9ab732488a7ab4012ce429cd58951695.bmp.lzma: No such file or directory"
[ 23:20:15,145 ] Update failed. Please reinstall Tibia to update your client.
[ 23:20:15,150 ] "Failed to load asset 'sprites-94a8a565561885bf377f24431fd8b287a55ab61d1a830c496f90957feaffe05c.bmp.lzma': I/O error on file C:/Users/guilh/Desktop/Tibia 11.44.5516/assets/sprites-94a8a565561885bf377f24431fd8b287a55ab61d1a830c496f90957feaffe05c.bmp.lzma: No such file or directory"
[ 23:20:15,151 ] Update failed. Please reinstall Tibia to update your client.
[ 23:20:15,156 ] "Failed to load asset 'sprites-b6532bc99a7b53281034d3ab3270168745fb078e7b136825e44dbd98023e9deb.bmp.lzma': I/O error on file C:/Users/guilh/Desktop/Tibia 11.44.5516/assets/sprites-b6532bc99a7b53281034d3ab3270168745fb078e7b136825e44dbd98023e9deb.bmp.lzma: No such file or directory"
[ 23:20:15,157 ] Update failed. Please reinstall Tibia to update your client.
[ 23:20:15,280 ] "Failed to load asset 'sprites-d467aa891fc449cc4f0818643fbc265e55b7d71263b6356b91ff8c71282d7544.bmp.lzma': I/O error on file C:/Users/guilh/Desktop/Tibia 11.44.5516/assets/sprites-d467aa891fc449cc4f0818643fbc265e55b7d71263b6356b91ff8c71282d7544.bmp.lzma: No such file or directory"
[ 23:20:15,281 ] Update failed. Please reinstall Tibia to update your client.
[ 23:20:15,286 ] "Failed to load asset 'sprites-9e628242d322fd3534257918aa72171506a731ae5207b3dadb21cc590ec67f89.bmp.lzma': I/O error on file C:/Users/guilh/Desktop/Tibia 11.44.5516/assets/sprites-9e628242d322fd3534257918aa72171506a731ae5207b3dadb21cc590ec67f89.bmp.lzma: No such file or directory"
[ 23:20:15,287 ] Update failed. Please reinstall Tibia to update your client.
[ 23:20:15,292 ] "Failed to load asset 'sprites-c122ecb529ce27e0ed6b6e83282301cb05c2db3a4e3abb9e9950f4a1733d83be.bmp.lzma': I/O error on file C:/Users/guilh/Desktop/Tibia 11.44.5516/assets/sprites-c122ecb529ce27e0ed6b6e83282301cb05c2db3a4e3abb9e9950f4a1733d83be.bmp.lzma: No such file or directory"
[ 23:20:15,293 ] Update failed. Please reinstall Tibia to update your client.
[ 23:20:15,299 ] "Failed to load asset 'sprites-dd1f44a5727e5fd4551af364143ec88a4b2570dfe5b0ef5b4da0b7e25c40f01d.bmp.lzma': I/O error on file C:/Users/guilh/Desktop/Tibia 11.44.5516/assets/sprites-dd1f44a5727e5fd4551af364143ec88a4b2570dfe5b0ef5b4da0b7e25c40f01d.bmp.lzma: No such file or directory"
[ 23:20:15,299 ] Update failed. Please reinstall Tibia to update your client.
[ 23:20:15,304 ] "Failed to load asset 'sprites-8d55df3a8e998aaaf3fc45ea06584b6825b4e12f6a90eecec95ab6481ed4f7b9.bmp.lzma': I/O error on file C:/Users/guilh/Desktop/Tibia 11.44.5516/assets/sprites-8d55df3a8e998aaaf3fc45ea06584b6825b4e12f6a90eecec95ab6481ed4f7b9.bmp.lzma: No such file or directory"
[ 23:20:15,305 ] Update failed. Please reinstall Tibia to update your client.
[ 23:20:15,311 ] "Failed to load asset 'sprites-bd6ea1d45018cfee7b9baff1b287bc40f99d9c64c14ee7ed065596d3d02f0646.bmp.lzma': I/O error on file C:/Users/guilh/Desktop/Tibia 11.44.5516/assets/sprites-bd6ea1d45018cfee7b9baff1b287bc40f99d9c64c14ee7ed065596d3d02f0646.bmp.lzma: No such file or directory"
[ 23:20:15,311 ] Update failed. Please reinstall Tibia to update your client.
[ 23:20:15,316 ] "Failed to load asset 'sprites-f3d3a87bde5f88e9674b07ae60869078807c3da26ec92736af587c9cf43ec74c.bmp.lzma': I/O error on file C:/Users/guilh/Desktop/Tibia 11.44.5516/assets/sprites-f3d3a87bde5f88e9674b07ae60869078807c3da26ec92736af587c9cf43ec74c.bmp.lzma: No such file or directory"
[ 23:20:15,317 ] Update failed. Please reinstall Tibia to update your client.
[ 23:20:15,322 ] "Failed to load asset 'sprites-89cbf7d2eb8c542d2371b2d5e42b765cb29991716480c7bacb1128749e91a01b.bmp.lzma': I/O error on file C:/Users/guilh/Desktop/Tibia 11.44.5516/assets/sprites-89cbf7d2eb8c542d2371b2d5e42b765cb29991716480c7bacb1128749e91a01b.bmp.lzma: No such file or directory"
[ 23:20:15,323 ] Update failed. Please reinstall Tibia to update your client.
[ 23:20:15,328 ] "Failed to load asset 'sprites-846e7c1b13246522c6da3c45002da298be78d8b617f4657eb5cca753b76f7f7b.bmp.lzma': I/O error on file C:/Users/guilh/Desktop/Tibia 11.44.5516/assets/sprites-846e7c1b13246522c6da3c45002da298be78d8b617f4657eb5cca753b76f7f7b.bmp.lzma: No such file or directory"
[ 23:20:15,329 ] Update failed. Please reinstall Tibia to update your client.
[ 23:20:15,333 ] "Failed to load asset 'sprites-c31d4d3c74aeb3942afc20c0c1ea64f32018b11c037f22473778cbdeb0726b96.bmp.lzma': I/O error on file C:/Users/guilh/Desktop/Tibia 11.44.5516/assets/sprites-c31d4d3c74aeb3942afc20c0c1ea64f32018b11c037f22473778cbdeb0726b96.bmp.lzma: No such file or directory"
[ 23:20:15,334 ] Update failed. Please reinstall Tibia to update your client.
[ 23:20:15,337 ] "Failed to load asset 'sprites-8d028edcca7739a4092a4d269ee2a668efdd968b9d80f15b2e4c5fd61e462e29.bmp.lzma': I/O error on file C:/Users/guilh/Desktop/Tibia 11.44.5516/assets/sprites-8d028edcca7739a4092a4d269ee2a668efdd968b9d80f15b2e4c5fd61e462e29.bmp.lzma: No such file or directory"
[ 23:20:15,338 ] Update failed. Please reinstall Tibia to update your client.
[ 23:20:15,342 ] "Failed to load asset 'sprites-bf85a794bcb2de1fdbc6c28f246f3a96e06339b62a7338e94d4e397cb8997e0a.bmp.lzma': I/O error on file C:/Users/guilh/Desktop/Tibia 11.44.5516/assets/sprites-bf85a794bcb2de1fdbc6c28f246f3a96e06339b62a7338e94d4e397cb8997e0a.bmp.lzma: No such file or directory"
[ 23:20:15,343 ] Update failed. Please reinstall Tibia to update your client.
[ 23:20:15,348 ] "Failed to load asset 'sprites-f03fc2dab7d7439addf7a079c6198cc85f8b45e99a21a684790c9c384b62939d.bmp.lzma': I/O error on file C:/Users/guilh/Desktop/Tibia 11.44.5516/assets/sprites-f03fc2dab7d7439addf7a079c6198cc85f8b45e99a21a684790c9c384b62939d.bmp.lzma: No such file or directory"
[ 23:20:15,349 ] Update failed. Please reinstall Tibia to update your client.
[ 23:20:15,353 ] "Failed to load asset 'sprites-fca47f081bfda11808af001e8b98558f276d8682960989642bbd21bd47e1b6f2.bmp.lzma': I/O error on file C:/Users/guilh/Desktop/Tibia 11.44.5516/assets/sprites-fca47f081bfda11808af001e8b98558f276d8682960989642bbd21bd47e1b6f2.bmp.lzma: No such file or directory"
[ 23:20:15,354 ] Update failed. Please reinstall Tibia to update your client.
[ 23:20:15,357 ] "Failed to load asset 'sprites-f59aa1a7c7944a142ee3014258a3f61cf330339394e0510b69c10f0717008b73.bmp.lzma': I/O error on file C:/Users/guilh/Desktop/Tibia 11.44.5516/assets/sprites-f59aa1a7c7944a142ee3014258a3f61cf330339394e0510b69c10f0717008b73.bmp.lzma: No such file or directory"
[ 23:20:15,358 ] Update failed. Please reinstall Tibia to update your client.
[ 23:20:15,362 ] "Failed to load asset 'sprites-c9c91a2cf2abb379c6a309ceb886c793918029537761e4e99a07e2de097165fd.bmp.lzma': I/O error on file C:/Users/guilh/Desktop/Tibia 11.44.5516/assets/sprites-c9c91a2cf2abb379c6a309ceb886c793918029537761e4e99a07e2de097165fd.bmp.lzma: No such file or directory"
[ 23:20:15,363 ] Update failed. Please reinstall Tibia to update your client.
[ 23:20:15,367 ] "Failed to load asset 'sprites-c801bcb7b7a60322dcbb36b2648da128bc794f7843e2544ebe6d71569c37bf52.bmp.lzma': I/O error on file C:/Users/guilh/Desktop/Tibia 11.44.5516/assets/sprites-c801bcb7b7a60322dcbb36b2648da128bc794f7843e2544ebe6d71569c37bf52.bmp.lzma: No such file or directory"
[ 23:20:15,368 ] Update failed. Please reinstall Tibia to update your client.
[ 23:20:15,373 ] "Failed to load asset 'sprites-ed80d78930f945181f42a65f249469fb20b7e8bd14a00afe37434e30f4b7e71f.bmp.lzma': I/O error on file C:/Users/guilh/Desktop/Tibia 11.44.5516/assets/sprites-ed80d78930f945181f42a65f249469fb20b7e8bd14a00afe37434e30f4b7e71f.bmp.lzma: No such file or directory"
[ 23:20:15,373 ] Update failed. Please reinstall Tibia to update your client.
[ 23:20:15,377 ] "Failed to load asset 'sprites-f9b0c0ab3098b2ab7c8be77a4da68aae562836b0503c87358379fd97514f5e00.bmp.lzma': I/O error on file C:/Users/guilh/Desktop/Tibia 11.44.5516/assets/sprites-f9b0c0ab3098b2ab7c8be77a4da68aae562836b0503c87358379fd97514f5e00.bmp.lzma: No such file or directory"
[ 23:20:15,378 ] Update failed. Please reinstall Tibia to update your client.
[ 23:20:15,381 ] "Failed to load asset 'sprites-b87ab474ec3fde8abc5e0e1fcfecf0c425438aa2b15e9fa4913e77066191d1b4.bmp.lzma': I/O error on file C:/Users/guilh/Desktop/Tibia 11.44.5516/assets/sprites-b87ab474ec3fde8abc5e0e1fcfecf0c425438aa2b15e9fa4913e77066191d1b4.bmp.lzma: No such file or directory"
[ 23:20:15,381 ] Update failed. Please reinstall Tibia to update your client.
[ 23:20:15,384 ] "Failed to load asset 'sprites-a19a75260e4061e45c641d226f610228246eb77778c127cac585e5f76dd8ce21.bmp.lzma': I/O error on file C:/Users/guilh/Desktop/Tibia 11.44.5516/assets/sprites-a19a75260e4061e45c641d226f610228246eb77778c127cac585e5f76dd8ce21.bmp.lzma: No such file or directory"
[ 23:20:15,385 ] Update failed. Please reinstall Tibia to update your client.
[ 23:20:15,388 ] "Failed to load asset 'sprites-87c2c9ae1e8d8cf71ff9780d1a0d0bf8c276a413345e56a5ae8ffd38f8144add.bmp.lzma': I/O error on file C:/Users/guilh/Desktop/Tibia 11.44.5516/assets/sprites-87c2c9ae1e8d8cf71ff9780d1a0d0bf8c276a413345e56a5ae8ffd38f8144add.bmp.lzma: No such file or directory"
[ 23:20:15,389 ] Update failed. Please reinstall Tibia to update your client.
[ 23:20:15,391 ] "Failed to load asset 'sprites-7d2c330b83750e89ac96f0f2050f489d7a2c4d8df4575190f6f1050e57a73bb2.bmp.lzma': I/O error on file C:/Users/guilh/Desktop/Tibia 11.44.5516/assets/sprites-7d2c330b83750e89ac96f0f2050f489d7a2c4d8df4575190f6f1050e57a73bb2.bmp.lzma: No such file or directory"
[ 23:20:15,392 ] Update failed. Please reinstall Tibia to update your client.
[ 23:20:15,395 ] "Failed to load asset 'sprites-78e2b13b876c2299b870d7a2679d607993c619759fb866d8dfc29507242517b5.bmp.lzma': I/O error on file C:/Users/guilh/Desktop/Tibia 11.44.5516/assets/sprites-78e2b13b876c2299b870d7a2679d607993c619759fb866d8dfc29507242517b5.bmp.lzma: No such file or directory"
[ 23:20:15,396 ] Update failed. Please reinstall Tibia to update your client.
[ 23:20:15,398 ] "Failed to load asset 'sprites-a2b58b4542cccea5e21dcc6c3def42235648d70599efd920cf4157d740321823.bmp.lzma': I/O error on file C:/Users/guilh/Desktop/Tibia 11.44.5516/assets/sprites-a2b58b4542cccea5e21dcc6c3def42235648d70599efd920cf4157d740321823.bmp.lzma: No such file or directory"
[ 23:20:15,399 ] Update failed. Please reinstall Tibia to update your client.
[ 23:20:15,402 ] "Failed to load asset 'sprites-9dd47fedbd3a95bdb47dc59a7085159702d59c678cd466b548d06280ea948227.bmp.lzma': I/O error on file C:/Users/guilh/Desktop/Tibia 11.44.5516/assets/sprites-9dd47fedbd3a95bdb47dc59a7085159702d59c678cd466b548d06280ea948227.bmp.lzma: No such file or directory"
[ 23:20:15,403 ] Update failed. Please reinstall Tibia to update your client.
[ 23:20:15,407 ] "Failed to load asset 'sprites-e3936b25ad76520c2e8a29e3188b73c1acb83bdcc74349023da4fd5361590262.bmp.lzma': I/O error on file C:/Users/guilh/Desktop/Tibia 11.44.5516/assets/sprites-e3936b25ad76520c2e8a29e3188b73c1acb83bdcc74349023da4fd5361590262.bmp.lzma: No such file or directory"
[ 23:20:15,408 ] Update failed. Please reinstall Tibia to update your client.
[ 23:20:15,412 ] "Failed to load asset 'sprites-ab50dad2d0c370613324a9ee3d7a18819598c2ac395c3cf8e8158b9d29abcd34.bmp.lzma': I/O error on file C:/Users/guilh/Desktop/Tibia 11.44.5516/assets/sprites-ab50dad2d0c370613324a9ee3d7a18819598c2ac395c3cf8e8158b9d29abcd34.bmp.lzma: No such file or directory"
[ 23:20:15,413 ] Update failed. Please reinstall Tibia to update your client.
[ 23:20:15,416 ] "Failed to load asset 'sprites-fad7900573152fc500e39c0c1e5be6a755717d764ef6aabcfe8e7fac3c943d00.bmp.lzma': I/O error on file C:/Users/guilh/Desktop/Tibia 11.44.5516/assets/sprites-fad7900573152fc500e39c0c1e5be6a755717d764ef6aabcfe8e7fac3c943d00.bmp.lzma: No such file or directory"
[ 23:20:15,417 ] Update failed. Please reinstall Tibia to update your client.
[ 23:20:15,420 ] "Failed to load asset 'sprites-a5d9803b886ebbb35b2e440c2e28d09378439c7edd983910b49164e6d1ff5b95.bmp.lzma': I/O error on file C:/Users/guilh/Desktop/Tibia 11.44.5516/assets/sprites-a5d9803b886ebbb35b2e440c2e28d09378439c7edd983910b49164e6d1ff5b95.bmp.lzma: No such file or directory"
[ 23:20:15,420 ] Update failed. Please reinstall Tibia to update your client.
[ 23:20:15,423 ] "Failed to load asset 'sprites-99185a4968aeae6ede092e79bd9fcbde73f1fc8d46b62d22e2880a0da2cba51a.bmp.lzma': I/O error on file C:/Users/guilh/Desktop/Tibia 11.44.5516/assets/sprites-99185a4968aeae6ede092e79bd9fcbde73f1fc8d46b62d22e2880a0da2cba51a.bmp.lzma: No such file or directory"
[ 23:20:15,424 ] Update failed. Please reinstall Tibia to update your client.
[ 23:20:15,427 ] "Failed to load asset 'sprites-ca3010d72433d223d0495c843828585e10d73096552d84cd85a56e627db81d5a.bmp.lzma': I/O error on file C:/Users/guilh/Desktop/Tibia 11.44.5516/assets/sprites-ca3010d72433d223d0495c843828585e10d73096552d84cd85a56e627db81d5a.bmp.lzma: No such file or directory"
[ 23:20:15,427 ] Update failed. Please reinstall Tibia to update your client.
[ 23:20:15,432 ] "Failed to load asset 'sprites-95e2745f9e05efff413994526cdc243dc5b2cdaa693450a9c54a3e1c61a87229.bmp.lzma': I/O error on file C:/Users/guilh/Desktop/Tibia 11.44.5516/assets/sprites-95e2745f9e05efff413994526cdc243dc5b2cdaa693450a9c54a3e1c61a87229.bmp.lzma: No such file or directory"
[ 23:20:15,432 ] Update failed. Please reinstall Tibia to update your client.
[ 23:20:15,436 ] "Failed to load asset 'sprites-dfcde89cfd0dce8166fff89ddf947bf0ba08837c1c04de99f67bd1850b300b8c.bmp.lzma': I/O error on file C:/Users/guilh/Desktop/Tibia 11.44.5516/assets/sprites-dfcde89cfd0dce8166fff89ddf947bf0ba08837c1c04de99f67bd1850b300b8c.bmp.lzma: No such file or directory"
[ 23:20:15,436 ] Update failed. Please reinstall Tibia to update your client.
[ 23:20:15,439 ] "Failed to load asset 'sprites-c62ef2c69f706498d2cf765897562233c0a00cce7f301958231fdd32405e9d2b.bmp.lzma': I/O error on file C:/Users/guilh/Desktop/Tibia 11.44.5516/assets/sprites-c62ef2c69f706498d2cf765897562233c0a00cce7f301958231fdd32405e9d2b.bmp.lzma: No such file or directory"
[ 23:20:15,440 ] Update failed. Please reinstall Tibia to update your client.
[ 23:20:15,443 ] "Failed to load asset 'sprites-fd1a8d747f5ea23ef8decc8a13e7b66c07d1f4b130d6dc7b2468cde31d6fee26.bmp.lzma': I/O error on file C:/Users/guilh/Desktop/Tibia 11.44.5516/assets/sprites-fd1a8d747f5ea23ef8decc8a13e7b66c07d1f4b130d6dc7b2468cde31d6fee26.bmp.lzma: No such file or directory"
[ 23:20:15,444 ] Update failed. Please reinstall Tibia to update your client.
[ 23:20:15,447 ] "Failed to load asset 'sprites-8cb98cd9fac1b76f9b82dc405d0e5134367023632c1dc8fb61f1351536774f10.bmp.lzma': I/O error on file C:/Users/guilh/Desktop/Tibia 11.44.5516/assets/sprites-8cb98cd9fac1b76f9b82dc405d0e5134367023632c1dc8fb61f1351536774f10.bmp.lzma: No such file or directory"
[ 23:20:15,448 ] Update failed. Please reinstall Tibia to update your client.
[ 23:20:15,452 ] "Failed to load asset 'sprites-d0f4657c3d54cbf167fe2d9264b912c996d3ae1237cd55ee7441f4c65f78b6a4.bmp.lzma': I/O error on file C:/Users/guilh/Desktop/Tibia 11.44.5516/assets/sprites-d0f4657c3d54cbf167fe2d9264b912c996d3ae1237cd55ee7441f4c65f78b6a4.bmp.lzma: No such file or directory"
[ 23:20:15,453 ] Update failed. Please reinstall Tibia to update your client.
[ 23:20:15,457 ] "Failed to load asset 'sprites-b8cc142cdc08deeaa998b33b089d8134930188c86bbd89e3f96d056aa93f2c45.bmp.lzma': I/O error on file C:/Users/guilh/Desktop/Tibia 11.44.5516/assets/sprites-b8cc142cdc08deeaa998b33b089d8134930188c86bbd89e3f96d056aa93f2c45.bmp.lzma: No such file or directory"
[ 23:20:15,458 ] Update failed. Please reinstall Tibia to update your client.
[ 23:20:15,466 ] "Failed to load asset 'sprites-a2a6debd0252c284523bae5a53f7f2f6c06319760df1500530a36999e66282c0.bmp.lzma': I/O error on file C:/Users/guilh/Desktop/Tibia 11.44.5516/assets/sprites-a2a6debd0252c284523bae5a53f7f2f6c06319760df1500530a36999e66282c0.bmp.lzma: No such file or directory"
[ 23:20:15,467 ] Update failed. Please reinstall Tibia to update your client.
[ 23:20:15,472 ] "Failed to load asset 'sprites-7b3185af9ae88ea40eb731d104f612c95b6c971075ef5c2fd7b889eeac1c88f4.bmp.lzma': I/O error on file C:/Users/guilh/Desktop/Tibia 11.44.5516/assets/sprites-7b3185af9ae88ea40eb731d104f612c95b6c971075ef5c2fd7b889eeac1c88f4.bmp.lzma: No such file or directory"
[ 23:20:15,472 ] Update failed. Please reinstall Tibia to update your client.
[ 23:20:15,497 ] "Failed to load asset 'sprites-7ea24a1bbd78cda33207f0e833866a7786ce065b5dd9d4ae255c143cd0bd6a2b.bmp.lzma': I/O error on file C:/Users/guilh/Desktop/Tibia 11.44.5516/assets/sprites-7ea24a1bbd78cda33207f0e833866a7786ce065b5dd9d4ae255c143cd0bd6a2b.bmp.lzma: No such file or directory"
[ 23:20:15,498 ] Update failed. Please reinstall Tibia to update your client.
[ 23:20:15,506 ] "Failed to load asset 'sprites-762e824737e7d76ceae6a47b664d10df1aef59b481303b6e4ba24689b5984a9b.bmp.lzma': I/O error on file C:/Users/guilh/Desktop/Tibia 11.44.5516/assets/sprites-762e824737e7d76ceae6a47b664d10df1aef59b481303b6e4ba24689b5984a9b.bmp.lzma: No such file or directory"
[ 23:20:15,507 ] Update failed. Please reinstall Tibia to update your client.
[ 23:20:15,513 ] "Failed to load asset 'sprites-80eb0044231e5847491f77c01c4e86ec51a2d5171498717ca468144ccf54644d.bmp.lzma': I/O error on file C:/Users/guilh/Desktop/Tibia 11.44.5516/assets/sprites-80eb0044231e5847491f77c01c4e86ec51a2d5171498717ca468144ccf54644d.bmp.lzma: No such file or directory"
[ 23:20:15,514 ] Update failed. Please reinstall Tibia to update your client.
[ 23:20:15,518 ] "Failed to load asset 'sprites-d0069f8900e08cc19fbe845e4b1998e41a27a291711b65ab705fce8d624a7d8a.bmp.lzma': I/O error on file C:/Users/guilh/Desktop/Tibia 11.44.5516/assets/sprites-d0069f8900e08cc19fbe845e4b1998e41a27a291711b65ab705fce8d624a7d8a.bmp.lzma: No such file or directory"
[ 23:20:15,519 ] Update failed. Please reinstall Tibia to update your client.
[ 23:20:15,526 ] "Failed to load asset 'sprites-bd03cb5d7e0738c07536f7773dcc94ef8f0d4783c4e700f55e741f4d57963296.bmp.lzma': I/O error on file C:/Users/guilh/Desktop/Tibia 11.44.5516/assets/sprites-bd03cb5d7e0738c07536f7773dcc94ef8f0d4783c4e700f55e741f4d57963296.bmp.lzma: No such file or directory"
[ 23:20:15,526 ] Update failed. Please reinstall Tibia to update your client.
[ 23:20:15,532 ] "Failed to load asset 'sprites-f677644cbc5041a294f9ebe9594d6a4f834e2f35dec83066ebea7a14d3a61e26.bmp.lzma': I/O error on file C:/Users/guilh/Desktop/Tibia 11.44.5516/assets/sprites-f677644cbc5041a294f9ebe9594d6a4f834e2f35dec83066ebea7a14d3a61e26.bmp.lzma: No such file or directory"
[ 23:20:15,533 ] Update failed. Please reinstall Tibia to update your client.
[ 23:20:15,537 ] "Failed to load asset 'sprites-b659e77b361bb35662de7b277c8446ca850b5d6720ae75a8dcdb84b6608870f0.bmp.lzma': I/O error on file C:/Users/guilh/Desktop/Tibia 11.44.5516/assets/sprites-b659e77b361bb35662de7b277c8446ca850b5d6720ae75a8dcdb84b6608870f0.bmp.lzma: No such file or directory"
[ 23:20:15,538 ] Update failed. Please reinstall Tibia to update your client.
[ 23:20:15,542 ] "Failed to load asset 'sprites-9e0707445f6e2c35fb7efe245cdc26d512175101b91376a88c6483ed3b6b1324.bmp.lzma': I/O error on file C:/Users/guilh/Desktop/Tibia 11.44.5516/assets/sprites-9e0707445f6e2c35fb7efe245cdc26d512175101b91376a88c6483ed3b6b1324.bmp.lzma: No such file or directory"
[ 23:20:15,543 ] Update failed. Please reinstall Tibia to update your client.
[ 23:20:15,549 ] "Failed to load asset 'sprites-ddf98f9ca76df29ac07fc65d3365b20e783f65a78684cdbf10db85ef09ac9c60.bmp.lzma': I/O error on file C:/Users/guilh/Desktop/Tibia 11.44.5516/assets/sprites-ddf98f9ca76df29ac07fc65d3365b20e783f65a78684cdbf10db85ef09ac9c60.bmp.lzma: No such file or directory"
[ 23:20:15,551 ] Update failed. Please reinstall Tibia to update your client.
[ 23:20:15,557 ] "Failed to load asset 'sprites-ee977fb477d8c2ecbc8f8292fc76239b201eb744aba1feab439f6c85a6aab646.bmp.lzma': I/O error on file C:/Users/guilh/Desktop/Tibia 11.44.5516/assets/sprites-ee977fb477d8c2ecbc8f8292fc76239b201eb744aba1feab439f6c85a6aab646.bmp.lzma: No such file or directory"
[ 23:20:15,558 ] Update failed. Please reinstall Tibia to update your client.
[ 23:20:15,564 ] "Failed to load asset 'sprites-f5db585bc4c91f6e76d11d2487bedf62f653d36e0f3a39926133679498725f96.bmp.lzma': I/O error on file C:/Users/guilh/Desktop/Tibia 11.44.5516/assets/sprites-f5db585bc4c91f6e76d11d2487bedf62f653d36e0f3a39926133679498725f96.bmp.lzma: No such file or directory"
[ 23:20:15,564 ] Update failed. Please reinstall Tibia to update your client.
[ 23:20:15,569 ] "Failed to load asset 'sprites-b86d3529de60020b9add92ba8fde5cb630c1a2ece6b01434e0a6bd2ed62baa1d.bmp.lzma': I/O error on file C:/Users/guilh/Desktop/Tibia 11.44.5516/assets/sprites-b86d3529de60020b9add92ba8fde5cb630c1a2ece6b01434e0a6bd2ed62baa1d.bmp.lzma: No such file or directory"
[ 23:20:15,570 ] Update failed. Please reinstall Tibia to update your client.
[ 23:20:15,577 ] "Failed to load asset 'sprites-d4b7e2199ef90897e15f5c284b508300c7cc69edb8490385e63b1910f0fd2653.bmp.lzma': I/O error on file C:/Users/guilh/Desktop/Tibia 11.44.5516/assets/sprites-d4b7e2199ef90897e15f5c284b508300c7cc69edb8490385e63b1910f0fd2653.bmp.lzma: No such file or directory"
[ 23:20:15,578 ] Update failed. Please reinstall Tibia to update your client.
[ 23:20:15,583 ] "Failed to load asset 'sprites-fcd3330166fb35515625811d3006b06dd0a094edb419e3e99d3a0bacb6d01aa4.bmp.lzma': I/O error on file C:/Users/guilh/Desktop/Tibia 11.44.5516/assets/sprites-fcd3330166fb35515625811d3006b06dd0a094edb419e3e99d3a0bacb6d01aa4.bmp.lzma: No such file or directory"
[ 23:20:15,584 ] Update failed. Please reinstall Tibia to update your client.
[ 23:20:15,588 ] "Failed to load asset 'sprites-84b20ad6155e226d6a04ee56d6c3cb32382f9b693fa5c37936f2a07bbafacd09.bmp.lzma': I/O error on file C:/Users/guilh/Desktop/Tibia 11.44.5516/assets/sprites-84b20ad6155e226d6a04ee56d6c3cb32382f9b693fa5c37936f2a07bbafacd09.bmp.lzma: No such file or directory"
[ 23:20:15,589 ] Update failed. Please reinstall Tibia to update your client.
[ 23:20:15,593 ] "Failed to load asset 'sprites-a08550a9ed97ee00906d67272617f4cf186b4a38f122c3c916d3e307317f55a1.bmp.lzma': I/O error on file C:/Users/guilh/Desktop/Tibia 11.44.5516/assets/sprites-a08550a9ed97ee00906d67272617f4cf186b4a38f122c3c916d3e307317f55a1.bmp.lzma: No such file or directory"
[ 23:20:15,594 ] Update failed. Please reinstall Tibia to update your client.
[ 23:20:15,598 ] "Failed to load asset 'sprites-bbbb345eb50b162cc00b405bbae6913f43a8a1a2994a1f02944ac0ae446e5f03.bmp.lzma': I/O error on file C:/Users/guilh/Desktop/Tibia 11.44.5516/assets/sprites-bbbb345eb50b162cc00b405bbae6913f43a8a1a2994a1f02944ac0ae446e5f03.bmp.lzma: No such file or directory"
[ 23:20:15,599 ] Update failed. Please reinstall Tibia to update your client.
[ 23:20:15,605 ] "Failed to load asset 'sprites-9f06b2a55f901fffe996f61de30be87b5a50095e29dbde4dd394c9cdbf816725.bmp.lzma': I/O error on file C:/Users/guilh/Desktop/Tibia 11.44.5516/assets/sprites-9f06b2a55f901fffe996f61de30be87b5a50095e29dbde4dd394c9cdbf816725.bmp.lzma: No such file or directory"
[ 23:20:15,606 ] Update failed. Please reinstall Tibia to update your client.
[ 23:20:15,611 ] "Failed to load asset 'sprites-b17018a27fce2261db1967aaef12e4bc39aba9185f87a269bd9522e5e851287e.bmp.lzma': I/O error on file C:/Users/guilh/Desktop/Tibia 11.44.5516/assets/sprites-b17018a27fce2261db1967aaef12e4bc39aba9185f87a269bd9522e5e851287e.bmp.lzma: No such file or directory"
[ 23:20:15,612 ] Update failed. Please reinstall Tibia to update your client.
[ 23:20:15,708 ] "Failed to load asset 'sprites-a9ead8b9cf871526b6b5e5e29bcba831f7c7f46f4943e7a424cd31bd127a35fb.bmp.lzma': I/O error on file C:/Users/guilh/Desktop/Tibia 11.44.5516/assets/sprites-a9ead8b9cf871526b6b5e5e29bcba831f7c7f46f4943e7a424cd31bd127a35fb.bmp.lzma: No such file or directory"
[ 23:20:15,709 ] Update failed. Please reinstall Tibia to update your client.
[ 23:20:15,712 ] "Failed to load asset 'sprites-720551f3529db35a90558e3e98a36c231c2c0ca846192ed315d04944ab805b4b.bmp.lzma': I/O error on file C:/Users/guilh/Desktop/Tibia 11.44.5516/assets/sprites-720551f3529db35a90558e3e98a36c231c2c0ca846192ed315d04944ab805b4b.bmp.lzma: No such file or directory"
[ 23:20:15,713 ] Update failed. Please reinstall Tibia to update your client.
[ 23:20:15,716 ] "Failed to load asset 'sprites-8972fc5bc18b41088354b1f3216b770dce2b6f596917594aa99ce888584a0ba8.bmp.lzma': I/O error on file C:/Users/guilh/Desktop/Tibia 11.44.5516/assets/sprites-8972fc5bc18b41088354b1f3216b770dce2b6f596917594aa99ce888584a0ba8.bmp.lzma: No such file or directory"
[ 23:20:15,717 ] Update failed. Please reinstall Tibia to update your client.
[ 23:20:15,720 ] "Failed to load asset 'sprites-eca1069d6bb96685f1a97cee2cbb0947b4e0494c94ede3d1eaeb0aa071351d7d.bmp.lzma': I/O error on file C:/Users/guilh/Desktop/Tibia 11.44.5516/assets/sprites-eca1069d6bb96685f1a97cee2cbb0947b4e0494c94ede3d1eaeb0aa071351d7d.bmp.lzma: No such file or directory"
[ 23:20:15,721 ] Update failed. Please reinstall Tibia to update your client.
[ 23:20:15,724 ] "Failed to load asset 'sprites-e8f12610c15cdd1c8459d344adf433513c3df4986ea53f186130387c84d4b7e9.bmp.lzma': I/O error on file C:/Users/guilh/Desktop/Tibia 11.44.5516/assets/sprites-e8f12610c15cdd1c8459d344adf433513c3df4986ea53f186130387c84d4b7e9.bmp.lzma: No such file or directory"
[ 23:20:15,725 ] Update failed. Please reinstall Tibia to update your client.
[ 23:20:15,728 ] "Failed to load asset 'sprites-c8816f1b1e1501257f3e7e11c2e72a5cec5b31d026c4596e541d25f51f3db348.bmp.lzma': I/O error on file C:/Users/guilh/Desktop/Tibia 11.44.5516/assets/sprites-c8816f1b1e1501257f3e7e11c2e72a5cec5b31d026c4596e541d25f51f3db348.bmp.lzma: No such file or directory"
[ 23:20:15,728 ] Update failed. Please reinstall Tibia to update your client.
[ 23:20:15,744 ] "Failed to load asset 'sprites-99afddb29290890ae9351f36ef619b8dc03616b81729605c49edf4302e26d1e3.bmp.lzma': I/O error on file C:/Users/guilh/Desktop/Tibia 11.44.5516/assets/sprites-99afddb29290890ae9351f36ef619b8dc03616b81729605c49edf4302e26d1e3.bmp.lzma: No such file or directory"
[ 23:20:15,744 ] Update failed. Please reinstall Tibia to update your client.
[ 23:20:15,748 ] "Failed to load asset 'sprites-bb3869468b658122f2af2540525bb8197f6b46de72a0e9610565c0a866c17fe2.bmp.lzma': I/O error on file C:/Users/guilh/Desktop/Tibia 11.44.5516/assets/sprites-bb3869468b658122f2af2540525bb8197f6b46de72a0e9610565c0a866c17fe2.bmp.lzma: No such file or directory"
[ 23:20:15,748 ] Update failed. Please reinstall Tibia to update your client.
[ 23:20:15,752 ] "Failed to load asset 'sprites-ab1db06b1b66948d24935f63e814a4fe93291d3c3700ef7ac5b667d37ec910a3.bmp.lzma': I/O error on file C:/Users/guilh/Desktop/Tibia 11.44.5516/assets/sprites-ab1db06b1b66948d24935f63e814a4fe93291d3c3700ef7ac5b667d37ec910a3.bmp.lzma: No such file or directory"
[ 23:20:15,753 ] Update failed. Please reinstall Tibia to update your client.
[ 23:20:15,757 ] "Failed to load asset 'sprites-a61bdd4a5f19d2036f8ec657dc22e37d35394d4a0e7b7ead23c6ec18339338ef.bmp.lzma': I/O error on file C:/Users/guilh/Desktop/Tibia 11.44.5516/assets/sprites-a61bdd4a5f19d2036f8ec657dc22e37d35394d4a0e7b7ead23c6ec18339338ef.bmp.lzma: No such file or directory"
[ 23:20:15,757 ] Update failed. Please reinstall Tibia to update your client.
[ 23:20:15,760 ] "Failed to load asset 'sprites-fab72d8d5ab06846884ced64726f479ca992c855135b1a9a35eab2bd15ddae6a.bmp.lzma': I/O error on file C:/Users/guilh/Desktop/Tibia 11.44.5516/assets/sprites-fab72d8d5ab06846884ced64726f479ca992c855135b1a9a35eab2bd15ddae6a.bmp.lzma: No such file or directory"
[ 23:20:15,761 ] Update failed. Please reinstall Tibia to update your client.
[ 23:20:15,764 ] "Failed to load asset 'sprites-ae582ff64bdfbf69fb3b654158973b52f5c47414b1fd01bdefbfabcc8193fc8e.bmp.lzma': I/O error on file C:/Users/guilh/Desktop/Tibia 11.44.5516/assets/sprites-ae582ff64bdfbf69fb3b654158973b52f5c47414b1fd01bdefbfabcc8193fc8e.bmp.lzma: No such file or directory"
[ 23:20:15,765 ] Update failed. Please reinstall Tibia to update your client.
[ 23:20:15,767 ] "Failed to load asset 'sprites-88022e38f1745e476b0d2196be68493353bc1b3beb0a0bfd723ff6e70434fe7a.bmp.lzma': I/O error on file C:/Users/guilh/Desktop/Tibia 11.44.5516/assets/sprites-88022e38f1745e476b0d2196be68493353bc1b3beb0a0bfd723ff6e70434fe7a.bmp.lzma: No such file or directory"
[ 23:20:15,768 ] Update failed. Please reinstall Tibia to update your client.
[ 23:20:15,771 ] "Failed to load asset 'sprites-738376d65f7ede2d84af50e8c4af318b72d1d8c9816c1fd97ce362c0859f8d26.bmp.lzma': I/O error on file C:/Users/guilh/Desktop/Tibia 11.44.5516/assets/sprites-738376d65f7ede2d84af50e8c4af318b72d1d8c9816c1fd97ce362c0859f8d26.bmp.lzma: No such file or directory"
[ 23:20:15,772 ] Update failed. Please reinstall Tibia to update your client.
[ 23:20:15,776 ] "Failed to load asset 'sprites-be5e2c4696981f37ec0218dfb9f323c2b541679f5fd2898e3cc0048172a9dd27.bmp.lzma': I/O error on file C:/Users/guilh/Desktop/Tibia 11.44.5516/assets/sprites-be5e2c4696981f37ec0218dfb9f323c2b541679f5fd2898e3cc0048172a9dd27.bmp.lzma: No such file or directory"
[ 23:20:15,776 ] Update failed. Please reinstall Tibia to update your client.
[ 23:20:15,779 ] "Failed to load asset 'sprites-8491f15e242bef4d420e0d8adba4c15b3dd0437bd4e73b6f4ca0654a097a9c2e.bmp.lzma': I/O error on file C:/Users/guilh/Desktop/Tibia 11.44.5516/assets/sprites-8491f15e242bef4d420e0d8adba4c15b3dd0437bd4e73b6f4ca0654a097a9c2e.bmp.lzma: No such file or directory"
[ 23:20:15,780 ] Update failed. Please reinstall Tibia to update your client.
[ 23:20:15,784 ] "Failed to load asset 'sprites-a843430316eb3fbe037116b44c0320e1eb50701e21a00d927262dc28317392a6.bmp.lzma': I/O error on file C:/Users/guilh/Desktop/Tibia 11.44.5516/assets/sprites-a843430316eb3fbe037116b44c0320e1eb50701e21a00d927262dc28317392a6.bmp.lzma: No such file or directory"
[ 23:20:15,784 ] Update failed. Please reinstall Tibia to update your client.
[ 23:20:15,789 ] "Failed to load asset 'sprites-d2dd7c3299e1337fdfa820d90c32eb6b6fa41fbd5c1563d05e889538c617a3ec.bmp.lzma': I/O error on file C:/Users/guilh/Desktop/Tibia 11.44.5516/assets/sprites-d2dd7c3299e1337fdfa820d90c32eb6b6fa41fbd5c1563d05e889538c617a3ec.bmp.lzma: No such file or directory"
[ 23:20:15,789 ] Update failed. Please reinstall Tibia to update your client.
[ 23:20:15,794 ] "Failed to load asset 'sprites-7af21b3a1d527277df2966310ee63195bf5922c00feda03f4823ece454d82867.bmp.lzma': I/O error on file C:/Users/guilh/Desktop/Tibia 11.44.5516/assets/sprites-7af21b3a1d527277df2966310ee63195bf5922c00feda03f4823ece454d82867.bmp.lzma: No such file or directory"
[ 23:20:15,795 ] Update failed. Please reinstall Tibia to update your client.
[ 23:20:15,800 ] "Failed to load asset 'sprites-8d4e0f4fdc9626bfa220b22a6799944e03bff8a1dcb1de662d99f71d2881ae7b.bmp.lzma': I/O error on file C:/Users/guilh/Desktop/Tibia 11.44.5516/assets/sprites-8d4e0f4fdc9626bfa220b22a6799944e03bff8a1dcb1de662d99f71d2881ae7b.bmp.lzma: No such file or directory"
[ 23:20:15,800 ] Update failed. Please reinstall Tibia to update your client.
[ 23:20:15,804 ] "Failed to load asset 'sprites-e0daf62e28b6c5efe89d0c731dd27bfb343fc39702d6580f5244378fd4c007dd.bmp.lzma': I/O error on file C:/Users/guilh/Desktop/Tibia 11.44.5516/assets/sprites-e0daf62e28b6c5efe89d0c731dd27bfb343fc39702d6580f5244378fd4c007dd.bmp.lzma: No such file or directory"
[ 23:20:15,805 ] Update failed. Please reinstall Tibia to update your client.
[ 23:20:15,810 ] "Failed to load asset 'sprites-c2a45ec2e1f7c46cfc114b1dce6aaf9007d079a62ecf256a187f9dbca499b50f.bmp.lzma': I/O error on file C:/Users/guilh/Desktop/Tibia 11.44.5516/assets/sprites-c2a45ec2e1f7c46cfc114b1dce6aaf9007d079a62ecf256a187f9dbca499b50f.bmp.lzma: No such file or directory"
[ 23:20:15,810 ] Update failed. Please reinstall Tibia to update your client.
[ 23:20:15,815 ] "Failed to load asset 'sprites-9e050e509dde3579d685510292d5181726f00b961c3dd6413bac671ff0acddf2.bmp.lzma': I/O error on file C:/Users/guilh/Desktop/Tibia 11.44.5516/assets/sprites-9e050e509dde3579d685510292d5181726f00b961c3dd6413bac671ff0acddf2.bmp.lzma: No such file or directory"
[ 23:20:15,816 ] Update failed. Please reinstall Tibia to update your client.
[ 23:20:15,819 ] "Failed to load asset 'sprites-a8e4400d424d79c7caeb922828db06a288b8a9ea72e8b5df73b7c5247a2f745a.bmp.lzma': I/O error on file C:/Users/guilh/Desktop/Tibia 11.44.5516/assets/sprites-a8e4400d424d79c7caeb922828db06a288b8a9ea72e8b5df73b7c5247a2f745a.bmp.lzma: No such file or directory"
[ 23:20:15,820 ] Update failed. Please reinstall Tibia to update your client.
[ 23:20:15,824 ] "Failed to load asset 'sprites-bbae0d060bbc64ad78d59f85fc011698e2970b9b20fe0096a31bc10a48ae8a93.bmp.lzma': I/O error on file C:/Users/guilh/Desktop/Tibia 11.44.5516/assets/sprites-bbae0d060bbc64ad78d59f85fc011698e2970b9b20fe0096a31bc10a48ae8a93.bmp.lzma: No such file or directory"
[ 23:20:15,825 ] Update failed. Please reinstall Tibia to update your client.
[ 23:20:15,828 ] "Failed to load asset 'sprites-fc1eb0d48aa41e6ee16062191be3ffa9a355c2ca260fbe52d9b286b28f93fccc.bmp.lzma': I/O error on file C:/Users/guilh/Desktop/Tibia 11.44.5516/assets/sprites-fc1eb0d48aa41e6ee16062191be3ffa9a355c2ca260fbe52d9b286b28f93fccc.bmp.lzma: No such file or directory"
[ 23:20:15,828 ] Update failed. Please reinstall Tibia to update your client.
[ 23:20:15,831 ] "Failed to load asset 'sprites-79ba43cd19ce3bcc866e9c34c490d8454bf091d393ec0f4f9bb3f9de28307b80.bmp.lzma': I/O error on file C:/Users/guilh/Desktop/Tibia 11.44.5516/assets/sprites-79ba43cd19ce3bcc866e9c34c490d8454bf091d393ec0f4f9bb3f9de28307b80.bmp.lzma: No such file or directory"
[ 23:20:15,832 ] Update failed. Please reinstall Tibia to update your client.
[ 23:20:15,835 ] "Failed to load asset 'sprites-fec1ec44a8b914727a079f7315379df8dace96acd226ca5b30ad3c3151cbffa5.bmp.lzma': I/O error on file C:/Users/guilh/Desktop/Tibia 11.44.5516/assets/sprites-fec1ec44a8b914727a079f7315379df8dace96acd226ca5b30ad3c3151cbffa5.bmp.lzma: No such file or directory"
[ 23:20:15,836 ] Update failed. Please reinstall Tibia to update your client.
[ 23:20:15,839 ] "Failed to load asset 'sprites-eef8702e4f5b3427b81608676a2146d3c191effc019ace94857f3638b313594a.bmp.lzma': I/O error on file C:/Users/guilh/Desktop/Tibia 11.44.5516/assets/sprites-eef8702e4f5b3427b81608676a2146d3c191effc019ace94857f3638b313594a.bmp.lzma: No such file or directory"
[ 23:20:15,839 ] Update failed. Please reinstall Tibia to update your client.
[ 23:20:15,842 ] "Failed to load asset 'sprites-fd20faa636e6eebbfe80cf271156467e5ab8ac1ad5387ce845cef7f6020790fe.bmp.lzma': I/O error on file C:/Users/guilh/Desktop/Tibia 11.44.5516/assets/sprites-fd20faa636e6eebbfe80cf271156467e5ab8ac1ad5387ce845cef7f6020790fe.bmp.lzma: No such file or directory"
[ 23:20:15,843 ] Update failed. Please reinstall Tibia to update your client.
[ 23:20:15,847 ] "Failed to load asset 'sprites-994cde06a323beb39c429394c3ac37a98631f3dabb4b223890cc7ccd5af0e301.bmp.lzma': I/O error on file C:/Users/guilh/Desktop/Tibia 11.44.5516/assets/sprites-994cde06a323beb39c429394c3ac37a98631f3dabb4b223890cc7ccd5af0e301.bmp.lzma: No such file or directory"
[ 23:20:15,847 ] Update failed. Please reinstall Tibia to update your client.
[ 23:20:15,850 ] "Failed to load asset 'sprites-be684d070e13a40ac215c1a5634c8f72d797954d7f01cb54cf5648698b431421.bmp.lzma': I/O error on file C:/Users/guilh/Desktop/Tibia 11.44.5516/assets/sprites-be684d070e13a40ac215c1a5634c8f72d797954d7f01cb54cf5648698b431421.bmp.lzma: No such file or directory"
[ 23:20:15,851 ] Update failed. Please reinstall Tibia to update your client.
[ 23:20:15,855 ] "Failed to load asset 'sprites-f6aecfa21dcf0ebbf43dd2466bcb1f939eddc32f46a15ff3effc829d10325545.bmp.lzma': I/O error on file C:/Users/guilh/Desktop/Tibia 11.44.5516/assets/sprites-f6aecfa21dcf0ebbf43dd2466bcb1f939eddc32f46a15ff3effc829d10325545.bmp.lzma: No such file or directory"
[ 23:20:15,856 ] Update failed. Please reinstall Tibia to update your client.
[ 23:20:15,859 ] "Failed to load asset 'sprites-cf93c8826f5e3a56f6c918082798cc4070f3d1475ddc9376f1a1ffe1750330cb.bmp.lzma': I/O error on file C:/Users/guilh/Desktop/Tibia 11.44.5516/assets/sprites-cf93c8826f5e3a56f6c918082798cc4070f3d1475ddc9376f1a1ffe1750330cb.bmp.lzma: No such file or directory"
[ 23:20:15,859 ] Update failed. Please reinstall Tibia to update your client.
[ 23:20:15,863 ] "Failed to load asset 'sprites-81ec6b9a7ea7b8351fe1dcd108bbff6e633409bc4ef923f7f60c06a20e7c194b.bmp.lzma': I/O error on file C:/Users/guilh/Desktop/Tibia 11.44.5516/assets/sprites-81ec6b9a7ea7b8351fe1dcd108bbff6e633409bc4ef923f7f60c06a20e7c194b.bmp.lzma: No such file or directory"
[ 23:20:15,863 ] Update failed. Please reinstall Tibia to update your client.
[ 23:20:15,866 ] "Failed to load asset 'sprites-eb897872c56391259d3e860c7101bc73358d97692d40dbfc935f3ba657967e20.bmp.lzma': I/O error on file C:/Users/guilh/Desktop/Tibia 11.44.5516/assets/sprites-eb897872c56391259d3e860c7101bc73358d97692d40dbfc935f3ba657967e20.bmp.lzma: No such file or directory"
[ 23:20:15,867 ] Update failed. Please reinstall Tibia to update your client.
[ 23:20:15,870 ] "Failed to load asset 'sprites-b8f30e350aa534d582d9643a5bb0d59155c4304d00c6c0f79ebe8afa6823d333.bmp.lzma': I/O error on file C:/Users/guilh/Desktop/Tibia 11.44.5516/assets/sprites-b8f30e350aa534d582d9643a5bb0d59155c4304d00c6c0f79ebe8afa6823d333.bmp.lzma: No such file or directory"
[ 23:20:15,870 ] Update failed. Please reinstall Tibia to update your client.
[ 23:20:15,873 ] "Failed to load asset 'sprites-a9d6ebbb7d15feb90dfba35b44f0fb3af077b831bf7acdfccddb883cff0724a0.bmp.lzma': I/O error on file C:/Users/guilh/Desktop/Tibia 11.44.5516/assets/sprites-a9d6ebbb7d15feb90dfba35b44f0fb3af077b831bf7acdfccddb883cff0724a0.bmp.lzma: No such file or directory"
[ 23:20:15,874 ] Update failed. Please reinstall Tibia to update your client.
[ 23:20:15,878 ] "Failed to load asset 'sprites-9a8005ec548d526409af9d69c920e0ade9a514e16d6f24ec85f5e6dd21a5d514.bmp.lzma': I/O error on file C:/Users/guilh/Desktop/Tibia 11.44.5516/assets/sprites-9a8005ec548d526409af9d69c920e0ade9a514e16d6f24ec85f5e6dd21a5d514.bmp.lzma: No such file or directory"
[ 23:20:15,879 ] Update failed. Please reinstall Tibia to update your client.
[ 23:20:15,884 ] "Failed to load asset 'sprites-b5eab3701fbbb837086214c3578639f4623cc35ac379550e89ddace1df57fce3.bmp.lzma': I/O error on file C:/Users/guilh/Desktop/Tibia 11.44.5516/assets/sprites-b5eab3701fbbb837086214c3578639f4623cc35ac379550e89ddace1df57fce3.bmp.lzma: No such file or directory"
[ 23:20:15,884 ] Update failed. Please reinstall Tibia to update your client.
[ 23:20:15,887 ] "Failed to load asset 'sprites-d2d3a19db3e6d43cce47dfc28ed6dc3d55be77bae859e3e027a55ab75e3ef791.bmp.lzma': I/O error on file C:/Users/guilh/Desktop/Tibia 11.44.5516/assets/sprites-d2d3a19db3e6d43cce47dfc28ed6dc3d55be77bae859e3e027a55ab75e3ef791.bmp.lzma: No such file or directory"
[ 23:20:15,888 ] Update failed. Please reinstall Tibia to update your client.
[ 23:20:15,891 ] "Failed to load asset 'sprites-95386f70620877731f1e14b7d0c9fe8e867b4256eb8bc0f1196fe9f58fb21d39.bmp.lzma': I/O error on file C:/Users/guilh/Desktop/Tibia 11.44.5516/assets/sprites-95386f70620877731f1e14b7d0c9fe8e867b4256eb8bc0f1196fe9f58fb21d39.bmp.lzma: No such file or directory"
[ 23:20:15,892 ] Update failed. Please reinstall Tibia to update your client.
[ 23:20:15,895 ] "Failed to load asset 'sprites-c628790bcf71b9f9d8e992b27df2baef3ac014a22dfd02dc648c31a17698c252.bmp.lzma': I/O error on file C:/Users/guilh/Desktop/Tibia 11.44.5516/assets/sprites-c628790bcf71b9f9d8e992b27df2baef3ac014a22dfd02dc648c31a17698c252.bmp.lzma: No such file or directory"
[ 23:20:15,896 ] Update failed. Please reinstall Tibia to update your client.
[ 23:20:15,899 ] "Failed to load asset 'sprites-8dc424afb803ca59617d3598521dbb1aa7f772b0082e87335bf2581346d0d8a5.bmp.lzma': I/O error on file C:/Users/guilh/Desktop/Tibia 11.44.5516/assets/sprites-8dc424afb803ca59617d3598521dbb1aa7f772b0082e87335bf2581346d0d8a5.bmp.lzma: No such file or directory"
[ 23:20:15,899 ] Update failed. Please reinstall Tibia to update your client.
[ 23:20:15,903 ] "Failed to load asset 'sprites-77d12ff4f50148b6492014ededafa799e4dd9fa11b267cfdae404d6b7ca15746.bmp.lzma': I/O error on file C:/Users/guilh/Desktop/Tibia 11.44.5516/assets/sprites-77d12ff4f50148b6492014ededafa799e4dd9fa11b267cfdae404d6b7ca15746.bmp.lzma: No such file or directory"
[ 23:20:15,903 ] Update failed. Please reinstall Tibia to update your client.
[ 23:20:15,906 ] "Failed to load asset 'sprites-87c57eed038f5745d68ca250188cee3b47f0894300e6b9e3498d0e16b4d3f087.bmp.lzma': I/O error on file C:/Users/guilh/Desktop/Tibia 11.44.5516/assets/sprites-87c57eed038f5745d68ca250188cee3b47f0894300e6b9e3498d0e16b4d3f087.bmp.lzma: No such file or directory"
[ 23:20:15,907 ] Update failed. Please reinstall Tibia to update your client.
[ 23:20:15,911 ] "Failed to load asset 'sprites-c15b79b7e2948859a20c03b112678e182eb84518ce3db9512e2a1a20a312bed7.bmp.lzma': I/O error on file C:/Users/guilh/Desktop/Tibia 11.44.5516/assets/sprites-c15b79b7e2948859a20c03b112678e182eb84518ce3db9512e2a1a20a312bed7.bmp.lzma: No such file or directory"
[ 23:20:15,911 ] Update failed. Please reinstall Tibia to update your client.
[ 23:20:15,915 ] "Failed to load asset 'sprites-9567051b02b0add4376d7b142b1c979057278b7bdcfeb2629802bc8dfd29a88b.bmp.lzma': I/O error on file C:/Users/guilh/Desktop/Tibia 11.44.5516/assets/sprites-9567051b02b0add4376d7b142b1c979057278b7bdcfeb2629802bc8dfd29a88b.bmp.lzma: No such file or directory"
[ 23:20:15,915 ] Update failed. Please reinstall Tibia to update your client.
[ 23:20:15,918 ] "Failed to load asset 'sprites-7585f7b24ff9560a0f6d36787ac27635c7e4160ac85bccd7f297d77fd7a48da7.bmp.lzma': I/O error on file C:/Users/guilh/Desktop/Tibia 11.44.5516/assets/sprites-7585f7b24ff9560a0f6d36787ac27635c7e4160ac85bccd7f297d77fd7a48da7.bmp.lzma: No such file or directory"
[ 23:20:15,919 ] Update failed. Please reinstall Tibia to update your client.
[ 23:20:15,922 ] "Failed to load asset 'sprites-854b32f6cdae0086c49ad63e25873ec67ddcc1f0a0f4d1803fede5aaa85cc391.bmp.lzma': I/O error on file C:/Users/guilh/Desktop/Tibia 11.44.5516/assets/sprites-854b32f6cdae0086c49ad63e25873ec67ddcc1f0a0f4d1803fede5aaa85cc391.bmp.lzma: No such file or directory"
[ 23:20:15,923 ] Update failed. Please reinstall Tibia to update your client.
[ 23:20:15,926 ] "Failed to load asset 'sprites-9eb04ed93241339ba0b49374c6407029c65f14ed6409c7bf22c45a098f9618db.bmp.lzma': I/O error on file C:/Users/guilh/Desktop/Tibia 11.44.5516/assets/sprites-9eb04ed93241339ba0b49374c6407029c65f14ed6409c7bf22c45a098f9618db.bmp.lzma: No such file or directory"
[ 23:20:15,927 ] Update failed. Please reinstall Tibia to update your client.
[ 23:20:15,930 ] "Failed to load asset 'sprites-e3188e9f8e2f173a1f3dc0ab0a8b61017aa6f283910d5d10c3093e52523a88a9.bmp.lzma': I/O error on file C:/Users/guilh/Desktop/Tibia 11.44.5516/assets/sprites-e3188e9f8e2f173a1f3dc0ab0a8b61017aa6f283910d5d10c3093e52523a88a9.bmp.lzma: No such file or directory"
[ 23:20:15,931 ] Update failed. Please reinstall Tibia to update your client.
[ 23:20:15,935 ] "Failed to load asset 'sprites-9c8f5ac69b9b4abbdb89c3d08394499ba3653aef7560961876cf9e3e97eed4a1.bmp.lzma': I/O error on file C:/Users/guilh/Desktop/Tibia 11.44.5516/assets/sprites-9c8f5ac69b9b4abbdb89c3d08394499ba3653aef7560961876cf9e3e97eed4a1.bmp.lzma: No such file or directory"
[ 23:20:15,936 ] Update failed. Please reinstall Tibia to update your client.
[ 23:20:15,939 ] "Failed to load asset 'sprites-d30e5f7ed14bb362e84d4ba2e393c173b39c97dc8bf045194670de9e49a45d50.bmp.lzma': I/O error on file C:/Users/guilh/Desktop/Tibia 11.44.5516/assets/sprites-d30e5f7ed14bb362e84d4ba2e393c173b39c97dc8bf045194670de9e49a45d50.bmp.lzma: No such file or directory"
[ 23:20:15,939 ] Update failed. Please reinstall Tibia to update your client.
[ 23:20:15,942 ] "Failed to load asset 'sprites-a24228b7cc1c93757d8517dfe36efd629a81b03de62f758fe6a87bf56a86f067.bmp.lzma': I/O error on file C:/Users/guilh/Desktop/Tibia 11.44.5516/assets/sprites-a24228b7cc1c93757d8517dfe36efd629a81b03de62f758fe6a87bf56a86f067.bmp.lzma: No such file or directory"
[ 23:20:15,943 ] Update failed. Please reinstall Tibia to update your client.
[ 23:20:15,946 ] "Failed to load asset 'sprites-d6d8c941c5ff24fd836c11e5036a3bb026e1fb3635b0c7b88f688e273e6b59e8.bmp.lzma': I/O error on file C:/Users/guilh/Desktop/Tibia 11.44.5516/assets/sprites-d6d8c941c5ff24fd836c11e5036a3bb026e1fb3635b0c7b88f688e273e6b59e8.bmp.lzma: No such file or directory"
[ 23:20:15,947 ] Update failed. Please reinstall Tibia to update your client.
[ 23:20:15,951 ] "Failed to load asset 'sprites-a9a1f829bc92fe229baaa6e3626f88313f47b9287bac27d4e2414d4a63498dce.bmp.lzma': I/O error on file C:/Users/guilh/Desktop/Tibia 11.44.5516/assets/sprites-a9a1f829bc92fe229baaa6e3626f88313f47b9287bac27d4e2414d4a63498dce.bmp.lzma: No such file or directory"
[ 23:20:15,952 ] Update failed. Please reinstall Tibia to update your client.
[ 23:20:15,957 ] "Failed to load asset 'sprites-9538cb82a175dcebf2f2ba5e5eaba83823ee9aa17c417cfb69d17917096332a6.bmp.lzma': I/O error on file C:/Users/guilh/Desktop/Tibia 11.44.5516/assets/sprites-9538cb82a175dcebf2f2ba5e5eaba83823ee9aa17c417cfb69d17917096332a6.bmp.lzma: No such file or directory"
[ 23:20:15,958 ] Update failed. Please reinstall Tibia to update your client.
[ 23:20:15,964 ] "Failed to load asset 'sprites-bdbf959bb07c94d90b897c538dd7ca5206cd1e3a81333e6f6c6e44ba3b498c9d.bmp.lzma': I/O error on file C:/Users/guilh/Desktop/Tibia 11.44.5516/assets/sprites-bdbf959bb07c94d90b897c538dd7ca5206cd1e3a81333e6f6c6e44ba3b498c9d.bmp.lzma: No such file or directory"
[ 23:20:15,964 ] Update failed. Please reinstall Tibia to update your client.
[ 23:20:16,073 ] "Failed to load asset 'sprites-9b498209396f797ba740cf52ceb72cabebc444b4d2f90f08d7eca19b54e0be9f.bmp.lzma': I/O error on file C:/Users/guilh/Desktop/Tibia 11.44.5516/assets/sprites-9b498209396f797ba740cf52ceb72cabebc444b4d2f90f08d7eca19b54e0be9f.bmp.lzma: No such file or directory"
[ 23:20:16,074 ] Update failed. Please reinstall Tibia to update your client.
[ 23:20:16,077 ] "Failed to load asset 'sprites-ccb7102f9e7fa8d9b1a94372c55e1fe10cee0329aabfdecf8702fbc7bf4d5fe1.bmp.lzma': I/O error on file C:/Users/guilh/Desktop/Tibia 11.44.5516/assets/sprites-ccb7102f9e7fa8d9b1a94372c55e1fe10cee0329aabfdecf8702fbc7bf4d5fe1.bmp.lzma: No such file or directory"
[ 23:20:16,078 ] Update failed. Please reinstall Tibia to update your client.
[ 23:20:16,082 ] "Failed to load asset 'sprites-93218728bbba6d72adc412f97e487d65ceb96a12ed65d770ba38a47a41359dba.bmp.lzma': I/O error on file C:/Users/guilh/Desktop/Tibia 11.44.5516/assets/sprites-93218728bbba6d72adc412f97e487d65ceb96a12ed65d770ba38a47a41359dba.bmp.lzma: No such file or directory"
[ 23:20:16,082 ] Update failed. Please reinstall Tibia to update your client.
[ 23:20:16,086 ] "Failed to load asset 'sprites-ec2f089a53750c5d4ee52e6f2995f742db158b487a1edc9c3e6e10eaa165844c.bmp.lzma': I/O error on file C:/Users/guilh/Desktop/Tibia 11.44.5516/assets/sprites-ec2f089a53750c5d4ee52e6f2995f742db158b487a1edc9c3e6e10eaa165844c.bmp.lzma: No such file or directory"
[ 23:20:16,087 ] Update failed. Please reinstall Tibia to update your client.
[ 23:20:16,091 ] "Failed to load asset 'sprites-bb6688f99ff6c9661326f525850fc531f1b14f367ac1ce98879c2cdb81ccf749.bmp.lzma': I/O error on file C:/Users/guilh/Desktop/Tibia 11.44.5516/assets/sprites-bb6688f99ff6c9661326f525850fc531f1b14f367ac1ce98879c2cdb81ccf749.bmp.lzma: No such file or directory"
[ 23:20:16,092 ] Update failed. Please reinstall Tibia to update your client.
[ 23:20:16,096 ] "Failed to load asset 'sprites-c78dbbda164935cdceb76a2af10271fafb19d6951a112961b306a681b1e5aac0.bmp.lzma': I/O error on file C:/Users/guilh/Desktop/Tibia 11.44.5516/assets/sprites-c78dbbda164935cdceb76a2af10271fafb19d6951a112961b306a681b1e5aac0.bmp.lzma: No such file or directory"
[ 23:20:16,096 ] Update failed. Please reinstall Tibia to update your client.
[ 23:20:16,100 ] "Failed to load asset 'sprites-d4623956137e173a17e0c5fb446a405a8265d62259cbd110bc5013ead94b6969.bmp.lzma': I/O error on file C:/Users/guilh/Desktop/Tibia 11.44.5516/assets/sprites-d4623956137e173a17e0c5fb446a405a8265d62259cbd110bc5013ead94b6969.bmp.lzma: No such file or directory"
[ 23:20:16,101 ] Update failed. Please reinstall Tibia to update your client.
[ 23:20:16,107 ] "Failed to load asset 'sprites-79fd91d33155f4587d4b554a2d64462306b14bd49a194fcebb82fcf4991a32e7.bmp.lzma': I/O error on file C:/Users/guilh/Desktop/Tibia 11.44.5516/assets/sprites-79fd91d33155f4587d4b554a2d64462306b14bd49a194fcebb82fcf4991a32e7.bmp.lzma: No such file or directory"
[ 23:20:16,108 ] Update failed. Please reinstall Tibia to update your client.
[ 23:20:16,113 ] "Failed to load asset 'sprites-9f08c260695ad472ca468feaaccebdafd47dbd08844e7ebd70ef6a4313b26a1f.bmp.lzma': I/O error on file C:/Users/guilh/Desktop/Tibia 11.44.5516/assets/sprites-9f08c260695ad472ca468feaaccebdafd47dbd08844e7ebd70ef6a4313b26a1f.bmp.lzma: No such file or directory"
[ 23:20:16,113 ] Update failed. Please reinstall Tibia to update your client.
[ 23:20:16,118 ] "Failed to load asset 'sprites-89b749cf4d38e1da1233242db13b929f995ee4166064f315fbef285516a34bfe.bmp.lzma': I/O error on file C:/Users/guilh/Desktop/Tibia 11.44.5516/assets/sprites-89b749cf4d38e1da1233242db13b929f995ee4166064f315fbef285516a34bfe.bmp.lzma: No such file or directory"
[ 23:20:16,119 ] Update failed. Please reinstall Tibia to update your client.
[ 23:20:16,123 ] "Failed to load asset 'sprites-b877277964b2a17f07aff1f37ac721d9de2f064a17803f3a7cd3810ee2a9ace5.bmp.lzma': I/O error on file C:/Users/guilh/Desktop/Tibia 11.44.5516/assets/sprites-b877277964b2a17f07aff1f37ac721d9de2f064a17803f3a7cd3810ee2a9ace5.bmp.lzma: No such file or directory"
[ 23:20:16,124 ] Update failed. Please reinstall Tibia to update your client.
[ 23:20:16,129 ] "Failed to load asset 'sprites-892f7f7c0b872c5a39120b4fd34245c28764163a8edba9ce1c3fca2605808688.bmp.lzma': I/O error on file C:/Users/guilh/Desktop/Tibia 11.44.5516/assets/sprites-892f7f7c0b872c5a39120b4fd34245c28764163a8edba9ce1c3fca2605808688.bmp.lzma: No such file or directory"
[ 23:20:16,130 ] Update failed. Please reinstall Tibia to update your client.
[ 23:20:16,134 ] "Failed to load asset 'sprites-b9c93d4b5d77d10aed8056005c95c333e30e414806014060f717badda5091249.bmp.lzma': I/O error on file C:/Users/guilh/Desktop/Tibia 11.44.5516/assets/sprites-b9c93d4b5d77d10aed8056005c95c333e30e414806014060f717badda5091249.bmp.lzma: No such file or directory"
[ 23:20:16,135 ] Update failed. Please reinstall Tibia to update your client.
[ 23:20:16,139 ] "Failed to load asset 'sprites-9a9509d83cbae185ba84db2ca2d42dff6e7fc99df25db347ad8ac54eee5518b6.bmp.lzma': I/O error on file C:/Users/guilh/Desktop/Tibia 11.44.5516/assets/sprites-9a9509d83cbae185ba84db2ca2d42dff6e7fc99df25db347ad8ac54eee5518b6.bmp.lzma: No such file or directory"
[ 23:20:16,139 ] Update failed. Please reinstall Tibia to update your client.
[ 23:20:16,144 ] "Failed to load asset 'sprites-e47ad6d0f4d1bd20d7039348329c4e8261b3fbfc92fa79bce13787470df3c301.bmp.lzma': I/O error on file C:/Users/guilh/Desktop/Tibia 11.44.5516/assets/sprites-e47ad6d0f4d1bd20d7039348329c4e8261b3fbfc92fa79bce13787470df3c301.bmp.lzma: No such file or directory"
[ 23:20:16,145 ] Update failed. Please reinstall Tibia to update your client.
[ 23:20:16,148 ] "Failed to load asset 'sprites-9d4cf6589361ab73b1b5344675b76142eb99b2c7b9460cc0425a84f30ec4086a.bmp.lzma': I/O error on file C:/Users/guilh/Desktop/Tibia 11.44.5516/assets/sprites-9d4cf6589361ab73b1b5344675b76142eb99b2c7b9460cc0425a84f30ec4086a.bmp.lzma: No such file or directory"
[ 23:20:16,149 ] Update failed. Please reinstall Tibia to update your client.
[ 23:20:16,152 ] "Failed to load asset 'sprites-a171549085bfdbf54f7b2fa10c323238a77a0877b0b3994f4d904e946743675e.bmp.lzma': I/O error on file C:/Users/guilh/Desktop/Tibia 11.44.5516/assets/sprites-a171549085bfdbf54f7b2fa10c323238a77a0877b0b3994f4d904e946743675e.bmp.lzma: No such file or directory"
[ 23:20:16,153 ] Update failed. Please reinstall Tibia to update your client.
[ 23:20:16,158 ] "Failed to load asset 'sprites-d09d3e830e25aa4b9b587334b0442cfd226df89f5311a97962782c850f78543d.bmp.lzma': I/O error on file C:/Users/guilh/Desktop/Tibia 11.44.5516/assets/sprites-d09d3e830e25aa4b9b587334b0442cfd226df89f5311a97962782c850f78543d.bmp.lzma: No such file or directory"
[ 23:20:16,159 ] Update failed. Please reinstall Tibia to update your client.
[ 23:20:16,163 ] "Failed to load asset 'sprites-ea82170e38531a18953be224b6404307707c6f7265af847adf5681da4372bb27.bmp.lzma': I/O error on file C:/Users/guilh/Desktop/Tibia 11.44.5516/assets/sprites-ea82170e38531a18953be224b6404307707c6f7265af847adf5681da4372bb27.bmp.lzma: No such file or directory"
[ 23:20:16,164 ] Update failed. Please reinstall Tibia to update your client.
[ 23:20:16,167 ] "Failed to load asset 'sprites-7fe5fdbb2fb495a8362588fd0384667f2164350178706cab51da96b26cf9693c.bmp.lzma': I/O error on file C:/Users/guilh/Desktop/Tibia 11.44.5516/assets/sprites-7fe5fdbb2fb495a8362588fd0384667f2164350178706cab51da96b26cf9693c.bmp.lzma: No such file or directory"
[ 23:20:16,168 ] Update failed. Please reinstall Tibia to update your client.
[ 23:20:16,173 ] "Failed to load asset 'sprites-c9d4bde09c0dfd9bfd0c5ed171fc700447bbd89b94a9b865f1270a548f70d453.bmp.lzma': I/O error on file C:/Users/guilh/Desktop/Tibia 11.44.5516/assets/sprites-c9d4bde09c0dfd9bfd0c5ed171fc700447bbd89b94a9b865f1270a548f70d453.bmp.lzma: No such file or directory"
[ 23:20:16,174 ] Update failed. Please reinstall Tibia to update your client.
[ 23:20:16,179 ] "Failed to load asset 'sprites-9030c1b88323dfd900451a017c9d4f1da33874bd31c5e21b52f371faba78f46d.bmp.lzma': I/O error on file C:/Users/guilh/Desktop/Tibia 11.44.5516/assets/sprites-9030c1b88323dfd900451a017c9d4f1da33874bd31c5e21b52f371faba78f46d.bmp.lzma: No such file or directory"
[ 23:20:16,179 ] Update failed. Please reinstall Tibia to update your client.
[ 23:20:16,183 ] "Failed to load asset 'sprites-f6b5b3306a00098078aea71482cc18097b0a1eabd3201c54a5b8fd5ed35def15.bmp.lzma': I/O error on file C:/Users/guilh/Desktop/Tibia 11.44.5516/assets/sprites-f6b5b3306a00098078aea71482cc18097b0a1eabd3201c54a5b8fd5ed35def15.bmp.lzma: No such file or directory"
[ 23:20:16,184 ] Update failed. Please reinstall Tibia to update your client.
[ 23:20:16,189 ] "Failed to load asset 'sprites-98da2cf8c246f4d95be17aac9fc4db16bbd352aefce2d83ed2dc9f99f8ea3f5f.bmp.lzma': I/O error on file C:/Users/guilh/Desktop/Tibia 11.44.5516/assets/sprites-98da2cf8c246f4d95be17aac9fc4db16bbd352aefce2d83ed2dc9f99f8ea3f5f.bmp.lzma: No such file or directory"
[ 23:20:16,189 ] Update failed. Please reinstall Tibia to update your client.
[ 23:20:16,193 ] "Failed to load asset 'sprites-f0dbade64c77b1dda8bac1c0ddfb2e484161fdf916f0e86d626abb92c9a711aa.bmp.lzma': I/O error on file C:/Users/guilh/Desktop/Tibia 11.44.5516/assets/sprites-f0dbade64c77b1dda8bac1c0ddfb2e484161fdf916f0e86d626abb92c9a711aa.bmp.lzma: No such file or directory"
[ 23:20:16,193 ] Update failed. Please reinstall Tibia to update your client.
[ 23:20:16,199 ] "Failed to load asset 'sprites-a9255781238a8baa069ea2922c45a8726e7aa25fe7de223311b40c3720465716.bmp.lzma': I/O error on file C:/Users/guilh/Desktop/Tibia 11.44.5516/assets/sprites-a9255781238a8baa069ea2922c45a8726e7aa25fe7de223311b40c3720465716.bmp.lzma: No such file or directory"
[ 23:20:16,199 ] Update failed. Please reinstall Tibia to update your client.
[ 23:20:16,204 ] "Failed to load asset 'sprites-fad76ccb4e9a1e408795b53ae70b6bf59b5f082bf3f5d30f99cdba01ea4dd822.bmp.lzma': I/O error on file C:/Users/guilh/Desktop/Tibia 11.44.5516/assets/sprites-fad76ccb4e9a1e408795b53ae70b6bf59b5f082bf3f5d30f99cdba01ea4dd822.bmp.lzma: No such file or directory"
[ 23:20:16,205 ] Update failed. Please reinstall Tibia to update your client.
[ 23:20:16,208 ] "Failed to load asset 'sprites-e304c5d2e98670b7a7f8a20cfb272110984960c99debf85f578fc72606073f74.bmp.lzma': I/O error on file C:/Users/guilh/Desktop/Tibia 11.44.5516/assets/sprites-e304c5d2e98670b7a7f8a20cfb272110984960c99debf85f578fc72606073f74.bmp.lzma: No such file or directory"
[ 23:20:16,208 ] Update failed. Please reinstall Tibia to update your client.
[ 23:20:16,211 ] "Failed to load asset 'sprites-96f4c0bcffac72e7d2ff8aba8105466a0bcd8f7b546bf0da40ef5ea5d6a971e8.bmp.lzma': I/O error on file C:/Users/guilh/Desktop/Tibia 11.44.5516/assets/sprites-96f4c0bcffac72e7d2ff8aba8105466a0bcd8f7b546bf0da40ef5ea5d6a971e8.bmp.lzma: No such file or directory"
[ 23:20:16,212 ] Update failed. Please reinstall Tibia to update your client.
[ 23:20:16,215 ] "Failed to load asset 'sprites-b18861ceae1dd96d4a235e54feaf477feeb422ce9c6083bbcebe23e244841f3b.bmp.lzma': I/O error on file C:/Users/guilh/Desktop/Tibia 11.44.5516/assets/sprites-b18861ceae1dd96d4a235e54feaf477feeb422ce9c6083bbcebe23e244841f3b.bmp.lzma: No such file or directory"
[ 23:20:16,216 ] Update failed. Please reinstall Tibia to update your client.
[ 23:20:16,220 ] "Failed to load asset 'sprites-a7d780888de935c8f4831b0325527741c0c8fd0221074dbae70621ac1581369c.bmp.lzma': I/O error on file C:/Users/guilh/Desktop/Tibia 11.44.5516/assets/sprites-a7d780888de935c8f4831b0325527741c0c8fd0221074dbae70621ac1581369c.bmp.lzma: No such file or directory"
[ 23:20:16,221 ] Update failed. Please reinstall Tibia to update your client.
[ 23:20:16,225 ] "Failed to load asset 'sprites-9522f1c3b45a4e0afeaa9a779c52205c7efdf2deeb2300e484ec1cb50c5f0da1.bmp.lzma': I/O error on file C:/Users/guilh/Desktop/Tibia 11.44.5516/assets/sprites-9522f1c3b45a4e0afeaa9a779c52205c7efdf2deeb2300e484ec1cb50c5f0da1.bmp.lzma: No such file or directory"
[ 23:20:16,225 ] Update failed. Please reinstall Tibia to update your client.
[ 23:20:16,229 ] "Failed to load asset 'sprites-eb1111cde39a083dc53c20f5716fad6364a53846aaab72718d541a2443305420.bmp.lzma': I/O error on file C:/Users/guilh/Desktop/Tibia 11.44.5516/assets/sprites-eb1111cde39a083dc53c20f5716fad6364a53846aaab72718d541a2443305420.bmp.lzma: No such file or directory"
[ 23:20:16,229 ] Update failed. Please reinstall Tibia to update your client.
[ 23:20:16,242 ] "Failed to load asset 'sprites-766cc09dc834e6b5d04bf34fe5e052a4ea011bf59becb25a05a6ce7bd9049ce6.bmp.lzma': I/O error on file C:/Users/guilh/Desktop/Tibia 11.44.5516/assets/sprites-766cc09dc834e6b5d04bf34fe5e052a4ea011bf59becb25a05a6ce7bd9049ce6.bmp.lzma: No such file or directory"
[ 23:20:16,242 ] Update failed. Please reinstall Tibia to update your client.
[ 23:20:16,248 ] "Failed to load asset 'sprites-ec0756425145bd0e280bf7ae3de395e5f2cdcf9bda0fd57bd6dc4208e51e64e7.bmp.lzma': I/O error on file C:/Users/guilh/Desktop/Tibia 11.44.5516/assets/sprites-ec0756425145bd0e280bf7ae3de395e5f2cdcf9bda0fd57bd6dc4208e51e64e7.bmp.lzma: No such file or directory"
[ 23:20:16,249 ] Update failed. Please reinstall Tibia to update your client.
[ 23:20:16,253 ] "Failed to load asset 'sprites-8a689ce77cf53feea869b8497fc2140c7bc40f2ccf00f0736083c09f2f075a74.bmp.lzma': I/O error on file C:/Users/guilh/Desktop/Tibia 11.44.5516/assets/sprites-8a689ce77cf53feea869b8497fc2140c7bc40f2ccf00f0736083c09f2f075a74.bmp.lzma: No such file or directory"
[ 23:20:16,253 ] Update failed. Please reinstall Tibia to update your client.
[ 23:20:16,257 ] "Failed to load asset 'sprites-91c1874dc6c560771eb895351be51571c943fb2bbcc75e788baef0f936701bb8.bmp.lzma': I/O error on file C:/Users/guilh/Desktop/Tibia 11.44.5516/assets/sprites-91c1874dc6c560771eb895351be51571c943fb2bbcc75e788baef0f936701bb8.bmp.lzma: No such file or directory"
[ 23:20:16,258 ] Update failed. Please reinstall Tibia to update your client.
[ 23:20:16,263 ] "Failed to load asset 'sprites-fe973cf0db1fa02bcb4e7b34dbeb9c06b61af049965dc417c9dfae12f16718d8.bmp.lzma': I/O error on file C:/Users/guilh/Desktop/Tibia 11.44.5516/assets/sprites-fe973cf0db1fa02bcb4e7b34dbeb9c06b61af049965dc417c9dfae12f16718d8.bmp.lzma: No such file or directory"
[ 23:20:16,264 ] Update failed. Please reinstall Tibia to update your client.
[ 23:20:16,269 ] "Failed to load asset 'sprites-dd992b062c7c8aa6ccde7751a5e2bbdd0dd58434969900ea40aedb1214e7748e.bmp.lzma': I/O error on file C:/Users/guilh/Desktop/Tibia 11.44.5516/assets/sprites-dd992b062c7c8aa6ccde7751a5e2bbdd0dd58434969900ea40aedb1214e7748e.bmp.lzma: No such file or directory"
[ 23:20:16,270 ] Update failed. Please reinstall Tibia to update your client.
[ 23:20:16,273 ] "Failed to load asset 'sprites-fa9af93576ee5fbefb515cc1a1c4678dafad0c094dde7d6a6c6ecdbf6df7f646.bmp.lzma': I/O error on file C:/Users/guilh/Desktop/Tibia 11.44.5516/assets/sprites-fa9af93576ee5fbefb515cc1a1c4678dafad0c094dde7d6a6c6ecdbf6df7f646.bmp.lzma: No such file or directory"
[ 23:20:16,274 ] Update failed. Please reinstall Tibia to update your client.
[ 23:20:16,278 ] "Failed to load asset 'sprites-9656d9bca2b49cce55c328e832221d68b6f031f0316e6b65c8d592f269d1fb59.bmp.lzma': I/O error on file C:/Users/guilh/Desktop/Tibia 11.44.5516/assets/sprites-9656d9bca2b49cce55c328e832221d68b6f031f0316e6b65c8d592f269d1fb59.bmp.lzma: No such file or directory"
[ 23:20:16,279 ] Update failed. Please reinstall Tibia to update your client.
[ 23:20:16,284 ] "Failed to load asset 'sprites-a5a81ef5d140b295b40aeabe39882cc4e8339e39ba40687b1c0eb0dfb14cb641.bmp.lzma': I/O error on file C:/Users/guilh/Desktop/Tibia 11.44.5516/assets/sprites-a5a81ef5d140b295b40aeabe39882cc4e8339e39ba40687b1c0eb0dfb14cb641.bmp.lzma: No such file or directory"
[ 23:20:16,284 ] Update failed. Please reinstall Tibia to update your client.
[ 23:20:16,289 ] "Failed to load asset 'sprites-89d35cfb085742b68593901911afd20a0cca5cb401be6b97ced8cd38a8aeebd3.bmp.lzma': I/O error on file C:/Users/guilh/Desktop/Tibia 11.44.5516/assets/sprites-89d35cfb085742b68593901911afd20a0cca5cb401be6b97ced8cd38a8aeebd3.bmp.lzma: No such file or directory"
[ 23:20:16,289 ] Update failed. Please reinstall Tibia to update your client.
[ 23:20:16,294 ] "Failed to load asset 'sprites-a04d2f9b1a735f7185442631a77aa34b81d5d14942f1c3666478eb885639f199.bmp.lzma': I/O error on file C:/Users/guilh/Desktop/Tibia 11.44.5516/assets/sprites-a04d2f9b1a735f7185442631a77aa34b81d5d14942f1c3666478eb885639f199.bmp.lzma: No such file or directory"
[ 23:20:16,294 ] Update failed. Please reinstall Tibia to update your client.
[ 23:20:16,299 ] "Failed to load asset 'sprites-982fc57bfb5da2557ea6f2494e2c0b19dfc86cf44b1b0a31fbb5c497e6804598.bmp.lzma': I/O error on file C:/Users/guilh/Desktop/Tibia 11.44.5516/assets/sprites-982fc57bfb5da2557ea6f2494e2c0b19dfc86cf44b1b0a31fbb5c497e6804598.bmp.lzma: No such file or directory"
[ 23:20:16,299 ] Update failed. Please reinstall Tibia to update your client.
[ 23:20:16,303 ] "Failed to load asset 'sprites-a81273e8e0901abad0aa06270f977d57c19054107d640b0effeaed40e5ca14ff.bmp.lzma': I/O error on file C:/Users/guilh/Desktop/Tibia 11.44.5516/assets/sprites-a81273e8e0901abad0aa06270f977d57c19054107d640b0effeaed40e5ca14ff.bmp.lzma: No such file or directory"
[ 23:20:16,304 ] Update failed. Please reinstall Tibia to update your client.
[ 23:20:16,310 ] "Failed to load asset 'sprites-a621f19c5e76291be7611d57ff8655a4d7921c953ae4741fa2bb7289a1ef49f6.bmp.lzma': I/O error on file C:/Users/guilh/Desktop/Tibia 11.44.5516/assets/sprites-a621f19c5e76291be7611d57ff8655a4d7921c953ae4741fa2bb7289a1ef49f6.bmp.lzma: No such file or directory"
[ 23:20:16,310 ] Update failed. Please reinstall Tibia to update your client.
[ 23:20:16,314 ] "Failed to load asset 'sprites-e21c900ba87b2a2661acc4e446b03962de5e0e2eb7d28d09f2e94dfbeed49844.bmp.lzma': I/O error on file C:/Users/guilh/Desktop/Tibia 11.44.5516/assets/sprites-e21c900ba87b2a2661acc4e446b03962de5e0e2eb7d28d09f2e94dfbeed49844.bmp.lzma: No such file or directory"
[ 23:20:16,315 ] Update failed. Please reinstall Tibia to update your client.
[ 23:20:16,320 ] "Failed to load asset 'sprites-99078d5fb87aca6d3f2316b5f5cedeec0d6f23dc2bbaab80bc98a46207dd8a1a.bmp.lzma': I/O error on file C:/Users/guilh/Desktop/Tibia 11.44.5516/assets/sprites-99078d5fb87aca6d3f2316b5f5cedeec0d6f23dc2bbaab80bc98a46207dd8a1a.bmp.lzma: No such file or directory"
[ 23:20:16,321 ] Update failed. Please reinstall Tibia to update your client.
[ 23:20:16,324 ] "Failed to load asset 'sprites-79e07f88e93f5e0129a6d2f1c9b662559cadbd54f715ee09988d73c03a458f91.bmp.lzma': I/O error on file C:/Users/guilh/Desktop/Tibia 11.44.5516/assets/sprites-79e07f88e93f5e0129a6d2f1c9b662559cadbd54f715ee09988d73c03a458f91.bmp.lzma: No such file or directory"
[ 23:20:16,325 ] Update failed. Please reinstall Tibia to update your client.
[ 23:20:16,329 ] "Failed to load asset 'sprites-cd717b78bed6b4acaf06caddedaf8e7da8c95c71d35670a823751746801f50e2.bmp.lzma': I/O error on file C:/Users/guilh/Desktop/Tibia 11.44.5516/assets/sprites-cd717b78bed6b4acaf06caddedaf8e7da8c95c71d35670a823751746801f50e2.bmp.lzma: No such file or directory"
[ 23:20:16,330 ] Update failed. Please reinstall Tibia to update your client.
[ 23:20:16,333 ] "Failed to load asset 'sprites-ae1d95f0f9d433d90e9d1c6dabdd9d5c7f567a66939883f9f2afba120384a06d.bmp.lzma': I/O error on file C:/Users/guilh/Desktop/Tibia 11.44.5516/assets/sprites-ae1d95f0f9d433d90e9d1c6dabdd9d5c7f567a66939883f9f2afba120384a06d.bmp.lzma: No such file or directory"
[ 23:20:16,334 ] Update failed. Please reinstall Tibia to update your client.
[ 23:20:16,337 ] "Failed to load asset 'sprites-ad4ec2dff9a00560adb929e7d71db6d432cfa5a13e11b0cd0707d07dff789de4.bmp.lzma': I/O error on file C:/Users/guilh/Desktop/Tibia 11.44.5516/assets/sprites-ad4ec2dff9a00560adb929e7d71db6d432cfa5a13e11b0cd0707d07dff789de4.bmp.lzma: No such file or directory"
[ 23:20:16,338 ] Update failed. Please reinstall Tibia to update your client.
[ 23:20:16,341 ] "Failed to load asset 'sprites-e668b6728ec5bd69b15f491dabf8e8a5c4ba50af3bfd03ce03c552ab9b44cab3.bmp.lzma': I/O error on file C:/Users/guilh/Desktop/Tibia 11.44.5516/assets/sprites-e668b6728ec5bd69b15f491dabf8e8a5c4ba50af3bfd03ce03c552ab9b44cab3.bmp.lzma: No such file or directory"
[ 23:20:16,341 ] Update failed. Please reinstall Tibia to update your client.
[ 23:20:16,345 ] "Failed to load asset 'sprites-c87c59bd9798d7c1fb7701ebcd9746e26af9d58e077d82aec2c73bd39dd4fb4c.bmp.lzma': I/O error on file C:/Users/guilh/Desktop/Tibia 11.44.5516/assets/sprites-c87c59bd9798d7c1fb7701ebcd9746e26af9d58e077d82aec2c73bd39dd4fb4c.bmp.lzma: No such file or directory"
[ 23:20:16,345 ] Update failed. Please reinstall Tibia to update your client.
[ 23:20:16,349 ] "Failed to load asset 'sprites-fa20d8886204342e336c5c561c273f9d4d5cf7b140653cc06fd6637971e6a367.bmp.lzma': I/O error on file C:/Users/guilh/Desktop/Tibia 11.44.5516/assets/sprites-fa20d8886204342e336c5c561c273f9d4d5cf7b140653cc06fd6637971e6a367.bmp.lzma: No such file or directory"
[ 23:20:16,350 ] Update failed. Please reinstall Tibia to update your client.
[ 23:20:16,353 ] "Failed to load asset 'sprites-834e226867e721486dbbd4585546dbe6e34ca64eac78971bae1da039db4d294b.bmp.lzma': I/O error on file C:/Users/guilh/Desktop/Tibia 11.44.5516/assets/sprites-834e226867e721486dbbd4585546dbe6e34ca64eac78971bae1da039db4d294b.bmp.lzma: No such file or directory"
[ 23:20:16,354 ] Update failed. Please reinstall Tibia to update your client.
[ 23:20:16,357 ] "Failed to load asset 'sprites-b4ee5614f1fb94665c549bb8bf7a16f784fb7090335e3dd0f2c29d4cdc94a419.bmp.lzma': I/O error on file C:/Users/guilh/Desktop/Tibia 11.44.5516/assets/sprites-b4ee5614f1fb94665c549bb8bf7a16f784fb7090335e3dd0f2c29d4cdc94a419.bmp.lzma: No such file or directory"
[ 23:20:16,358 ] Update failed. Please reinstall Tibia to update your client.
[ 23:20:16,361 ] "Failed to load asset 'sprites-ff7d1e5cfe6417ff4aa601e9dca6f83865499a234bc16ff7980ec3e9f8b6688e.bmp.lzma': I/O error on file C:/Users/guilh/Desktop/Tibia 11.44.5516/assets/sprites-ff7d1e5cfe6417ff4aa601e9dca6f83865499a234bc16ff7980ec3e9f8b6688e.bmp.lzma: No such file or directory"
[ 23:20:16,361 ] Update failed. Please reinstall Tibia to update your client.
[ 23:20:16,454 ] "Failed to load asset 'sprites-bd557e4457108069ea125debd43408bfab188e665ceb4b51ad6e1f09d964f204.bmp.lzma': I/O error on file C:/Users/guilh/Desktop/Tibia 11.44.5516/assets/sprites-bd557e4457108069ea125debd43408bfab188e665ceb4b51ad6e1f09d964f204.bmp.lzma: No such file or directory"
[ 23:20:16,455 ] Update failed. Please reinstall Tibia to update your client.
[ 23:20:16,459 ] "Failed to load asset 'sprites-806d89eda7f21df9cae5fdb748d6e3776d95bd6791448dc849cadd57c67536dd.bmp.lzma': I/O error on file C:/Users/guilh/Desktop/Tibia 11.44.5516/assets/sprites-806d89eda7f21df9cae5fdb748d6e3776d95bd6791448dc849cadd57c67536dd.bmp.lzma: No such file or directory"
[ 23:20:16,459 ] Update failed. Please reinstall Tibia to update your client.
[ 23:20:16,462 ] "Failed to load asset 'sprites-852a8db18b81176b81ac5e300a90ebec0438eb249fc24e955de5cc953dc04e2f.bmp.lzma': I/O error on file C:/Users/guilh/Desktop/Tibia 11.44.5516/assets/sprites-852a8db18b81176b81ac5e300a90ebec0438eb249fc24e955de5cc953dc04e2f.bmp.lzma: No such file or directory"
[ 23:20:16,463 ] Update failed. Please reinstall Tibia to update your client.
[ 23:20:16,466 ] "Failed to load asset 'sprites-cd37b5df832d773030fa674570bd7c2679777eb02da5d8eaa718b39f260f51b9.bmp.lzma': I/O error on file C:/Users/guilh/Desktop/Tibia 11.44.5516/assets/sprites-cd37b5df832d773030fa674570bd7c2679777eb02da5d8eaa718b39f260f51b9.bmp.lzma: No such file or directory"
[ 23:20:16,467 ] Update failed. Please reinstall Tibia to update your client.
[ 23:20:16,471 ] "Failed to load asset 'sprites-edd38d09327c5b8c07771a0a7947acf38eeeb658a8a5bdd3ec176bc101174794.bmp.lzma': I/O error on file C:/Users/guilh/Desktop/Tibia 11.44.5516/assets/sprites-edd38d09327c5b8c07771a0a7947acf38eeeb658a8a5bdd3ec176bc101174794.bmp.lzma: No such file or directory"
[ 23:20:16,472 ] Update failed. Please reinstall Tibia to update your client.
[ 23:20:16,477 ] "Failed to load asset 'sprites-a0658ac2c47c4bc74e88d958a29d8ad54bb5aac2b2c96bdbbe20ecdaffe431fd.bmp.lzma': I/O error on file C:/Users/guilh/Desktop/Tibia 11.44.5516/assets/sprites-a0658ac2c47c4bc74e88d958a29d8ad54bb5aac2b2c96bdbbe20ecdaffe431fd.bmp.lzma: No such file or directory"
[ 23:20:16,478 ] Update failed. Please reinstall Tibia to update your client.
[ 23:20:16,500 ] "Failed to load asset 'sprites-f4650a9ae73b2219532d1a3a333d3b0e7267373bbcbe4d8682d3ed0b2842d616.bmp.lzma': I/O error on file C:/Users/guilh/Desktop/Tibia 11.44.5516/assets/sprites-f4650a9ae73b2219532d1a3a333d3b0e7267373bbcbe4d8682d3ed0b2842d616.bmp.lzma: No such file or directory"
[ 23:20:16,501 ] Update failed. Please reinstall Tibia to update your client.
[ 23:20:16,506 ] "Failed to load asset 'sprites-88b8452aca487852549c998ff9fa7acee7824a3690f1ce04fd84242d963cf82a.bmp.lzma': I/O error on file C:/Users/guilh/Desktop/Tibia 11.44.5516/assets/sprites-88b8452aca487852549c998ff9fa7acee7824a3690f1ce04fd84242d963cf82a.bmp.lzma: No such file or directory"
[ 23:20:16,507 ] Update failed. Please reinstall Tibia to update your client.
[ 23:20:16,510 ] "Failed to load asset 'sprites-7ef066aee643158876789a51cb268d63b191cf02d62c27836ab97dfb88e284b2.bmp.lzma': I/O error on file C:/Users/guilh/Desktop/Tibia 11.44.5516/assets/sprites-7ef066aee643158876789a51cb268d63b191cf02d62c27836ab97dfb88e284b2.bmp.lzma: No such file or directory"
[ 23:20:16,511 ] Update failed. Please reinstall Tibia to update your client.
[ 23:20:16,514 ] "Failed to load asset 'sprites-783b31de3cf35719bb5b2195dbccb4609b0a8b476495e78888dc9d4c1ec1d26c.bmp.lzma': I/O error on file C:/Users/guilh/Desktop/Tibia 11.44.5516/assets/sprites-783b31de3cf35719bb5b2195dbccb4609b0a8b476495e78888dc9d4c1ec1d26c.bmp.lzma: No such file or directory"
[ 23:20:16,514 ] Update failed. Please reinstall Tibia to update your client.
[ 23:20:16,518 ] "Failed to load asset 'sprites-f7453d81ea02659a9707340da8d3da02f4d4457a3d027034357405afff1df4cc.bmp.lzma': I/O error on file C:/Users/guilh/Desktop/Tibia 11.44.5516/assets/sprites-f7453d81ea02659a9707340da8d3da02f4d4457a3d027034357405afff1df4cc.bmp.lzma: No such file or directory"
[ 23:20:16,519 ] Update failed. Please reinstall Tibia to update your client.
[ 23:20:16,522 ] "Failed to load asset 'sprites-b09f52213f62d9a946f607caac18ae0da0fc1c609805b20822f73b0fab1d5149.bmp.lzma': I/O error on file C:/Users/guilh/Desktop/Tibia 11.44.5516/assets/sprites-b09f52213f62d9a946f607caac18ae0da0fc1c609805b20822f73b0fab1d5149.bmp.lzma: No such file or directory"
[ 23:20:16,523 ] Update failed. Please reinstall Tibia to update your client.
[ 23:20:16,526 ] "Failed to load asset 'sprites-cdddfd2cbcd98069b754a9da7bc072c4e257bd1a22859bb917019c4c85fa500d.bmp.lzma': I/O error on file C:/Users/guilh/Desktop/Tibia 11.44.5516/assets/sprites-cdddfd2cbcd98069b754a9da7bc072c4e257bd1a22859bb917019c4c85fa500d.bmp.lzma: No such file or directory"
[ 23:20:16,527 ] Update failed. Please reinstall Tibia to update your client.
[ 23:20:16,530 ] "Failed to load asset 'sprites-da46b820dc4c29b7bf22fbabfd1fbfd45d73f0ac5bc29cbebc34b8552cdf67db.bmp.lzma': I/O error on file C:/Users/guilh/Desktop/Tibia 11.44.5516/assets/sprites-da46b820dc4c29b7bf22fbabfd1fbfd45d73f0ac5bc29cbebc34b8552cdf67db.bmp.lzma: No such file or directory"
[ 23:20:16,530 ] Update failed. Please reinstall Tibia to update your client.
[ 23:20:16,533 ] "Failed to load asset 'sprites-acca31ed964c212dbf58e26261147aa3864baee5152ac4264c9eb4f9c186cdcb.bmp.lzma': I/O error on file C:/Users/guilh/Desktop/Tibia 11.44.5516/assets/sprites-acca31ed964c212dbf58e26261147aa3864baee5152ac4264c9eb4f9c186cdcb.bmp.lzma: No such file or directory"
[ 23:20:16,534 ] Update failed. Please reinstall Tibia to update your client.
[ 23:20:16,537 ] "Failed to load asset 'sprites-804ed7e558bc0e1681520d6d582d16bdf84c4d8c1d83eae7dd590c2062f6a12e.bmp.lzma': I/O error on file C:/Users/guilh/Desktop/Tibia 11.44.5516/assets/sprites-804ed7e558bc0e1681520d6d582d16bdf84c4d8c1d83eae7dd590c2062f6a12e.bmp.lzma: No such file or directory"
[ 23:20:16,538 ] Update failed. Please reinstall Tibia to update your client.
[ 23:20:16,540 ] "Failed to load asset 'sprites-d83c7e1835f08c5a97900701af5ad866607499753e95274696ecfa709bb1e685.bmp.lzma': I/O error on file C:/Users/guilh/Desktop/Tibia 11.44.5516/assets/sprites-d83c7e1835f08c5a97900701af5ad866607499753e95274696ecfa709bb1e685.bmp.lzma: No such file or directory"
[ 23:20:16,541 ] Update failed. Please reinstall Tibia to update your client.
[ 23:20:16,544 ] "Failed to load asset 'sprites-c419bb9e246b3f1fa1caf85959a696b98c9aaead23f3244d253b32f5175d7a39.bmp.lzma': I/O error on file C:/Users/guilh/Desktop/Tibia 11.44.5516/assets/sprites-c419bb9e246b3f1fa1caf85959a696b98c9aaead23f3244d253b32f5175d7a39.bmp.lzma: No such file or directory"
[ 23:20:16,544 ] Update failed. Please reinstall Tibia to update your client.
[ 23:20:16,548 ] "Failed to load asset 'sprites-deba5cb67828f07db06d6d984c353d995539e4d917940badcd2d8027d0793522.bmp.lzma': I/O error on file C:/Users/guilh/Desktop/Tibia 11.44.5516/assets/sprites-deba5cb67828f07db06d6d984c353d995539e4d917940badcd2d8027d0793522.bmp.lzma: No such file or directory"
[ 23:20:16,548 ] Update failed. Please reinstall Tibia to update your client.
[ 23:20:16,552 ] "Failed to load asset 'sprites-d411264b756fac40e19c468f6d191e909ac7bbd8c42fd7031d5619232e96c704.bmp.lzma': I/O error on file C:/Users/guilh/Desktop/Tibia 11.44.5516/assets/sprites-d411264b756fac40e19c468f6d191e909ac7bbd8c42fd7031d5619232e96c704.bmp.lzma: No such file or directory"
[ 23:20:16,553 ] Update failed. Please reinstall Tibia to update your client.
[ 23:20:16,556 ] "Failed to load asset 'sprites-f93c3df9134828cbf9633f620474c4164f9a89791d88e2de6e78918ae9a5c76d.bmp.lzma': I/O error on file C:/Users/guilh/Desktop/Tibia 11.44.5516/assets/sprites-f93c3df9134828cbf9633f620474c4164f9a89791d88e2de6e78918ae9a5c76d.bmp.lzma: No such file or directory"
[ 23:20:16,557 ] Update failed. Please reinstall Tibia to update your client.
[ 23:20:16,560 ] "Failed to load asset 'sprites-dc78fb2c0a82db70176ba5e317c57ba89425781f1507fac2bb2d7bd8e0847ebe.bmp.lzma': I/O error on file C:/Users/guilh/Desktop/Tibia 11.44.5516/assets/sprites-dc78fb2c0a82db70176ba5e317c57ba89425781f1507fac2bb2d7bd8e0847ebe.bmp.lzma: No such file or directory"
[ 23:20:16,560 ] Update failed. Please reinstall Tibia to update your client.
[ 23:20:16,563 ] "Failed to load asset 'sprites-a636ed51e15b1e3098fd4d7dd4ed9f13c97faf0b50bedfd86e109ab4fdd4694b.bmp.lzma': I/O error on file C:/Users/guilh/Desktop/Tibia 11.44.5516/assets/sprites-a636ed51e15b1e3098fd4d7dd4ed9f13c97faf0b50bedfd86e109ab4fdd4694b.bmp.lzma: No such file or directory"
[ 23:20:16,564 ] Update failed. Please reinstall Tibia to update your client.
[ 23:20:16,567 ] "Failed to load asset 'sprites-99594907beb5da2b0c2ae3cd8e7fa1a4a1fc89805e09622789b40f2db40c97e1.bmp.lzma': I/O error on file C:/Users/guilh/Desktop/Tibia 11.44.5516/assets/sprites-99594907beb5da2b0c2ae3cd8e7fa1a4a1fc89805e09622789b40f2db40c97e1.bmp.lzma: No such file or directory"
[ 23:20:16,568 ] Update failed. Please reinstall Tibia to update your client.
[ 23:20:16,572 ] "Failed to load asset 'sprites-f58435828b9b6b3931fdddfdc0687ca991c91a3df343eea1cf23c8f59a40df4e.bmp.lzma': I/O error on file C:/Users/guilh/Desktop/Tibia 11.44.5516/assets/sprites-f58435828b9b6b3931fdddfdc0687ca991c91a3df343eea1cf23c8f59a40df4e.bmp.lzma: No such file or directory"
[ 23:20:16,573 ] Update failed. Please reinstall Tibia to update your client.
[ 23:20:16,575 ] "Failed to load asset 'sprites-b2de486b3be16045bc8c242bffd31f58493500d105c9ac3e99d57d79df8b3724.bmp.lzma': I/O error on file C:/Users/guilh/Desktop/Tibia 11.44.5516/assets/sprites-b2de486b3be16045bc8c242bffd31f58493500d105c9ac3e99d57d79df8b3724.bmp.lzma: No such file or directory"
[ 23:20:16,576 ] Update failed. Please reinstall Tibia to update your client.
[ 23:20:16,579 ] "Failed to load asset 'sprites-bb7ce40cd8fd57e0cd2e4107ff7bfa10cd635ad02ee06b1e4e790de40bae767a.bmp.lzma': I/O error on file C:/Users/guilh/Desktop/Tibia 11.44.5516/assets/sprites-bb7ce40cd8fd57e0cd2e4107ff7bfa10cd635ad02ee06b1e4e790de40bae767a.bmp.lzma: No such file or directory"
[ 23:20:16,580 ] Update failed. Please reinstall Tibia to update your client.
[ 23:20:16,582 ] "Failed to load asset 'sprites-8b66019897417b2b46d72d6079c33bdbcbcaae9c2360db08996c0b1167fdb6a2.bmp.lzma': I/O error on file C:/Users/guilh/Desktop/Tibia 11.44.5516/assets/sprites-8b66019897417b2b46d72d6079c33bdbcbcaae9c2360db08996c0b1167fdb6a2.bmp.lzma: No such file or directory"
[ 23:20:16,583 ] Update failed. Please reinstall Tibia to update your client.
[ 23:20:16,587 ] "Failed to load asset 'sprites-d8fde42a0fba5f36016f84d7e1b3bdc7d2187d56a181dc52d835104ce9ed8bc5.bmp.lzma': I/O error on file C:/Users/guilh/Desktop/Tibia 11.44.5516/assets/sprites-d8fde42a0fba5f36016f84d7e1b3bdc7d2187d56a181dc52d835104ce9ed8bc5.bmp.lzma: No such file or directory"
[ 23:20:16,587 ] Update failed. Please reinstall Tibia to update your client.
[ 23:20:16,592 ] "Failed to load asset 'sprites-a801a72f2beb2532938050aeebc4c161cc2740e76d6f02fc6014eb33b22436a2.bmp.lzma': I/O error on file C:/Users/guilh/Desktop/Tibia 11.44.5516/assets/sprites-a801a72f2beb2532938050aeebc4c161cc2740e76d6f02fc6014eb33b22436a2.bmp.lzma: No such file or directory"
[ 23:20:16,592 ] Update failed. Please reinstall Tibia to update your client.
[ 23:20:16,595 ] "Failed to load asset 'sprites-785b63d4b29d13b19187186127e77b8e58b6fda5d5159b96fff861de30bb41af.bmp.lzma': I/O error on file C:/Users/guilh/Desktop/Tibia 11.44.5516/assets/sprites-785b63d4b29d13b19187186127e77b8e58b6fda5d5159b96fff861de30bb41af.bmp.lzma: No such file or directory"
[ 23:20:16,596 ] Update failed. Please reinstall Tibia to update your client.
[ 23:20:16,599 ] "Failed to load asset 'sprites-8ccfe1b28703bcc1cf8cb4a11e3d90a07b7431445797b8d728eb5a3e7718e646.bmp.lzma': I/O error on file C:/Users/guilh/Desktop/Tibia 11.44.5516/assets/sprites-8ccfe1b28703bcc1cf8cb4a11e3d90a07b7431445797b8d728eb5a3e7718e646.bmp.lzma: No such file or directory"
[ 23:20:16,600 ] Update failed. Please reinstall Tibia to update your client.
[ 23:20:16,603 ] "Failed to load asset 'sprites-a0c9bf7cd7bd7478fa554113bbae671709e33de51cc0a1276c5207c3d6e11b90.bmp.lzma': I/O error on file C:/Users/guilh/Desktop/Tibia 11.44.5516/assets/sprites-a0c9bf7cd7bd7478fa554113bbae671709e33de51cc0a1276c5207c3d6e11b90.bmp.lzma: No such file or directory"
[ 23:20:16,603 ] Update failed. Please reinstall Tibia to update your client.
[ 23:20:16,606 ] "Failed to load asset 'sprites-827d4dc375527bdf1574548839342aeecc8f4bf0a98ca3df8767cbf52a24e95a.bmp.lzma': I/O error on file C:/Users/guilh/Desktop/Tibia 11.44.5516/assets/sprites-827d4dc375527bdf1574548839342aeecc8f4bf0a98ca3df8767cbf52a24e95a.bmp.lzma: No such file or directory"
[ 23:20:16,607 ] Update failed. Please reinstall Tibia to update your client.
[ 23:20:16,610 ] "Failed to load asset 'sprites-a89300e6d0b28f485a21b6816c06e24bccbebe1ab7296b9afc20738f707782ae.bmp.lzma': I/O error on file C:/Users/guilh/Desktop/Tibia 11.44.5516/assets/sprites-a89300e6d0b28f485a21b6816c06e24bccbebe1ab7296b9afc20738f707782ae.bmp.lzma: No such file or directory"
[ 23:20:16,610 ] Update failed. Please reinstall Tibia to update your client.
[ 23:20:16,614 ] "Failed to load asset 'sprites-a9474207a4a0f4722073e22321630df606bc78b35e16a59c5db64c66ba7fd41d.bmp.lzma': I/O error on file C:/Users/guilh/Desktop/Tibia 11.44.5516/assets/sprites-a9474207a4a0f4722073e22321630df606bc78b35e16a59c5db64c66ba7fd41d.bmp.lzma: No such file or directory"
[ 23:20:16,615 ] Update failed. Please reinstall Tibia to update your client.
[ 23:20:16,618 ] "Failed to load asset 'sprites-9c61c5552efab522ea7b452eae2c8d6c1f813bc2cbf7007fc0a313dd5ced16d3.bmp.lzma': I/O error on file C:/Users/guilh/Desktop/Tibia 11.44.5516/assets/sprites-9c61c5552efab522ea7b452eae2c8d6c1f813bc2cbf7007fc0a313dd5ced16d3.bmp.lzma: No such file or directory"
[ 23:20:16,619 ] Update failed. Please reinstall Tibia to update your client.
[ 23:20:16,623 ] "Failed to load asset 'sprites-eebff8ee94db5b0559b7664220cb7ffe34a640b96f7f16ca69839c8513ef23dc.bmp.lzma': I/O error on file C:/Users/guilh/Desktop/Tibia 11.44.5516/assets/sprites-eebff8ee94db5b0559b7664220cb7ffe34a640b96f7f16ca69839c8513ef23dc.bmp.lzma: No such file or directory"
[ 23:20:16,623 ] Update failed. Please reinstall Tibia to update your client.
[ 23:20:16,629 ] "Failed to load asset 'sprites-df8d1528088344d32c816a2920b87eda223b9c3150051a335713e5ba7ed57c00.bmp.lzma': I/O error on file C:/Users/guilh/Desktop/Tibia 11.44.5516/assets/sprites-df8d1528088344d32c816a2920b87eda223b9c3150051a335713e5ba7ed57c00.bmp.lzma: No such file or directory"
[ 23:20:16,630 ] Update failed. Please reinstall Tibia to update your client.
[ 23:20:16,634 ] "Failed to load asset 'sprites-8cf7cc1d2a79f73e59badedf80420fa4f5f05de8a968db1abebca0619d5a7310.bmp.lzma': I/O error on file C:/Users/guilh/Desktop/Tibia 11.44.5516/assets/sprites-8cf7cc1d2a79f73e59badedf80420fa4f5f05de8a968db1abebca0619d5a7310.bmp.lzma: No such file or directory"
[ 23:20:16,635 ] Update failed. Please reinstall Tibia to update your client.
[ 23:20:16,638 ] "Failed to load asset 'sprites-759e170bc715208136d70a5ac5842e7798529e8d1389fc79576e681196fcbb35.bmp.lzma': I/O error on file C:/Users/guilh/Desktop/Tibia 11.44.5516/assets/sprites-759e170bc715208136d70a5ac5842e7798529e8d1389fc79576e681196fcbb35.bmp.lzma: No such file or directory"
[ 23:20:16,639 ] Update failed. Please reinstall Tibia to update your client.
[ 23:20:16,642 ] "Failed to load asset 'sprites-bd7136b073cf7f6daf6c9e583939baa3b92d23db0d3d9b1d86b577225da3214c.bmp.lzma': I/O error on file C:/Users/guilh/Desktop/Tibia 11.44.5516/assets/sprites-bd7136b073cf7f6daf6c9e583939baa3b92d23db0d3d9b1d86b577225da3214c.bmp.lzma: No such file or directory"
[ 23:20:16,643 ] Update failed. Please reinstall Tibia to update your client.
[ 23:20:16,646 ] "Failed to load asset 'sprites-e158050f83c09513ff451b69637888cc77be653bc79558657e73f15e7eebe3c6.bmp.lzma': I/O error on file C:/Users/guilh/Desktop/Tibia 11.44.5516/assets/sprites-e158050f83c09513ff451b69637888cc77be653bc79558657e73f15e7eebe3c6.bmp.lzma: No such file or directory"
[ 23:20:16,646 ] Update failed. Please reinstall Tibia to update your client.
[ 23:20:16,649 ] "Failed to load asset 'sprites-7ed0feb8422230af3c5d45f1ba0393000dbbf9b09c20bdba58f29089110affd3.bmp.lzma': I/O error on file C:/Users/guilh/Desktop/Tibia 11.44.5516/assets/sprites-7ed0feb8422230af3c5d45f1ba0393000dbbf9b09c20bdba58f29089110affd3.bmp.lzma: No such file or directory"
[ 23:20:16,650 ] Update failed. Please reinstall Tibia to update your client.
[ 23:20:16,655 ] "Failed to load asset 'sprites-f70e4839c0260153dde310c797969ea2fe8eb44860d6d031cc1b005fc325b6a7.bmp.lzma': I/O error on file C:/Users/guilh/Desktop/Tibia 11.44.5516/assets/sprites-f70e4839c0260153dde310c797969ea2fe8eb44860d6d031cc1b005fc325b6a7.bmp.lzma: No such file or directory"
[ 23:20:16,655 ] Update failed. Please reinstall Tibia to update your client.
[ 23:20:16,658 ] "Failed to load asset 'sprites-fc6fd707e4fca01af1af198f72fda99dd0f661e9fa86fb62bd73660c246ec303.bmp.lzma': I/O error on file C:/Users/guilh/Desktop/Tibia 11.44.5516/assets/sprites-fc6fd707e4fca01af1af198f72fda99dd0f661e9fa86fb62bd73660c246ec303.bmp.lzma: No such file or directory"
[ 23:20:16,659 ] Update failed. Please reinstall Tibia to update your client.
[ 23:20:16,663 ] "Failed to load asset 'sprites-b734c3b7d70b8bb7ceebeaa0153d37841f77ac5df264560c2dc1a7c36b3bd110.bmp.lzma': I/O error on file C:/Users/guilh/Desktop/Tibia 11.44.5516/assets/sprites-b734c3b7d70b8bb7ceebeaa0153d37841f77ac5df264560c2dc1a7c36b3bd110.bmp.lzma: No such file or directory"
[ 23:20:16,663 ] Update failed. Please reinstall Tibia to update your client.
[ 23:20:16,666 ] "Failed to load asset 'sprites-e8b4e8eb067218ba82eb6f2f0c8cb7cb3fd4db14737d27fafdb66ccb883b65ce.bmp.lzma': I/O error on file C:/Users/guilh/Desktop/Tibia 11.44.5516/assets/sprites-e8b4e8eb067218ba82eb6f2f0c8cb7cb3fd4db14737d27fafdb66ccb883b65ce.bmp.lzma: No such file or directory"
[ 23:20:16,667 ] Update failed. Please reinstall Tibia to update your client.
[ 23:20:16,670 ] "Failed to load asset 'sprites-b339b2f3d41af7e54b02ae0b5e5d1411b33305742f7e6f017ab213e47a23f2e6.bmp.lzma': I/O error on file C:/Users/guilh/Desktop/Tibia 11.44.5516/assets/sprites-b339b2f3d41af7e54b02ae0b5e5d1411b33305742f7e6f017ab213e47a23f2e6.bmp.lzma: No such file or directory"
[ 23:20:16,671 ] Update failed. Please reinstall Tibia to update your client.
[ 23:20:16,674 ] "Failed to load asset 'sprites-e6e7fba8d2b18dd7667d6204134ee2cc61dee0570130f35ebee01c479453cac7.bmp.lzma': I/O error on file C:/Users/guilh/Desktop/Tibia 11.44.5516/assets/sprites-e6e7fba8d2b18dd7667d6204134ee2cc61dee0570130f35ebee01c479453cac7.bmp.lzma: No such file or directory"
[ 23:20:16,675 ] Update failed. Please reinstall Tibia to update your client.
[ 23:20:16,678 ] "Failed to load asset 'sprites-c18299b97bd366146d499c9763adce2a610c9d7cfc0c3468c062ac4c6aadee0d.bmp.lzma': I/O error on file C:/Users/guilh/Desktop/Tibia 11.44.5516/assets/sprites-c18299b97bd366146d499c9763adce2a610c9d7cfc0c3468c062ac4c6aadee0d.bmp.lzma: No such file or directory"
[ 23:20:16,679 ] Update failed. Please reinstall Tibia to update your client.
[ 23:20:16,682 ] "Failed to load asset 'sprites-77fa2a391990989cf48c7822d5824aeae8f50d7aa03da75bd50e9ca7c21f2eed.bmp.lzma': I/O error on file C:/Users/guilh/Desktop/Tibia 11.44.5516/assets/sprites-77fa2a391990989cf48c7822d5824aeae8f50d7aa03da75bd50e9ca7c21f2eed.bmp.lzma: No such file or directory"
[ 23:20:16,683 ] Update failed. Please reinstall Tibia to update your client.
[ 23:20:16,686 ] "Failed to load asset 'sprites-f514b6aea1dabaca322ef324ea563fed9d798fe81f0fff6f2a112b3392cfd1c2.bmp.lzma': I/O error on file C:/Users/guilh/Desktop/Tibia 11.44.5516/assets/sprites-f514b6aea1dabaca322ef324ea563fed9d798fe81f0fff6f2a112b3392cfd1c2.bmp.lzma: No such file or directory"
[ 23:20:16,687 ] Update failed. Please reinstall Tibia to update your client.
[ 23:20:16,690 ] "Failed to load asset 'sprites-c12e160db6df191d231c5fce34d989232b385c3ea163a5daff84c77b385c2476.bmp.lzma': I/O error on file C:/Users/guilh/Desktop/Tibia 11.44.5516/assets/sprites-c12e160db6df191d231c5fce34d989232b385c3ea163a5daff84c77b385c2476.bmp.lzma: No such file or directory"
[ 23:20:16,690 ] Update failed. Please reinstall Tibia to update your client.
[ 23:20:16,695 ] "Failed to load asset 'sprites-7ad8dc1267b3b276fffd9371bc9331a6cef0e2ab1dd890187e7e74a2c968e88a.bmp.lzma': I/O error on file C:/Users/guilh/Desktop/Tibia 11.44.5516/assets/sprites-7ad8dc1267b3b276fffd9371bc9331a6cef0e2ab1dd890187e7e74a2c968e88a.bmp.lzma: No such file or directory"
[ 23:20:16,696 ] Update failed. Please reinstall Tibia to update your client.
[ 23:20:16,699 ] "Failed to load asset 'sprites-bea284c8b49da1f0d8a7525c31b3b6d6d0610220e6fba91dd4654e947234d0e7.bmp.lzma': I/O error on file C:/Users/guilh/Desktop/Tibia 11.44.5516/assets/sprites-bea284c8b49da1f0d8a7525c31b3b6d6d0610220e6fba91dd4654e947234d0e7.bmp.lzma: No such file or directory"
[ 23:20:16,699 ] Update failed. Please reinstall Tibia to update your client.
[ 23:20:16,703 ] "Failed to load asset 'sprites-cb635400f16f22fef20cb7fb27f0cb4ffb334ad298dd90ca1916dacbda06a5ef.bmp.lzma': I/O error on file C:/Users/guilh/Desktop/Tibia 11.44.5516/assets/sprites-cb635400f16f22fef20cb7fb27f0cb4ffb334ad298dd90ca1916dacbda06a5ef.bmp.lzma: No such file or directory"
[ 23:20:16,703 ] Update failed. Please reinstall Tibia to update your client.
[ 23:20:16,706 ] "Failed to load asset 'sprites-f6baa05457a54d0e911eb321eabe044e1b02ca410a04bf6213e244759df7f7ba.bmp.lzma': I/O error on file C:/Users/guilh/Desktop/Tibia 11.44.5516/assets/sprites-f6baa05457a54d0e911eb321eabe044e1b02ca410a04bf6213e244759df7f7ba.bmp.lzma: No such file or directory"
[ 23:20:16,707 ] Update failed. Please reinstall Tibia to update your client.
[ 23:20:16,710 ] "Failed to load asset 'sprites-7b6f2e29926ead1f21d05c8ac4b17aff83fd1712a481b16b642734400671f011.bmp.lzma': I/O error on file C:/Users/guilh/Desktop/Tibia 11.44.5516/assets/sprites-7b6f2e29926ead1f21d05c8ac4b17aff83fd1712a481b16b642734400671f011.bmp.lzma: No such file or directory"
[ 23:20:16,710 ] Update failed. Please reinstall Tibia to update your client.
[ 23:20:16,817 ] "Failed to load asset 'sprites-b45ef14235b057ea87d4673676309dd3aa01efbd97d01ca1ef66bbe79debe0f0.bmp.lzma': I/O error on file C:/Users/guilh/Desktop/Tibia 11.44.5516/assets/sprites-b45ef14235b057ea87d4673676309dd3aa01efbd97d01ca1ef66bbe79debe0f0.bmp.lzma: No such file or directory"
[ 23:20:16,817 ] Update failed. Please reinstall Tibia to update your client.
[ 23:20:16,822 ] "Failed to load asset 'sprites-bebd21a34982e26165c0808fda3f8a8120cb73194bad05bd2983c13ceae9d51e.bmp.lzma': I/O error on file C:/Users/guilh/Desktop/Tibia 11.44.5516/assets/sprites-bebd21a34982e26165c0808fda3f8a8120cb73194bad05bd2983c13ceae9d51e.bmp.lzma: No such file or directory"
[ 23:20:16,823 ] Update failed. Please reinstall Tibia to update your client.
[ 23:20:16,828 ] "Failed to load asset 'sprites-d1c425df405b4264ac85c60dd4a29b7d4ad17d5877d541e4a5d04b8f47eba503.bmp.lzma': I/O error on file C:/Users/guilh/Desktop/Tibia 11.44.5516/assets/sprites-d1c425df405b4264ac85c60dd4a29b7d4ad17d5877d541e4a5d04b8f47eba503.bmp.lzma: No such file or directory"
[ 23:20:16,829 ] Update failed. Please reinstall Tibia to update your client.
[ 23:20:16,832 ] "Failed to load asset 'sprites-bd4d5640cb0ee82e842825ec0ee7471de60f1942e0515dbf2e0305e7efe084d2.bmp.lzma': I/O error on file C:/Users/guilh/Desktop/Tibia 11.44.5516/assets/sprites-bd4d5640cb0ee82e842825ec0ee7471de60f1942e0515dbf2e0305e7efe084d2.bmp.lzma: No such file or directory"
[ 23:20:16,832 ] Update failed. Please reinstall Tibia to update your client.
[ 23:20:16,835 ] "Failed to load asset 'sprites-dfc9b0db4cf584777204e32cf3b2e4426fcd4f2285aa0c3781058beae556c619.bmp.lzma': I/O error on file C:/Users/guilh/Desktop/Tibia 11.44.5516/assets/sprites-dfc9b0db4cf584777204e32cf3b2e4426fcd4f2285aa0c3781058beae556c619.bmp.lzma: No such file or directory"
[ 23:20:16,836 ] Update failed. Please reinstall Tibia to update your client.
[ 23:20:16,839 ] "Failed to load asset 'sprites-c5c3f0de357ad302b2fa4e84daa9c7b7c773d3ba1a7286f5e95ed10e27187d90.bmp.lzma': I/O error on file C:/Users/guilh/Desktop/Tibia 11.44.5516/assets/sprites-c5c3f0de357ad302b2fa4e84daa9c7b7c773d3ba1a7286f5e95ed10e27187d90.bmp.lzma: No such file or directory"
[ 23:20:16,839 ] Update failed. Please reinstall Tibia to update your client.
[ 23:20:16,842 ] "Failed to load asset 'sprites-b97a33cfadef425ef3efa40a62c6be722d5cab1689c1d946b0619c9a1153939d.bmp.lzma': I/O error on file C:/Users/guilh/Desktop/Tibia 11.44.5516/assets/sprites-b97a33cfadef425ef3efa40a62c6be722d5cab1689c1d946b0619c9a1153939d.bmp.lzma: No such file or directory"
[ 23:20:16,843 ] Update failed. Please reinstall Tibia to update your client.
[ 23:20:16,846 ] "Failed to load asset 'sprites-8dd681942a925e445a134ad805b18f13d102a0cc9686c36c0d8efb067fbe0b45.bmp.lzma': I/O error on file C:/Users/guilh/Desktop/Tibia 11.44.5516/assets/sprites-8dd681942a925e445a134ad805b18f13d102a0cc9686c36c0d8efb067fbe0b45.bmp.lzma: No such file or directory"
[ 23:20:16,847 ] Update failed. Please reinstall Tibia to update your client.
[ 23:20:16,850 ] "Failed to load asset 'sprites-7ad6bf64e84d372779cd20b33878fdffe5ea3e981e46f3aee92b438248297e34.bmp.lzma': I/O error on file C:/Users/guilh/Desktop/Tibia 11.44.5516/assets/sprites-7ad6bf64e84d372779cd20b33878fdffe5ea3e981e46f3aee92b438248297e34.bmp.lzma: No such file or directory"
[ 23:20:16,850 ] Update failed. Please reinstall Tibia to update your client.
[ 23:20:16,853 ] "Failed to load asset 'sprites-d68b42d8a8e40798f4e38ae3fd405f2e2f308ec1649e182d4a6cb601221c1355.bmp.lzma': I/O error on file C:/Users/guilh/Desktop/Tibia 11.44.5516/assets/sprites-d68b42d8a8e40798f4e38ae3fd405f2e2f308ec1649e182d4a6cb601221c1355.bmp.lzma: No such file or directory"
[ 23:20:16,854 ] Update failed. Please reinstall Tibia to update your client.
[ 23:20:16,857 ] "Failed to load asset 'sprites-d12c49a5dab1d74127eacb2e45d9fdbd2a8f8cf93966dd0ef2b5bbb6d60657d2.bmp.lzma': I/O error on file C:/Users/guilh/Desktop/Tibia 11.44.5516/assets/sprites-d12c49a5dab1d74127eacb2e45d9fdbd2a8f8cf93966dd0ef2b5bbb6d60657d2.bmp.lzma: No such file or directory"
[ 23:20:16,858 ] Update failed. Please reinstall Tibia to update your client.
[ 23:20:16,861 ] "Failed to load asset 'sprites-d68cecd3fec9b3fc7d6077a083f6a8fea81759e021aa7467204414e56c35edca.bmp.lzma': I/O error on file C:/Users/guilh/Desktop/Tibia 11.44.5516/assets/sprites-d68cecd3fec9b3fc7d6077a083f6a8fea81759e021aa7467204414e56c35edca.bmp.lzma: No such file or directory"
[ 23:20:16,862 ] Update failed. Please reinstall Tibia to update your client.
[ 23:20:16,866 ] "Failed to load asset 'sprites-77b5260c9e06a685cb981422480f07ad4445a7e4939249282af0bde1cce13928.bmp.lzma': I/O error on file C:/Users/guilh/Desktop/Tibia 11.44.5516/assets/sprites-77b5260c9e06a685cb981422480f07ad4445a7e4939249282af0bde1cce13928.bmp.lzma: No such file or directory"
[ 23:20:16,866 ] Update failed. Please reinstall Tibia to update your client.
[ 23:20:16,869 ] "Failed to load asset 'sprites-8002416863b07cd9d4e078725f2b20b42f3d236211dd251fb6eb62fe928311f8.bmp.lzma': I/O error on file C:/Users/guilh/Desktop/Tibia 11.44.5516/assets/sprites-8002416863b07cd9d4e078725f2b20b42f3d236211dd251fb6eb62fe928311f8.bmp.lzma: No such file or directory"
[ 23:20:16,870 ] Update failed. Please reinstall Tibia to update your client.
[ 23:20:16,873 ] "Failed to load asset 'sprites-b330646a3e81c4319f4f0b2f0e07fea3435374005fc54e20d69d994eeec66297.bmp.lzma': I/O error on file C:/Users/guilh/Desktop/Tibia 11.44.5516/assets/sprites-b330646a3e81c4319f4f0b2f0e07fea3435374005fc54e20d69d994eeec66297.bmp.lzma: No such file or directory"
[ 23:20:16,873 ] Update failed. Please reinstall Tibia to update your client.
[ 23:20:16,876 ] "Failed to load asset 'sprites-8be394074deca3201fabc46a61ae72088ccdf3fd3513cb98480a230d8f2ff2f3.bmp.lzma': I/O error on file C:/Users/guilh/Desktop/Tibia 11.44.5516/assets/sprites-8be394074deca3201fabc46a61ae72088ccdf3fd3513cb98480a230d8f2ff2f3.bmp.lzma: No such file or directory"
[ 23:20:16,877 ] Update failed. Please reinstall Tibia to update your client.
[ 23:20:16,880 ] "Failed to load asset 'sprites-eee21ad3f3e67e1f2f67d6588747f8262d859cc3977644220052b92e09296e75.bmp.lzma': I/O error on file C:/Users/guilh/Desktop/Tibia 11.44.5516/assets/sprites-eee21ad3f3e67e1f2f67d6588747f8262d859cc3977644220052b92e09296e75.bmp.lzma: No such file or directory"
[ 23:20:16,881 ] Update failed. Please reinstall Tibia to update your client.
[ 23:20:16,884 ] "Failed to load asset 'sprites-87c022c33fba9138872af44504397502228c87a3c0ddea01f751c8a0f1f0d0af.bmp.lzma': I/O error on file C:/Users/guilh/Desktop/Tibia 11.44.5516/assets/sprites-87c022c33fba9138872af44504397502228c87a3c0ddea01f751c8a0f1f0d0af.bmp.lzma: No such file or directory"
[ 23:20:16,885 ] Update failed. Please reinstall Tibia to update your client.
[ 23:20:16,888 ] "Failed to load asset 'sprites-a0c400fa01b5ffba213cd480a0191f21e0542f6874476067a422882c9bc910d5.bmp.lzma': I/O error on file C:/Users/guilh/Desktop/Tibia 11.44.5516/assets/sprites-a0c400fa01b5ffba213cd480a0191f21e0542f6874476067a422882c9bc910d5.bmp.lzma: No such file or directory"
[ 23:20:16,888 ] Update failed. Please reinstall Tibia to update your client.
[ 23:20:16,891 ] "Failed to load asset 'sprites-a601205b6daae34a1461802f76ca6f7da60d4527f68458e9b7bebb2af75a402a.bmp.lzma': I/O error on file C:/Users/guilh/Desktop/Tibia 11.44.5516/assets/sprites-a601205b6daae34a1461802f76ca6f7da60d4527f68458e9b7bebb2af75a402a.bmp.lzma: No such file or directory"
[ 23:20:16,892 ] Update failed. Please reinstall Tibia to update your client.
[ 23:20:17,514 ] QObject::connect: Cannot connect (null)::stateChanged(QNetworkSession::State) to QNetworkReplyHttpImpl::_q_networkSessionStateChanged(QNetworkSession::State)
[ 23:21:08,159 ] Disabling Desktop GL:  GpuDescription(vendorId=0x8086, deviceId=0x102, subSysId=-0x7bb2efbd, revision=9, driver: "igdumd32.dll", version=9.17.10.4459, "Intel(R) HD Graphics")
[ 23:21:10,806 ] QObject::connect: Cannot connect (null)::stateChanged(QNetworkSession::State) to QNetworkReplyHttpImpl::_q_networkSessionStateChanged(QNetworkSession::State)
[ 23:21:12,358 ] QObject::connect: Cannot connect (null)::stateChanged(QNetworkSession::State) to QNetworkReplyHttpImpl::_q_networkSessionStateChanged(QNetworkSession::State)
[ 23:21:15,277 ] QObject::connect: Cannot connect (null)::stateChanged(QNetworkSession::State) to QNetworkReplyHttpImpl::_q_networkSessionStateChanged(QNetworkSession::State)
[ 23:21:18,149 ] BattlEye: "Initialized (v1.243)"
[ 23:21:18,149 ] BattlEye: "Restarting client is necessary, service isn't running properly"
[ 23:21:18,149 ] BattlEye: "Restarting client is necessary, update required"
[ 23:21:18,225 ] Connection to gameserver  QUrl("tcp://127.0.0.1:7172")  requested (Charakter "Community Manager" )
[ 23:21:18,226 ] Socket state changed  QAbstractSocket::HostLookupState
[ 23:21:18,226 ] Socket state changed  QAbstractSocket::ConnectingState
[ 23:21:18,226 ] Asset loading complete
[ 23:21:18,741 ] Socket state changed  QAbstractSocket::ConnectedState
[ 23:21:18,742 ] Connected to Gameserver  "127.0.0.1" "Valhala"
[ 23:21:19,228 ] QObject::connect: Cannot connect (null)::stateChanged(QNetworkSession::State) to QNetworkReplyHttpImpl::_q_networkSessionStateChanged(QNetworkSession::State)
[ 23:21:19,292 ] News query failed: "Failed to get account. Try again!"
[ 23:21:36,443 ] Disabling Desktop GL:  GpuDescription(vendorId=0x8086, deviceId=0x102, subSysId=-0x7bb2efbd, revision=9, driver: "igdumd32.dll", version=9.17.10.4459, "Intel(R) HD Graphics")
[ 23:21:38,606 ] QObject::connect: Cannot connect (null)::stateChanged(QNetworkSession::State) to QNetworkReplyHttpImpl::_q_networkSessionStateChanged(QNetworkSession::State)
[ 23:21:39,420 ] Asset loading complete
[ 23:21:39,720 ] QObject::connect: Cannot connect (null)::stateChanged(QNetworkSession::State) to QNetworkReplyHttpImpl::_q_networkSessionStateChanged(QNetworkSession::State)
[ 23:21:44,075 ] QObject::connect: Cannot connect (null)::stateChanged(QNetworkSession::State) to QNetworkReplyHttpImpl::_q_networkSessionStateChanged(QNetworkSession::State)
[ 23:21:46,701 ] BattlEye: "Initialized (v1.243)"
[ 23:21:46,701 ] BattlEye: "Restarting client is necessary, service isn't running properly"
[ 23:21:46,701 ] BattlEye: "Restarting client is necessary, update required"
[ 23:21:46,755 ] Connection to gameserver  QUrl("tcp://127.0.0.1:7172")  requested (Charakter "Community Manager" )
[ 23:21:46,756 ] Socket state changed  QAbstractSocket::HostLookupState
[ 23:21:46,756 ] Socket state changed  QAbstractSocket::ConnectingState
[ 23:21:46,774 ] Socket state changed  QAbstractSocket::ConnectedState
[ 23:21:46,774 ] Connected to Gameserver  "127.0.0.1" "Valhala"
[ 23:21:47,791 ] QObject::connect: Cannot connect (null)::stateChanged(QNetworkSession::State) to QNetworkReplyHttpImpl::_q_networkSessionStateChanged(QNetworkSession::State)
[ 23:21:47,841 ] News query failed: "Failed to get account. Try again!"
[ 23:21:54,706 ] Disabling Desktop GL:  GpuDescription(vendorId=0x8086, deviceId=0x102, subSysId=-0x7bb2efbd, revision=9, driver: "igdumd32.dll", version=9.17.10.4459, "Intel(R) HD Graphics")
[ 23:21:56,612 ] QObject::connect: Cannot connect (null)::stateChanged(QNetworkSession::State) to QNetworkReplyHttpImpl::_q_networkSessionStateChanged(QNetworkSession::State)
[ 23:21:57,454 ] QObject::connect: Cannot connect (null)::stateChanged(QNetworkSession::State) to QNetworkReplyHttpImpl::_q_networkSessionStateChanged(QNetworkSession::State)
[ 23:21:58,413 ] Asset loading complete
[ 23:22:10,763 ] QObject::connect: Cannot connect (null)::stateChanged(QNetworkSession::State) to QNetworkReplyHttpImpl::_q_networkSessionStateChanged(QNetworkSession::State)
[ 23:22:14,094 ] BattlEye: "Initialized (v1.243)"
[ 23:22:14,094 ] BattlEye: "Restarting client is necessary, service isn't running properly"
[ 23:22:14,094 ] BattlEye: "Restarting client is necessary, update required"
[ 23:22:14,148 ] Connection to gameserver  QUrl("tcp://127.0.0.1:7172")  requested (Charakter "Community Manager" )
[ 23:22:14,148 ] Socket state changed  QAbstractSocket::HostLookupState
[ 23:22:14,148 ] Socket state changed  QAbstractSocket::ConnectingState
[ 23:22:14,167 ] Socket state changed  QAbstractSocket::ConnectedState
[ 23:22:14,167 ] Connected to Gameserver  "127.0.0.1" "Valhala"
[ 23:22:15,170 ] QObject::connect: Cannot connect (null)::stateChanged(QNetworkSession::State) to QNetworkReplyHttpImpl::_q_networkSessionStateChanged(QNetworkSession::State)
[ 23:22:15,220 ] News query failed: "Failed to get account. Try again!"
[ 23:22:48,127 ] Disabling Desktop GL:  GpuDescription(vendorId=0x8086, deviceId=0x102, subSysId=-0x7bb2efbd, revision=9, driver: "igdumd32.dll", version=9.17.10.4459, "Intel(R) HD Graphics")
[ 23:22:50,169 ] QObject::connect: Cannot connect (null)::stateChanged(QNetworkSession::State) to QNetworkReplyHttpImpl::_q_networkSessionStateChanged(QNetworkSession::State)
[ 23:22:51,033 ] Asset loading complete
[ 23:22:51,110 ] QObject::connect: Cannot connect (null)::stateChanged(QNetworkSession::State) to QNetworkReplyHttpImpl::_q_networkSessionStateChanged(QNetworkSession::State)
[ 23:22:54,042 ] QObject::connect: Cannot connect (null)::stateChanged(QNetworkSession::State) to QNetworkReplyHttpImpl::_q_networkSessionStateChanged(QNetworkSession::State)
[ 23:22:57,105 ] BattlEye: "Initialized (v1.243)"
[ 23:22:57,105 ] BattlEye: "Restarting client is necessary, service isn't running properly"
[ 23:22:57,105 ] BattlEye: "Restarting client is necessary, update required"
[ 23:22:57,159 ] Connection to gameserver  QUrl("tcp://127.0.0.1:7172")  requested (Charakter "Community Manager" )
[ 23:22:57,160 ] Socket state changed  QAbstractSocket::HostLookupState
[ 23:22:57,160 ] Socket state changed  QAbstractSocket::ConnectingState
[ 23:22:57,177 ] Socket state changed  QAbstractSocket::ConnectedState
[ 23:22:57,177 ] Connected to Gameserver  "127.0.0.1" "Valhala"
[ 23:22:58,194 ] QObject::connect: Cannot connect (null)::stateChanged(QNetworkSession::State) to QNetworkReplyHttpImpl::_q_networkSessionStateChanged(QNetworkSession::State)
[ 23:22:58,260 ] News query failed: "Failed to get account. Try again!"
[ 23:23:04,683 ] Disabling Desktop GL:  GpuDescription(vendorId=0x8086, deviceId=0x102, subSysId=-0x7bb2efbd, revision=9, driver: "igdumd32.dll", version=9.17.10.4459, "Intel(R) HD Graphics")
[ 23:23:06,742 ] QObject::connect: Cannot connect (null)::stateChanged(QNetworkSession::State) to QNetworkReplyHttpImpl::_q_networkSessionStateChanged(QNetworkSession::State)
[ 23:23:07,509 ] Asset loading complete
[ 23:23:07,590 ] QObject::connect: Cannot connect (null)::stateChanged(QNetworkSession::State) to QNetworkReplyHttpImpl::_q_networkSessionStateChanged(QNetworkSession::State)
[ 23:23:10,706 ] QObject::connect: Cannot connect (null)::stateChanged(QNetworkSession::State) to QNetworkReplyHttpImpl::_q_networkSessionStateChanged(QNetworkSession::State)
[ 23:23:13,556 ] BattlEye: "Initialized (v1.243)"
[ 23:23:13,557 ] BattlEye: "Restarting client is necessary, service isn't running properly"
[ 23:23:13,557 ] BattlEye: "Restarting client is necessary, update required"
[ 23:23:13,611 ] Connection to gameserver  QUrl("tcp://127.0.0.1:7172")  requested (Charakter "Community Manager" )
[ 23:23:13,611 ] Socket state changed  QAbstractSocket::HostLookupState
[ 23:23:13,611 ] Socket state changed  QAbstractSocket::ConnectingState
[ 23:23:13,629 ] Socket state changed  QAbstractSocket::ConnectedState
[ 23:23:13,629 ] Connected to Gameserver  "127.0.0.1" "Valhala"
[ 23:23:35,973 ] Disabling Desktop GL:  GpuDescription(vendorId=0x8086, deviceId=0x102, subSysId=-0x7bb2efbd, revision=9, driver: "igdumd32.dll", version=9.17.10.4459, "Intel(R) HD Graphics")
[ 23:23:38,233 ] QObject::connect: Cannot connect (null)::stateChanged(QNetworkSession::State) to QNetworkReplyHttpImpl::_q_networkSessionStateChanged(QNetworkSession::State)
[ 23:23:39,089 ] QObject::connect: Cannot connect (null)::stateChanged(QNetworkSession::State) to QNetworkReplyHttpImpl::_q_networkSessionStateChanged(QNetworkSession::State)
[ 23:23:42,508 ] QObject::connect: Cannot connect (null)::stateChanged(QNetworkSession::State) to QNetworkReplyHttpImpl::_q_networkSessionStateChanged(QNetworkSession::State)
[ 23:23:44,713 ] BattlEye: "Initialized (v1.243)"
[ 23:23:44,713 ] BattlEye: "Restarting client is necessary, service isn't running properly"
[ 23:23:44,713 ] BattlEye: "Restarting client is necessary, update required"
[ 23:23:44,778 ] Connection to gameserver  QUrl("tcp://127.0.0.1:7172")  requested (Charakter "Community Manager" )
[ 23:23:44,778 ] Socket state changed  QAbstractSocket::HostLookupState
[ 23:23:44,778 ] Socket state changed  QAbstractSocket::ConnectingState
[ 23:23:44,797 ] Socket state changed  QAbstractSocket::ConnectedState
[ 23:23:44,797 ] Connected to Gameserver  "127.0.0.1" "Valhala"
[ 23:23:45,808 ] QObject::connect: Cannot connect (null)::stateChanged(QNetworkSession::State) to QNetworkReplyHttpImpl::_q_networkSessionStateChanged(QNetworkSession::State)
[ 23:23:45,875 ] News query failed: "Failed to get account. Try again!"
[ 23:24:13,217 ] Disabling Desktop GL:  GpuDescription(vendorId=0x8086, deviceId=0x102, subSysId=-0x7bb2efbd, revision=9, driver: "igdumd32.dll", version=9.17.10.4459, "Intel(R) HD Graphics")
[ 23:24:15,295 ] QObject::connect: Cannot connect (null)::stateChanged(QNetworkSession::State) to QNetworkReplyHttpImpl::_q_networkSessionStateChanged(QNetworkSession::State)
[ 23:24:16,221 ] QObject::connect: Cannot connect (null)::stateChanged(QNetworkSession::State) to QNetworkReplyHttpImpl::_q_networkSessionStateChanged(QNetworkSession::State)
[ 23:24:21,643 ] Asset loading complete
[ 23:24:24,739 ] QObject::connect: Cannot connect (null)::stateChanged(QNetworkSession::State) to QNetworkReplyHttpImpl::_q_networkSessionStateChanged(QNetworkSession::State)
[ 23:24:27,687 ] BattlEye: "Initialized (v1.243)"
[ 23:24:27,687 ] BattlEye: "Restarting client is necessary, service isn't running properly"
[ 23:24:27,687 ] BattlEye: "Restarting client is necessary, update required"
[ 23:24:27,750 ] Connection to gameserver  QUrl("tcp://127.0.0.1:7172")  requested (Charakter "Community Manager" )
[ 23:24:27,751 ] Socket state changed  QAbstractSocket::HostLookupState
[ 23:24:27,751 ] Socket state changed  QAbstractSocket::ConnectingState
[ 23:24:27,783 ] Socket state changed  QAbstractSocket::ConnectedState
[ 23:24:27,783 ] Connected to Gameserver  "127.0.0.1" "Valhala"
[ 23:24:28,781 ] QObject::connect: Cannot connect (null)::stateChanged(QNetworkSession::State) to QNetworkReplyHttpImpl::_q_networkSessionStateChanged(QNetworkSession::State)
[ 23:24:28,831 ] News query failed: "Failed to get account. Try again!"
[ 23:25:15,838 ] Disabling Desktop GL:  GpuDescription(vendorId=0x8086, deviceId=0x102, subSysId=-0x7bb2efbd, revision=9, driver: "igdumd32.dll", version=9.17.10.4459, "Intel(R) HD Graphics")
[ 23:25:18,120 ] QObject::connect: Cannot connect (null)::stateChanged(QNetworkSession::State) to QNetworkReplyHttpImpl::_q_networkSessionStateChanged(QNetworkSession::State)
[ 23:25:19,005 ] Asset loading complete
[ 23:25:19,261 ] QObject::connect: Cannot connect (null)::stateChanged(QNetworkSession::State) to QNetworkReplyHttpImpl::_q_networkSessionStateChanged(QNetworkSession::State)
[ 23:25:25,467 ] QObject::connect: Cannot connect (null)::stateChanged(QNetworkSession::State) to QNetworkReplyHttpImpl::_q_networkSessionStateChanged(QNetworkSession::State)
[ 23:25:28,621 ] BattlEye: "Initialized (v1.243)"
[ 23:25:28,621 ] BattlEye: "Restarting client is necessary, service isn't running properly"
[ 23:25:28,621 ] BattlEye: "Restarting client is necessary, update required"
[ 23:25:28,689 ] Connection to gameserver  QUrl("tcp://127.0.0.1:7172")  requested (Charakter "Community Manager" )
[ 23:25:28,689 ] Socket state changed  QAbstractSocket::HostLookupState
[ 23:25:28,689 ] Socket state changed  QAbstractSocket::ConnectingState
[ 23:25:28,706 ] Socket state changed  QAbstractSocket::ConnectedState
[ 23:25:28,707 ] Connected to Gameserver  "127.0.0.1" "Valhala"
[ 23:25:29,717 ] QObject::connect: Cannot connect (null)::stateChanged(QNetworkSession::State) to QNetworkReplyHttpImpl::_q_networkSessionStateChanged(QNetworkSession::State)
[ 23:25:29,766 ] News query failed: "Failed to get account. Try again!"
[ 23:27:13,614 ] QObject::connect: Cannot connect (null)::stateChanged(QNetworkSession::State) to QNetworkReplyHttpImpl::_q_networkSessionStateChanged(QNetworkSession::State)
[ 23:27:13,719 ] Socket state changed  QAbstractSocket::ClosingState
[ 23:27:13,719 ] Socket state changed  QAbstractSocket::UnconnectedState
[ 23:27:13,719 ] Disconnected from Gameserver
[ 23:27:13,915 ] QObject::connect: Cannot connect (null)::stateChanged(QNetworkSession::State) to QNetworkReplyHttpImpl::_q_networkSessionStateChanged(QNetworkSession::State)
[ 23:27:14,682 ] QObject::connect: Cannot connect (null)::stateChanged(QNetworkSession::State) to QNetworkReplyHttpImpl::_q_networkSessionStateChanged(QNetworkSession::State)
[ 23:27:15,328 ] Connection to gameserver  QUrl("tcp://127.0.0.1:7172")  requested (Charakter "Community Manager" )
[ 23:27:15,328 ] Socket state changed  QAbstractSocket::HostLookupState
[ 23:27:15,328 ] Socket state changed  QAbstractSocket::ConnectingState
[ 23:27:16,312 ] QObject::connect: Cannot connect (null)::stateChanged(QNetworkSession::State) to QNetworkReplyHttpImpl::_q_networkSessionStateChanged(QNetworkSession::State)
[ 23:27:16,336 ] News query failed: "Failed to get account. Try again!"
[ 23:27:17,348 ] Socket state changed  QAbstractSocket::UnconnectedState
[ 23:27:18,536 ] Connection to gameserver  QUrl("tcp://127.0.0.1:7172")  requested (Charakter "Community Manager" )
[ 23:27:18,536 ] Socket state changed  QAbstractSocket::HostLookupState
[ 23:27:18,536 ] Socket state changed  QAbstractSocket::ConnectingState
[ 23:27:19,568 ] QObject::connect: Cannot connect (null)::stateChanged(QNetworkSession::State) to QNetworkReplyHttpImpl::_q_networkSessionStateChanged(QNetworkSession::State)
[ 23:27:19,617 ] News query failed: "Failed to get account. Try again!"
[ 23:27:20,556 ] Socket state changed  QAbstractSocket::UnconnectedState
[ 23:27:21,778 ] Connection to gameserver  QUrl("tcp://127.0.0.1:7172")  requested (Charakter "Community Manager" )
[ 23:27:21,778 ] Socket state changed  QAbstractSocket::HostLookupState
[ 23:27:21,778 ] Socket state changed  QAbstractSocket::ConnectingState
[ 23:27:22,788 ] Didn't send news query with params ( 0 0 ) (URL: QUrl("http://127.0.0.1/login.php") ) due to too many retries.
[ 23:27:23,809 ] Socket state changed  QAbstractSocket::UnconnectedState
[ 23:27:25,081 ] Connection to gameserver  QUrl("tcp://127.0.0.1:7172")  requested (Charakter "Community Manager" )
[ 23:27:25,081 ] Socket state changed  QAbstractSocket::HostLookupState
[ 23:27:25,081 ] Socket state changed  QAbstractSocket::ConnectingState
[ 23:27:26,095 ] Didn't send news query with params ( 0 0 ) (URL: QUrl("http://127.0.0.1/login.php") ) due to too many retries.
[ 23:27:27,114 ] Socket state changed  QAbstractSocket::UnconnectedState
[ 23:27:29,404 ] Connection to gameserver  QUrl("tcp://127.0.0.1:7172")  requested (Charakter "Community Manager" )
[ 23:27:29,404 ] Socket state changed  QAbstractSocket::HostLookupState
[ 23:27:29,404 ] Socket state changed  QAbstractSocket::ConnectingState
[ 23:27:29,407 ] Socket state changed  QAbstractSocket::ConnectedState
[ 23:27:29,407 ] Connected to Gameserver  "127.0.0.1" "Valhala"
[ 23:27:30,420 ] Didn't send news query with params ( 0 0 ) (URL: QUrl("http://127.0.0.1/login.php") ) due to too many retries.
[ 23:27:43,544 ] QObject::connect: Cannot connect (null)::stateChanged(QNetworkSession::State) to QNetworkReplyHttpImpl::_q_networkSessionStateChanged(QNetworkSession::State)
[ 23:30:18,504 ] QObject::connect: Cannot connect (null)::stateChanged(QNetworkSession::State) to QNetworkReplyHttpImpl::_q_networkSessionStateChanged(QNetworkSession::State)
[ 23:35:18,511 ] QObject::connect: Cannot connect (null)::stateChanged(QNetworkSession::State) to QNetworkReplyHttpImpl::_q_networkSessionStateChanged(QNetworkSession::State)
[ 23:40:18,482 ] QObject::connect: Cannot connect (null)::stateChanged(QNetworkSession::State) to QNetworkReplyHttpImpl::_q_networkSessionStateChanged(QNetworkSession::State)
[ 23:45:18,484 ] QObject::connect: Cannot connect (null)::stateChanged(QNetworkSession::State) to QNetworkReplyHttpImpl::_q_networkSessionStateChanged(QNetworkSession::State)
[ 23:50:18,484 ] QObject::connect: Cannot connect (null)::stateChanged(QNetworkSession::State) to QNetworkReplyHttpImpl::_q_networkSessionStateChanged(QNetworkSession::State)
[ 23:55:18,485 ] QObject::connect: Cannot connect (null)::stateChanged(QNetworkSession::State) to QNetworkReplyHttpImpl::_q_networkSessionStateChanged(QNetworkSession::State)
[ 00:00:18,484 ] QObject::connect: Cannot connect (null)::stateChanged(QNetworkSession::State) to QNetworkReplyHttpImpl::_q_networkSessionStateChanged(QNetworkSession::State)
[ 00:03:42,149 ] Socket state changed  QAbstractSocket::ClosingState
[ 00:03:42,150 ] Socket state changed  QAbstractSocket::UnconnectedState
[ 00:03:42,150 ] Disconnected from Gameserver
[ 00:03:42,150 ] QObject::connect: Cannot connect (null)::stateChanged(QNetworkSession::State) to QNetworkReplyHttpImpl::_q_networkSessionStateChanged(QNetworkSession::State)
[ 22:15:26,811 ] Disabling Desktop GL:  GpuDescription(vendorId=0x8086, deviceId=0x102, subSysId=-0x7bb2efbd, revision=9, driver: "igdumd32.dll", version=9.17.10.4459, "Intel(R) HD Graphics")
[ 22:15:29,076 ] QObject::connect: Cannot connect (null)::stateChanged(QNetworkSession::State) to QNetworkReplyHttpImpl::_q_networkSessionStateChanged(QNetworkSession::State)
[ 22:15:37,772 ] QObject::connect: Cannot connect (null)::stateChanged(QNetworkSession::State) to QNetworkReplyHttpImpl::_q_networkSessionStateChanged(QNetworkSession::State)
[ 22:15:40,684 ] QObject::connect: Cannot connect (null)::stateChanged(QNetworkSession::State) to QNetworkReplyHttpImpl::_q_networkSessionStateChanged(QNetworkSession::State)
[ 22:15:53,467 ] BattlEye: "Initialized (v1.243)"
[ 22:15:53,468 ] BattlEye: "Restarting client is necessary, service isn't running properly"
[ 22:15:53,468 ] BattlEye: "Restarting client is necessary, update required"
[ 22:15:54,212 ] Connection to gameserver  QUrl("tcp://127.0.0.1:7172")  requested (Charakter "Community Manager" )
[ 22:15:54,212 ] Socket state changed  QAbstractSocket::HostLookupState
[ 22:15:54,212 ] Socket state changed  QAbstractSocket::ConnectingState
[ 22:15:54,214 ] Socket state changed  QAbstractSocket::ConnectedState
[ 22:15:54,214 ] Connected to Gameserver  "127.0.0.1" "Valhala"
[ 22:15:56,603 ] QObject::connect: Cannot connect (null)::stateChanged(QNetworkSession::State) to QNetworkReplyHttpImpl::_q_networkSessionStateChanged(QNetworkSession::State)
[ 22:15:56,902 ] News query failed: "Failed to get account. Try again!"
[ 22:16:32,097 ] Asset loading complete
[ 22:16:56,935 ] QObject::connect: Cannot connect (null)::stateChanged(QNetworkSession::State) to QNetworkReplyHttpImpl::_q_networkSessionStateChanged(QNetworkSession::State)
[ 22:17:29,857 ] QObject::connect: Cannot connect (null)::stateChanged(QNetworkSession::State) to QNetworkReplyHttpImpl::_q_networkSessionStateChanged(QNetworkSession::State)
[ 22:17:29,916 ] Socket state changed  QAbstractSocket::ClosingState
[ 22:17:29,916 ] Socket state changed  QAbstractSocket::UnconnectedState
[ 22:17:29,916 ] Disconnected from Gameserver
[ 22:17:30,159 ] QObject::connect: Cannot connect (null)::stateChanged(QNetworkSession::State) to QNetworkReplyHttpImpl::_q_networkSessionStateChanged(QNetworkSession::State)
[ 22:17:30,177 ] QObject::connect: Cannot connect (null)::stateChanged(QNetworkSession::State) to QNetworkReplyHttpImpl::_q_networkSessionStateChanged(QNetworkSession::State)
[ 22:23:32,621 ] Disabling Desktop GL:  GpuDescription(vendorId=0x8086, deviceId=0x102, subSysId=-0x7bb2efbd, revision=9, driver: "igdumd32.dll", version=9.17.10.4459, "Intel(R) HD Graphics")
[ 22:23:34,217 ] QObject::connect: Cannot connect (null)::stateChanged(QNetworkSession::State) to QNetworkReplyHttpImpl::_q_networkSessionStateChanged(QNetworkSession::State)
[ 22:23:35,479 ] QObject::connect: Cannot connect (null)::stateChanged(QNetworkSession::State) to QNetworkReplyHttpImpl::_q_networkSessionStateChanged(QNetworkSession::State)
[ 22:23:42,868 ] QObject::connect: Cannot connect (null)::stateChanged(QNetworkSession::State) to QNetworkReplyHttpImpl::_q_networkSessionStateChanged(QNetworkSession::State)
[ 22:23:46,395 ] BattlEye: "Initialized (v1.243)"
[ 22:23:46,395 ] BattlEye: "Restarting client is necessary, service isn't running properly"
[ 22:23:46,395 ] BattlEye: "Restarting client is necessary, update required"
[ 22:23:46,437 ] Connection to gameserver  QUrl("tcp://127.0.0.1:7172")  requested (Charakter "Community Manager" )
[ 22:23:46,437 ] Socket state changed  QAbstractSocket::HostLookupState
[ 22:23:46,437 ] Socket state changed  QAbstractSocket::ConnectingState
[ 22:23:46,460 ] Socket state changed  QAbstractSocket::ConnectedState
[ 22:23:46,460 ] Connected to Gameserver  "127.0.0.1" "Valhala"
[ 22:23:47,476 ] QObject::connect: Cannot connect (null)::stateChanged(QNetworkSession::State) to QNetworkReplyHttpImpl::_q_networkSessionStateChanged(QNetworkSession::State)
[ 22:23:47,560 ] News query failed: "Failed to get account. Try again!"
[ 22:24:08,679 ] Asset loading complete
[ 22:24:42,302 ] QObject::connect: Cannot connect (null)::stateChanged(QNetworkSession::State) to QNetworkReplyHttpImpl::_q_networkSessionStateChanged(QNetworkSession::State)
[ 22:24:42,363 ] Socket state changed  QAbstractSocket::ClosingState
[ 22:24:42,363 ] Socket state changed  QAbstractSocket::UnconnectedState
[ 22:24:42,363 ] Disconnected from Gameserver
[ 22:24:42,554 ] QObject::connect: Cannot connect (null)::stateChanged(QNetworkSession::State) to QNetworkReplyHttpImpl::_q_networkSessionStateChanged(QNetworkSession::State)
[ 22:24:42,560 ] QObject::connect: Cannot connect (null)::stateChanged(QNetworkSession::State) to QNetworkReplyHttpImpl::_q_networkSessionStateChanged(QNetworkSession::State)
[ 22:25:06,520 ] Connection to gameserver  QUrl("tcp://127.0.0.1:7172")  requested (Charakter "Community Manager" )
[ 22:25:06,520 ] Socket state changed  QAbstractSocket::HostLookupState
[ 22:25:06,521 ] Socket state changed  QAbstractSocket::ConnectingState
[ 22:25:06,539 ] Socket state changed  QAbstractSocket::ConnectedState
[ 22:25:06,539 ] Connected to Gameserver  "127.0.0.1" "Valhala"
[ 22:25:07,545 ] QObject::connect: Cannot connect (null)::stateChanged(QNetworkSession::State) to QNetworkReplyHttpImpl::_q_networkSessionStateChanged(QNetworkSession::State)
[ 22:25:07,945 ] News query failed: "Failed to get account. Try again!"
[ 22:25:11,769 ] QObject::connect: Cannot connect (null)::stateChanged(QNetworkSession::State) to QNetworkReplyHttpImpl::_q_networkSessionStateChanged(QNetworkSession::State)
[ 22:25:11,825 ] Socket state changed  QAbstractSocket::ClosingState
[ 22:25:11,825 ] Socket state changed  QAbstractSocket::UnconnectedState
[ 22:25:11,825 ] Disconnected from Gameserver
[ 22:25:11,913 ] QObject::connect: Cannot connect (null)::stateChanged(QNetworkSession::State) to QNetworkReplyHttpImpl::_q_networkSessionStateChanged(QNetworkSession::State)
[ 22:25:11,915 ] QObject::connect: Cannot connect (null)::stateChanged(QNetworkSession::State) to QNetworkReplyHttpImpl::_q_networkSessionStateChanged(QNetworkSession::State)
[ 22:25:25,780 ] Connection to gameserver  QUrl("tcp://127.0.0.1:7172")  requested (Charakter "Community Manager" )
[ 22:25:25,780 ] Socket state changed  QAbstractSocket::HostLookupState
[ 22:25:25,780 ] Socket state changed  QAbstractSocket::ConnectingState
[ 22:25:25,786 ] Socket state changed  QAbstractSocket::ConnectedState
[ 22:25:25,786 ] Connected to Gameserver  "127.0.0.1" "Valhala"
[ 22:25:26,810 ] QObject::connect: Cannot connect (null)::stateChanged(QNetworkSession::State) to QNetworkReplyHttpImpl::_q_networkSessionStateChanged(QNetworkSession::State)
[ 22:25:26,844 ] QObject::connect: Cannot connect (null)::stateChanged(QNetworkSession::State) to QNetworkReplyHttpImpl::_q_networkSessionStateChanged(QNetworkSession::State)
[ 22:25:26,861 ] QObject::connect: Cannot connect (null)::stateChanged(QNetworkSession::State) to QNetworkReplyHttpImpl::_q_networkSessionStateChanged(QNetworkSession::State)
[ 22:25:26,877 ] News query failed: "Failed to get account. Try again!"
[ 22:25:26,878 ] QObject::connect: Cannot connect (null)::stateChanged(QNetworkSession::State) to QNetworkReplyHttpImpl::_q_networkSessionStateChanged(QNetworkSession::State)
[ 22:25:26,894 ] QObject::connect: Cannot connect (null)::stateChanged(QNetworkSession::State) to QNetworkReplyHttpImpl::_q_networkSessionStateChanged(QNetworkSession::State)
[ 22:26:22,020 ] QObject::connect: Cannot connect (null)::stateChanged(QNetworkSession::State) to QNetworkReplyHttpImpl::_q_networkSessionStateChanged(QNetworkSession::State)
[ 22:26:22,078 ] Socket state changed  QAbstractSocket::ClosingState
[ 22:26:22,078 ] Socket state changed  QAbstractSocket::UnconnectedState
[ 22:26:22,078 ] Disconnected from Gameserver
[ 22:26:22,169 ] QObject::connect: Cannot connect (null)::stateChanged(QNetworkSession::State) to QNetworkReplyHttpImpl::_q_networkSessionStateChanged(QNetworkSession::State)
[ 22:26:22,172 ] QObject::connect: Cannot connect (null)::stateChanged(QNetworkSession::State) to QNetworkReplyHttpImpl::_q_networkSessionStateChanged(QNetworkSession::State)
[ 22:26:22,973 ] Connection to gameserver  QUrl("tcp://127.0.0.1:7172")  requested (Charakter "Testeses" )
[ 22:26:22,973 ] Socket state changed  QAbstractSocket::HostLookupState
[ 22:26:22,973 ] Socket state changed  QAbstractSocket::ConnectingState
[ 22:26:22,988 ] Socket state changed  QAbstractSocket::ConnectedState
[ 22:26:22,988 ] Connected to Gameserver  "127.0.0.1" "Valhala"
[ 22:26:23,990 ] Didn't send news query with params ( 0 0 ) (URL: QUrl("http://127.0.0.1/login.php") ) due to too many retries.
[ 22:26:24,742 ] QObject::connect: Cannot connect (null)::stateChanged(QNetworkSession::State) to QNetworkReplyHttpImpl::_q_networkSessionStateChanged(QNetworkSession::State)
[ 22:28:34,495 ] QObject::connect: Cannot connect (null)::stateChanged(QNetworkSession::State) to QNetworkReplyHttpImpl::_q_networkSessionStateChanged(QNetworkSession::State)
[ 22:31:39,723 ] QObject::connect: Cannot connect (null)::stateChanged(QNetworkSession::State) to QNetworkReplyHttpImpl::_q_networkSessionStateChanged(QNetworkSession::State)
[ 22:31:39,780 ] Socket state changed  QAbstractSocket::ClosingState
[ 22:31:39,780 ] Socket state changed  QAbstractSocket::UnconnectedState
[ 22:31:39,780 ] Disconnected from Gameserver
[ 22:31:39,879 ] QObject::connect: Cannot connect (null)::stateChanged(QNetworkSession::State) to QNetworkReplyHttpImpl::_q_networkSessionStateChanged(QNetworkSession::State)
[ 22:31:39,950 ] QObject::connect: Cannot connect (null)::stateChanged(QNetworkSession::State) to QNetworkReplyHttpImpl::_q_networkSessionStateChanged(QNetworkSession::State)
[ 22:31:41,447 ] Connection to gameserver  QUrl("tcp://127.0.0.1:7172")  requested (Charakter "Community Manager" )
[ 22:31:41,447 ] Socket state changed  QAbstractSocket::HostLookupState
[ 22:31:41,447 ] Socket state changed  QAbstractSocket::ConnectingState
[ 22:31:41,462 ] Socket state changed  QAbstractSocket::ConnectedState
[ 22:31:41,462 ] Connected to Gameserver  "127.0.0.1" "Valhala"
[ 22:31:42,460 ] Didn't send news query with params ( 0 0 ) (URL: QUrl("http://127.0.0.1/login.php") ) due to too many retries.
[ 22:31:52,762 ] QObject::connect: Cannot connect (null)::stateChanged(QNetworkSession::State) to QNetworkReplyHttpImpl::_q_networkSessionStateChanged(QNetworkSession::State)
[ 22:31:52,826 ] Socket state changed  QAbstractSocket::ClosingState
[ 22:31:52,827 ] Socket state changed  QAbstractSocket::UnconnectedState
[ 22:31:52,827 ] Disconnected from Gameserver
[ 22:31:52,915 ] QObject::connect: Cannot connect (null)::stateChanged(QNetworkSession::State) to QNetworkReplyHttpImpl::_q_networkSessionStateChanged(QNetworkSession::State)
[ 22:31:53,937 ] Connection to gameserver  QUrl("tcp://127.0.0.1:7172")  requested (Charakter "Testeses" )
[ 22:31:53,937 ] Socket state changed  QAbstractSocket::HostLookupState
[ 22:31:53,937 ] Socket state changed  QAbstractSocket::ConnectingState
[ 22:31:53,952 ] Socket state changed  QAbstractSocket::ConnectedState
[ 22:31:53,952 ] Connected to Gameserver  "127.0.0.1" "Valhala"
[ 22:31:54,949 ] Didn't send news query with params ( 0 0 ) (URL: QUrl("http://127.0.0.1/login.php") ) due to too many retries.
[ 22:33:34,563 ] QObject::connect: Cannot connect (null)::stateChanged(QNetworkSession::State) to QNetworkReplyHttpImpl::_q_networkSessionStateChanged(QNetworkSession::State)
[ 22:36:13,752 ] QObject::connect: Cannot connect (null)::stateChanged(QNetworkSession::State) to QNetworkReplyHttpImpl::_q_networkSessionStateChanged(QNetworkSession::State)
[ 22:36:13,815 ] Socket state changed  QAbstractSocket::ClosingState
[ 22:36:13,815 ] Socket state changed  QAbstractSocket::UnconnectedState
[ 22:36:13,815 ] Disconnected from Gameserver
[ 22:36:13,899 ] QObject::connect: Cannot connect (null)::stateChanged(QNetworkSession::State) to QNetworkReplyHttpImpl::_q_networkSessionStateChanged(QNetworkSession::State)
[ 22:36:13,966 ] QObject::connect: Cannot connect (null)::stateChanged(QNetworkSession::State) to QNetworkReplyHttpImpl::_q_networkSessionStateChanged(QNetworkSession::State)
[ 22:36:14,907 ] Connection to gameserver  QUrl("tcp://127.0.0.1:7172")  requested (Charakter "Community Manager" )
[ 22:36:14,907 ] Socket state changed  QAbstractSocket::HostLookupState
[ 22:36:14,907 ] Socket state changed  QAbstractSocket::ConnectingState
[ 22:36:14,922 ] Socket state changed  QAbstractSocket::ConnectedState
[ 22:36:14,922 ] Connected to Gameserver  "127.0.0.1" "Valhala"
[ 22:36:15,921 ] Didn't send news query with params ( 0 0 ) (URL: QUrl("http://127.0.0.1/login.php") ) due to too many retries.
[ 22:36:23,835 ] QObject::connect: Cannot connect (null)::stateChanged(QNetworkSession::State) to QNetworkReplyHttpImpl::_q_networkSessionStateChanged(QNetworkSession::State)
[ 22:36:23,893 ] Socket state changed  QAbstractSocket::ClosingState
[ 22:36:23,893 ] Socket state changed  QAbstractSocket::UnconnectedState
[ 22:36:23,893 ] Disconnected from Gameserver
[ 22:36:23,982 ] QObject::connect: Cannot connect (null)::stateChanged(QNetworkSession::State) to QNetworkReplyHttpImpl::_q_networkSessionStateChanged(QNetworkSession::State)
[ 22:36:24,288 ] Connection to gameserver  QUrl("tcp://127.0.0.1:7172")  requested (Charakter "Community Manager" )
[ 22:36:24,289 ] Socket state changed  QAbstractSocket::HostLookupState
[ 22:36:24,289 ] Socket state changed  QAbstractSocket::ConnectingState
[ 22:36:24,304 ] Socket state changed  QAbstractSocket::ConnectedState
[ 22:36:24,304 ] Connected to Gameserver  "127.0.0.1" "Valhala"
[ 22:36:25,304 ] Didn't send news query with params ( 0 0 ) (URL: QUrl("http://127.0.0.1/login.php") ) due to too many retries.
[ 22:36:26,068 ] QObject::connect: Cannot connect (null)::stateChanged(QNetworkSession::State) to QNetworkReplyHttpImpl::_q_networkSessionStateChanged(QNetworkSession::State)
[ 22:37:29,847 ] QObject::connect: Cannot connect (null)::stateChanged(QNetworkSession::State) to QNetworkReplyHttpImpl::_q_networkSessionStateChanged(QNetworkSession::State)
[ 22:37:29,905 ] Socket state changed  QAbstractSocket::ClosingState
[ 22:37:29,905 ] Socket state changed  QAbstractSocket::UnconnectedState
[ 22:37:29,905 ] Disconnected from Gameserver
[ 22:37:29,994 ] QObject::connect: Cannot connect (null)::stateChanged(QNetworkSession::State) to QNetworkReplyHttpImpl::_q_networkSessionStateChanged(QNetworkSession::State)
[ 22:37:29,997 ] QObject::connect: Cannot connect (null)::stateChanged(QNetworkSession::State) to QNetworkReplyHttpImpl::_q_networkSessionStateChanged(QNetworkSession::State)
[ 22:37:30,229 ] Connection to gameserver  QUrl("tcp://127.0.0.1:7172")  requested (Charakter "Community Manager" )
[ 22:37:30,229 ] Socket state changed  QAbstractSocket::HostLookupState
[ 22:37:30,229 ] Socket state changed  QAbstractSocket::ConnectingState
[ 22:37:30,233 ] Socket state changed  QAbstractSocket::ConnectedState
[ 22:37:30,233 ] Connected to Gameserver  "127.0.0.1" "Valhala"
[ 22:37:31,248 ] Didn't send news query with params ( 0 0 ) (URL: QUrl("http://127.0.0.1/login.php") ) due to too many retries.
[ 22:37:31,989 ] QObject::connect: Cannot connect (null)::stateChanged(QNetworkSession::State) to QNetworkReplyHttpImpl::_q_networkSessionStateChanged(QNetworkSession::State)
[ 22:38:34,523 ] QObject::connect: Cannot connect (null)::stateChanged(QNetworkSession::State) to QNetworkReplyHttpImpl::_q_networkSessionStateChanged(QNetworkSession::State)
[ 22:39:17,345 ] QObject::connect: Cannot connect (null)::stateChanged(QNetworkSession::State) to QNetworkReplyHttpImpl::_q_networkSessionStateChanged(QNetworkSession::State)
[ 22:39:17,362 ] QObject::connect: Cannot connect (null)::stateChanged(QNetworkSession::State) to QNetworkReplyHttpImpl::_q_networkSessionStateChanged(QNetworkSession::State)
[ 22:39:17,378 ] QObject::connect: Cannot connect (null)::stateChanged(QNetworkSession::State) to QNetworkReplyHttpImpl::_q_networkSessionStateChanged(QNetworkSession::State)
[ 22:39:17,395 ] QObject::connect: Cannot connect (null)::stateChanged(QNetworkSession::State) to QNetworkReplyHttpImpl::_q_networkSessionStateChanged(QNetworkSession::State)
[ 22:39:17,415 ] QObject::connect: Cannot connect (null)::stateChanged(QNetworkSession::State) to QNetworkReplyHttpImpl::_q_networkSessionStateChanged(QNetworkSession::State)
[ 22:43:00,782 ] Socket state changed  QAbstractSocket::ClosingState
[ 22:43:00,782 ] Socket state changed  QAbstractSocket::UnconnectedState
[ 22:43:00,782 ] Disconnected from Gameserver
[ 22:43:00,783 ] QObject::connect: Cannot connect (null)::stateChanged(QNetworkSession::State) to QNetworkReplyHttpImpl::_q_networkSessionStateChanged(QNetworkSession::State)
[ 22:45:31,276 ] Disabling Desktop GL:  GpuDescription(vendorId=0x8086, deviceId=0x102, subSysId=-0x7bb2efbd, revision=9, driver: "igdumd32.dll", version=9.17.10.4459, "Intel(R) HD Graphics")
[ 22:45:33,415 ] QObject::connect: Cannot connect (null)::stateChanged(QNetworkSession::State) to QNetworkReplyHttpImpl::_q_networkSessionStateChanged(QNetworkSession::State)
[ 22:45:34,613 ] QObject::connect: Cannot connect (null)::stateChanged(QNetworkSession::State) to QNetworkReplyHttpImpl::_q_networkSessionStateChanged(QNetworkSession::State)
[ 22:45:38,669 ] QObject::connect: Cannot connect (null)::stateChanged(QNetworkSession::State) to QNetworkReplyHttpImpl::_q_networkSessionStateChanged(QNetworkSession::State)
[ 22:45:42,254 ] BattlEye: "Initialized (v1.243)"
[ 22:45:42,254 ] BattlEye: "Restarting client is necessary, service isn't running properly"
[ 22:45:42,254 ] BattlEye: "Restarting client is necessary, update required"
[ 22:45:42,297 ] Connection to gameserver  QUrl("tcp://127.0.0.1:7172")  requested (Charakter "Community Manager" )
[ 22:45:42,297 ] Socket state changed  QAbstractSocket::HostLookupState
[ 22:45:42,297 ] Socket state changed  QAbstractSocket::ConnectingState
[ 22:45:42,312 ] Socket state changed  QAbstractSocket::ConnectedState
[ 22:45:42,312 ] Connected to Gameserver  "127.0.0.1" "Valhala"
[ 22:45:43,329 ] QObject::connect: Cannot connect (null)::stateChanged(QNetworkSession::State) to QNetworkReplyHttpImpl::_q_networkSessionStateChanged(QNetworkSession::State)
[ 22:45:43,379 ] News query failed: "Failed to get account. Try again!"
[ 22:45:52,778 ] QObject::connect: Cannot connect (null)::stateChanged(QNetworkSession::State) to QNetworkReplyHttpImpl::_q_networkSessionStateChanged(QNetworkSession::State)
[ 22:45:52,838 ] Socket state changed  QAbstractSocket::ClosingState
[ 22:45:52,838 ] Socket state changed  QAbstractSocket::UnconnectedState
[ 22:45:52,838 ] Disconnected from Gameserver
[ 22:45:53,051 ] QObject::connect: Cannot connect (null)::stateChanged(QNetworkSession::State) to QNetworkReplyHttpImpl::_q_networkSessionStateChanged(QNetworkSession::State)
[ 22:45:53,228 ] Connection to gameserver  QUrl("tcp://127.0.0.1:7172")  requested (Charakter "Community Manager" )
[ 22:45:53,266 ] Socket state changed  QAbstractSocket::HostLookupState
[ 22:45:53,266 ] Socket state changed  QAbstractSocket::ConnectingState
[ 22:45:53,272 ] Socket state changed  QAbstractSocket::ConnectedState
[ 22:45:53,273 ] Connected to Gameserver  "127.0.0.1" "Valhala"
[ 22:45:54,247 ] QObject::connect: Cannot connect (null)::stateChanged(QNetworkSession::State) to QNetworkReplyHttpImpl::_q_networkSessionStateChanged(QNetworkSession::State)
[ 22:45:54,314 ] News query failed: "Failed to get account. Try again!"
[ 22:46:08,004 ] Asset loading complete
[ 22:46:48,373 ] QObject::connect: Cannot connect (null)::stateChanged(QNetworkSession::State) to QNetworkReplyHttpImpl::_q_networkSessionStateChanged(QNetworkSession::State)
[ 22:46:48,433 ] Socket state changed  QAbstractSocket::ClosingState
[ 22:46:48,433 ] Socket state changed  QAbstractSocket::UnconnectedState
[ 22:46:48,433 ] Disconnected from Gameserver
[ 22:46:48,519 ] QObject::connect: Cannot connect (null)::stateChanged(QNetworkSession::State) to QNetworkReplyHttpImpl::_q_networkSessionStateChanged(QNetworkSession::State)
[ 22:46:48,523 ] QObject::connect: Cannot connect (null)::stateChanged(QNetworkSession::State) to QNetworkReplyHttpImpl::_q_networkSessionStateChanged(QNetworkSession::State)
[ 22:46:48,870 ] Connection to gameserver  QUrl("tcp://127.0.0.1:7172")  requested (Charakter "Community Manager" )
[ 22:46:48,870 ] Socket state changed  QAbstractSocket::HostLookupState
[ 22:46:48,870 ] Socket state changed  QAbstractSocket::ConnectingState
[ 22:46:48,885 ] Socket state changed  QAbstractSocket::ConnectedState
[ 22:46:48,885 ] Connected to Gameserver  "127.0.0.1" "Valhala"
[ 22:46:49,891 ] QObject::connect: Cannot connect (null)::stateChanged(QNetworkSession::State) to QNetworkReplyHttpImpl::_q_networkSessionStateChanged(QNetworkSession::State)
[ 22:46:49,941 ] News query failed: "Failed to get account. Try again!"
[ 22:46:50,642 ] QObject::connect: Cannot connect (null)::stateChanged(QNetworkSession::State) to QNetworkReplyHttpImpl::_q_networkSessionStateChanged(QNetworkSession::State)
[ 22:48:18,960 ] QObject::connect: Cannot connect (null)::stateChanged(QNetworkSession::State) to QNetworkReplyHttpImpl::_q_networkSessionStateChanged(QNetworkSession::State)
[ 22:48:19,057 ] Socket state changed  QAbstractSocket::ClosingState
[ 22:48:19,057 ] Socket state changed  QAbstractSocket::UnconnectedState
[ 22:48:19,057 ] Disconnected from Gameserver
[ 22:48:19,182 ] QObject::connect: Cannot connect (null)::stateChanged(QNetworkSession::State) to QNetworkReplyHttpImpl::_q_networkSessionStateChanged(QNetworkSession::State)
[ 22:48:19,851 ] QObject::connect: Cannot connect (null)::stateChanged(QNetworkSession::State) to QNetworkReplyHttpImpl::_q_networkSessionStateChanged(QNetworkSession::State)
[ 23:50:44,590 ] Disabling Desktop GL:  GpuDescription(vendorId=0x8086, deviceId=0x102, subSysId=-0x7bb2efbd, revision=9, driver: "igdumd32.dll", version=9.17.10.4459, "Intel(R) HD Graphics")
[ 23:50:50,889 ] QObject::connect: Cannot connect (null)::stateChanged(QNetworkSession::State) to QNetworkReplyHttpImpl::_q_networkSessionStateChanged(QNetworkSession::State)
[ 23:51:09,879 ] QObject::connect: Cannot connect (null)::stateChanged(QNetworkSession::State) to QNetworkReplyHttpImpl::_q_networkSessionStateChanged(QNetworkSession::State)
[ 23:51:12,685 ] QObject::connect: Cannot connect (null)::stateChanged(QNetworkSession::State) to QNetworkReplyHttpImpl::_q_networkSessionStateChanged(QNetworkSession::State)
[ 23:51:15,106 ] QObject::connect: Cannot connect (null)::stateChanged(QNetworkSession::State) to QNetworkReplyHttpImpl::_q_networkSessionStateChanged(QNetworkSession::State)
[ 23:51:18,145 ] BattlEye: "Initialized (v1.243)"
[ 23:51:18,146 ] BattlEye: "Restarting client is necessary, service isn't running properly"
[ 23:51:18,146 ] BattlEye: "Restarting client is necessary, update required"
[ 23:51:18,326 ] Connection to gameserver  QUrl("tcp://127.0.0.1:7172")  requested (Charakter "Community Manager" )
[ 23:51:18,326 ] Socket state changed  QAbstractSocket::HostLookupState
[ 23:51:18,327 ] Socket state changed  QAbstractSocket::ConnectingState
[ 23:51:19,323 ] QObject::connect: Cannot connect (null)::stateChanged(QNetworkSession::State) to QNetworkReplyHttpImpl::_q_networkSessionStateChanged(QNetworkSession::State)
[ 23:51:19,362 ] News query failed: "Failed to get account. Try again!"
[ 23:51:20,332 ] Socket state changed  QAbstractSocket::UnconnectedState
[ 23:51:21,638 ] Connection to gameserver  QUrl("tcp://127.0.0.1:7172")  requested (Charakter "Community Manager" )
[ 23:51:21,638 ] Socket state changed  QAbstractSocket::HostLookupState
[ 23:51:21,638 ] Socket state changed  QAbstractSocket::ConnectingState
[ 23:51:22,633 ] QObject::connect: Cannot connect (null)::stateChanged(QNetworkSession::State) to QNetworkReplyHttpImpl::_q_networkSessionStateChanged(QNetworkSession::State)
[ 23:51:22,650 ] News query failed: "Failed to get account. Try again!"
[ 23:51:23,650 ] Socket state changed  QAbstractSocket::UnconnectedState
[ 23:51:24,880 ] Connection to gameserver  QUrl("tcp://127.0.0.1:7172")  requested (Charakter "Community Manager" )
[ 23:51:24,880 ] Socket state changed  QAbstractSocket::HostLookupState
[ 23:51:24,880 ] Socket state changed  QAbstractSocket::ConnectingState
[ 23:51:25,864 ] QObject::connect: Cannot connect (null)::stateChanged(QNetworkSession::State) to QNetworkReplyHttpImpl::_q_networkSessionStateChanged(QNetworkSession::State)
[ 23:51:25,889 ] News query failed: "Failed to get account. Try again!"
[ 23:51:26,886 ] Socket state changed  QAbstractSocket::UnconnectedState
[ 23:51:28,213 ] Connection to gameserver  QUrl("tcp://127.0.0.1:7172")  requested (Charakter "Community Manager" )
[ 23:51:28,213 ] Socket state changed  QAbstractSocket::HostLookupState
[ 23:51:28,213 ] Socket state changed  QAbstractSocket::ConnectingState
[ 23:51:29,201 ] Didn't send news query with params ( 0 0 ) (URL: QUrl("http://127.0.0.1/login.php") ) due to too many retries.
[ 23:51:30,229 ] Socket state changed  QAbstractSocket::UnconnectedState
[ 23:51:32,525 ] Connection to gameserver  QUrl("tcp://127.0.0.1:7172")  requested (Charakter "Community Manager" )
[ 23:51:32,526 ] Socket state changed  QAbstractSocket::HostLookupState
[ 23:51:32,526 ] Socket state changed  QAbstractSocket::ConnectingState
[ 23:51:33,518 ] Didn't send news query with params ( 0 0 ) (URL: QUrl("http://127.0.0.1/login.php") ) due to too many retries.
[ 23:51:34,539 ] Socket state changed  QAbstractSocket::UnconnectedState
[ 23:51:39,001 ] Connection to gameserver  QUrl("tcp://127.0.0.1:7172")  requested (Charakter "Community Manager" )
[ 23:51:39,001 ] Socket state changed  QAbstractSocket::HostLookupState
[ 23:51:39,001 ] Socket state changed  QAbstractSocket::ConnectingState
[ 23:51:39,997 ] Didn't send news query with params ( 0 0 ) (URL: QUrl("http://127.0.0.1/login.php") ) due to too many retries.
[ 23:51:41,004 ] Socket state changed  QAbstractSocket::UnconnectedState
[ 23:51:46,544 ] Connection to gameserver  QUrl("tcp://127.0.0.1:7172")  requested (Charakter "Community Manager" )
[ 23:51:46,544 ] Socket state changed  QAbstractSocket::HostLookupState
[ 23:51:46,544 ] Socket state changed  QAbstractSocket::ConnectingState
[ 23:51:47,564 ] Didn't send news query with params ( 0 0 ) (URL: QUrl("http://127.0.0.1/login.php") ) due to too many retries.
[ 23:51:48,566 ] Socket state changed  QAbstractSocket::UnconnectedState
[ 23:51:54,099 ] Connection to gameserver  QUrl("tcp://127.0.0.1:7172")  requested (Charakter "Community Manager" )
[ 23:51:54,100 ] Socket state changed  QAbstractSocket::HostLookupState
[ 23:51:54,100 ] Socket state changed  QAbstractSocket::ConnectingState
[ 23:51:55,112 ] Didn't send news query with params ( 0 0 ) (URL: QUrl("http://127.0.0.1/login.php") ) due to too many retries.
[ 23:51:56,128 ] Socket state changed  QAbstractSocket::UnconnectedState
[ 23:52:02,619 ] Connection to gameserver  QUrl("tcp://127.0.0.1:7172")  requested (Charakter "Community Manager" )
[ 23:52:02,619 ] Socket state changed  QAbstractSocket::HostLookupState
[ 23:52:02,619 ] Socket state changed  QAbstractSocket::ConnectingState
[ 23:52:03,626 ] Didn't send news query with params ( 0 0 ) (URL: QUrl("http://127.0.0.1/login.php") ) due to too many retries.
[ 23:52:04,643 ] Socket state changed  QAbstractSocket::UnconnectedState
[ 23:52:10,196 ] Connection to gameserver  QUrl("tcp://127.0.0.1:7172")  requested (Charakter "Community Manager" )
[ 23:52:10,196 ] Socket state changed  QAbstractSocket::HostLookupState
[ 23:52:10,196 ] Socket state changed  QAbstractSocket::ConnectingState
[ 23:52:11,191 ] Didn't send news query with params ( 0 0 ) (URL: QUrl("http://127.0.0.1/login.php") ) due to too many retries.
[ 23:52:12,200 ] Socket state changed  QAbstractSocket::UnconnectedState
[ 23:52:12,285 ] QObject::connect: Cannot connect (null)::stateChanged(QNetworkSession::State) to QNetworkReplyHttpImpl::_q_networkSessionStateChanged(QNetworkSession::State)
[ 23:52:19,099 ] Asset loading complete
[ 23:52:29,973 ] QObject::connect: Cannot connect (null)::stateChanged(QNetworkSession::State) to QNetworkReplyHttpImpl::_q_networkSessionStateChanged(QNetworkSession::State)
[ 23:52:31,700 ] Connection to gameserver  QUrl("tcp://127.0.0.1:7172")  requested (Charakter "Community Manager" )
[ 23:52:31,700 ] Socket state changed  QAbstractSocket::HostLookupState
[ 23:52:31,700 ] Socket state changed  QAbstractSocket::ConnectingState
[ 23:52:32,724 ] Didn't send news query with params ( 0 0 ) (URL: QUrl("http://127.0.0.1/login.php") ) due to too many retries.
[ 23:52:33,310 ] QObject::connect: Cannot connect (null)::stateChanged(QNetworkSession::State) to QNetworkReplyHttpImpl::_q_networkSessionStateChanged(QNetworkSession::State)
[ 23:52:33,325 ] QObject::connect: Cannot connect (null)::stateChanged(QNetworkSession::State) to QNetworkReplyHttpImpl::_q_networkSessionStateChanged(QNetworkSession::State)
[ 23:52:33,342 ] QObject::connect: Cannot connect (null)::stateChanged(QNetworkSession::State) to QNetworkReplyHttpImpl::_q_networkSessionStateChanged(QNetworkSession::State)
[ 23:52:33,726 ] Socket state changed  QAbstractSocket::UnconnectedState
[ 23:52:34,903 ] Connection to gameserver  QUrl("tcp://127.0.0.1:7172")  requested (Charakter "Community Manager" )
[ 23:52:34,903 ] Socket state changed  QAbstractSocket::HostLookupState
[ 23:52:34,903 ] Socket state changed  QAbstractSocket::ConnectingState
[ 23:52:35,913 ] Didn't send news query with params ( 0 0 ) (URL: QUrl("http://127.0.0.1/login.php") ) due to too many retries.
[ 23:52:36,932 ] Socket state changed  QAbstractSocket::UnconnectedState
[ 23:52:38,378 ] Connection to gameserver  QUrl("tcp://127.0.0.1:7172")  requested (Charakter "Community Manager" )
[ 23:52:38,379 ] Socket state changed  QAbstractSocket::HostLookupState
[ 23:52:38,379 ] Socket state changed  QAbstractSocket::ConnectingState
[ 23:52:39,369 ] Didn't send news query with params ( 0 0 ) (URL: QUrl("http://127.0.0.1/login.php") ) due to too many retries.
[ 23:52:40,403 ] Socket state changed  QAbstractSocket::UnconnectedState
[ 23:52:41,573 ] Connection to gameserver  QUrl("tcp://127.0.0.1:7172")  requested (Charakter "Community Manager" )
[ 23:52:41,574 ] Socket state changed  QAbstractSocket::HostLookupState
[ 23:52:41,574 ] Socket state changed  QAbstractSocket::ConnectingState
[ 23:52:42,574 ] Didn't send news query with params ( 0 0 ) (URL: QUrl("http://127.0.0.1/login.php") ) due to too many retries.
[ 23:52:43,609 ] Socket state changed  QAbstractSocket::UnconnectedState
[ 23:52:45,868 ] Connection to gameserver  QUrl("tcp://127.0.0.1:7172")  requested (Charakter "Community Manager" )
[ 23:52:45,868 ] Socket state changed  QAbstractSocket::HostLookupState
[ 23:52:45,868 ] Socket state changed  QAbstractSocket::ConnectingState
[ 23:52:46,881 ] Didn't send news query with params ( 0 0 ) (URL: QUrl("http://127.0.0.1/login.php") ) due to too many retries.
[ 23:52:47,900 ] Socket state changed  QAbstractSocket::UnconnectedState
[ 23:52:52,360 ] Connection to gameserver  QUrl("tcp://127.0.0.1:7172")  requested (Charakter "Community Manager" )
[ 23:52:52,360 ] Socket state changed  QAbstractSocket::HostLookupState
[ 23:52:52,360 ] Socket state changed  QAbstractSocket::ConnectingState
[ 23:52:53,375 ] Didn't send news query with params ( 0 0 ) (URL: QUrl("http://127.0.0.1/login.php") ) due to too many retries.
[ 23:52:54,394 ] Socket state changed  QAbstractSocket::UnconnectedState
[ 23:52:59,928 ] Connection to gameserver  QUrl("tcp://127.0.0.1:7172")  requested (Charakter "Community Manager" )
[ 23:52:59,928 ] Socket state changed  QAbstractSocket::HostLookupState
[ 23:52:59,928 ] Socket state changed  QAbstractSocket::ConnectingState
[ 23:52:59,938 ] Socket state changed  QAbstractSocket::ConnectedState
[ 23:52:59,938 ] Connected to Gameserver  "127.0.0.1" "Valhala"
[ 23:53:00,924 ] Didn't send news query with params ( 0 0 ) (URL: QUrl("http://127.0.0.1/login.php") ) due to too many retries.
[ 23:54:10,690 ] QObject::connect: Cannot connect (null)::stateChanged(QNetworkSession::State) to QNetworkReplyHttpImpl::_q_networkSessionStateChanged(QNetworkSession::State)
[ 23:54:10,749 ] Socket state changed  QAbstractSocket::ClosingState
[ 23:54:10,749 ] Socket state changed  QAbstractSocket::UnconnectedState
[ 23:54:10,749 ] Disconnected from Gameserver
[ 23:54:10,853 ] QObject::connect: Cannot connect (null)::stateChanged(QNetworkSession::State) to QNetworkReplyHttpImpl::_q_networkSessionStateChanged(QNetworkSession::State)
[ 23:54:10,871 ] QObject::connect: Cannot connect (null)::stateChanged(QNetworkSession::State) to QNetworkReplyHttpImpl::_q_networkSessionStateChanged(QNetworkSession::State)
[ 23:54:11,143 ] Connection to gameserver  QUrl("tcp://127.0.0.1:7172")  requested (Charakter "Community Manager" )
[ 23:54:11,143 ] Socket state changed  QAbstractSocket::HostLookupState
[ 23:54:11,143 ] Socket state changed  QAbstractSocket::ConnectingState
[ 23:54:11,158 ] Socket state changed  QAbstractSocket::ConnectedState
[ 23:54:11,158 ] Connected to Gameserver  "127.0.0.1" "Valhala"
[ 23:54:12,142 ] Didn't send news query with params ( 0 0 ) (URL: QUrl("http://127.0.0.1/login.php") ) due to too many retries.
[ 23:54:12,944 ] QObject::connect: Cannot connect (null)::stateChanged(QNetworkSession::State) to QNetworkReplyHttpImpl::_q_networkSessionStateChanged(QNetworkSession::State)
[ 23:54:49,540 ] QObject::connect: Cannot connect (null)::stateChanged(QNetworkSession::State) to QNetworkReplyHttpImpl::_q_networkSessionStateChanged(QNetworkSession::State)
[ 23:54:49,555 ] QObject::connect: Cannot connect (null)::stateChanged(QNetworkSession::State) to QNetworkReplyHttpImpl::_q_networkSessionStateChanged(QNetworkSession::State)
[ 23:54:49,573 ] QObject::connect: Cannot connect (null)::stateChanged(QNetworkSession::State) to QNetworkReplyHttpImpl::_q_networkSessionStateChanged(QNetworkSession::State)
[ 23:54:49,590 ] QObject::connect: Cannot connect (null)::stateChanged(QNetworkSession::State) to QNetworkReplyHttpImpl::_q_networkSessionStateChanged(QNetworkSession::State)
[ 23:54:49,606 ] QObject::connect: Cannot connect (null)::stateChanged(QNetworkSession::State) to QNetworkReplyHttpImpl::_q_networkSessionStateChanged(QNetworkSession::State)
[ 23:54:49,622 ] QObject::connect: Cannot connect (null)::stateChanged(QNetworkSession::State) to QNetworkReplyHttpImpl::_q_networkSessionStateChanged(QNetworkSession::State)
[ 23:54:49,640 ] QObject::connect: Cannot connect (null)::stateChanged(QNetworkSession::State) to QNetworkReplyHttpImpl::_q_networkSessionStateChanged(QNetworkSession::State)
[ 23:56:00,041 ] QObject::connect: Cannot connect (null)::stateChanged(QNetworkSession::State) to QNetworkReplyHttpImpl::_q_networkSessionStateChanged(QNetworkSession::State)
[ 00:01:00,034 ] QObject::connect: Cannot connect (null)::stateChanged(QNetworkSession::State) to QNetworkReplyHttpImpl::_q_networkSessionStateChanged(QNetworkSession::State)
[ 00:06:00,031 ] QObject::connect: Cannot connect (null)::stateChanged(QNetworkSession::State) to QNetworkReplyHttpImpl::_q_networkSessionStateChanged(QNetworkSession::State)
[ 00:11:00,027 ] QObject::connect: Cannot connect (null)::stateChanged(QNetworkSession::State) to QNetworkReplyHttpImpl::_q_networkSessionStateChanged(QNetworkSession::State)
[ 00:16:00,051 ] QObject::connect: Cannot connect (null)::stateChanged(QNetworkSession::State) to QNetworkReplyHttpImpl::_q_networkSessionStateChanged(QNetworkSession::State)
[ 00:16:20,613 ] QObject::connect: Cannot connect (null)::stateChanged(QNetworkSession::State) to QNetworkReplyHttpImpl::_q_networkSessionStateChanged(QNetworkSession::State)
[ 00:16:20,713 ] Socket state changed  QAbstractSocket::ClosingState
[ 00:16:20,713 ] Socket state changed  QAbstractSocket::UnconnectedState
[ 00:16:20,713 ] Disconnected from Gameserver
[ 00:16:20,855 ] QObject::connect: Cannot connect (null)::stateChanged(QNetworkSession::State) to QNetworkReplyHttpImpl::_q_networkSessionStateChanged(QNetworkSession::State)
[ 00:20:57,744 ] QObject::connect: Cannot connect (null)::stateChanged(QNetworkSession::State) to QNetworkReplyHttpImpl::_q_networkSessionStateChanged(QNetworkSession::State)
[ 21:01:09,011 ] Disabling Desktop GL:  GpuDescription(vendorId=0x8086, deviceId=0x102, subSysId=-0x7bb2efbd, revision=9, driver: "igdumd32.dll", version=9.17.10.4459, "Intel(R) HD Graphics")
[ 21:01:11,805 ] QObject::connect: Cannot connect (null)::stateChanged(QNetworkSession::State) to QNetworkReplyHttpImpl::_q_networkSessionStateChanged(QNetworkSession::State)
[ 21:01:15,769 ] QObject::connect: Cannot connect (null)::stateChanged(QNetworkSession::State) to QNetworkReplyHttpImpl::_q_networkSessionStateChanged(QNetworkSession::State)
[ 21:01:19,443 ] QObject::connect: Cannot connect (null)::stateChanged(QNetworkSession::State) to QNetworkReplyHttpImpl::_q_networkSessionStateChanged(QNetworkSession::State)
[ 21:01:32,272 ] BattlEye: "Initialized (v1.243)"
[ 21:01:32,272 ] BattlEye: "Restarting client is necessary, service isn't running properly"
[ 21:01:32,272 ] BattlEye: "Restarting client is necessary, update required"
[ 21:01:34,634 ] Connection to gameserver  QUrl("tcp://127.0.0.1:7172")  requested (Charakter "Community Manager" )
[ 21:01:34,634 ] Socket state changed  QAbstractSocket::HostLookupState
[ 21:01:34,634 ] Socket state changed  QAbstractSocket::ConnectingState
[ 21:01:34,641 ] Socket state changed  QAbstractSocket::ConnectedState
[ 21:01:34,641 ] Connected to Gameserver  "127.0.0.1" "Valhala"
[ 21:01:37,844 ] QObject::connect: Cannot connect (null)::stateChanged(QNetworkSession::State) to QNetworkReplyHttpImpl::_q_networkSessionStateChanged(QNetworkSession::State)
[ 21:01:38,135 ] News query failed: "Failed to get account. Try again!"
[ 21:02:04,916 ] Disabling Desktop GL:  GpuDescription(vendorId=0x8086, deviceId=0x102, subSysId=-0x7bb2efbd, revision=9, driver: "igdumd32.dll", version=9.17.10.4459, "Intel(R) HD Graphics")
[ 21:02:07,152 ] QObject::connect: Cannot connect (null)::stateChanged(QNetworkSession::State) to QNetworkReplyHttpImpl::_q_networkSessionStateChanged(QNetworkSession::State)
[ 21:02:07,900 ] QObject::connect: Cannot connect (null)::stateChanged(QNetworkSession::State) to QNetworkReplyHttpImpl::_q_networkSessionStateChanged(QNetworkSession::State)
[ 21:02:12,103 ] QObject::connect: Cannot connect (null)::stateChanged(QNetworkSession::State) to QNetworkReplyHttpImpl::_q_networkSessionStateChanged(QNetworkSession::State)
[ 21:02:15,046 ] BattlEye: "Initialized (v1.243)"
[ 21:02:15,046 ] BattlEye: "Restarting client is necessary, service isn't running properly"
[ 21:02:15,046 ] BattlEye: "Restarting client is necessary, update required"
[ 21:02:15,087 ] Connection to gameserver  QUrl("tcp://127.0.0.1:7172")  requested (Charakter "Testeses" )
[ 21:02:15,087 ] Socket state changed  QAbstractSocket::HostLookupState
[ 21:02:15,087 ] Socket state changed  QAbstractSocket::ConnectingState
[ 21:02:15,094 ] Socket state changed  QAbstractSocket::ConnectedState
[ 21:02:15,094 ] Connected to Gameserver  "127.0.0.1" "Valhala"
[ 21:02:16,113 ] QObject::connect: Cannot connect (null)::stateChanged(QNetworkSession::State) to QNetworkReplyHttpImpl::_q_networkSessionStateChanged(QNetworkSession::State)
[ 21:02:16,180 ] News query failed: "Failed to get account. Try again!"
[ 21:02:35,413 ] Asset loading complete
[ 21:06:12,195 ] QObject::connect: Cannot connect (null)::stateChanged(QNetworkSession::State) to QNetworkReplyHttpImpl::_q_networkSessionStateChanged(QNetworkSession::State)
[ 21:07:07,538 ] QObject::connect: Cannot connect (null)::stateChanged(QNetworkSession::State) to QNetworkReplyHttpImpl::_q_networkSessionStateChanged(QNetworkSession::State)
[ 21:11:12,219 ] QObject::connect: Cannot connect (null)::stateChanged(QNetworkSession::State) to QNetworkReplyHttpImpl::_q_networkSessionStateChanged(QNetworkSession::State)
[ 21:12:07,562 ] QObject::connect: Cannot connect (null)::stateChanged(QNetworkSession::State) to QNetworkReplyHttpImpl::_q_networkSessionStateChanged(QNetworkSession::State)
[ 21:12:18,097 ] QObject::connect: Cannot connect (null)::stateChanged(QNetworkSession::State) to QNetworkReplyHttpImpl::_q_networkSessionStateChanged(QNetworkSession::State)
[ 21:12:18,181 ] Socket state changed  QAbstractSocket::ClosingState
[ 21:12:18,182 ] Socket state changed  QAbstractSocket::UnconnectedState
[ 21:12:18,182 ] Disconnected from Gameserver
[ 21:12:18,702 ] QObject::connect: Cannot connect (null)::stateChanged(QNetworkSession::State) to QNetworkReplyHttpImpl::_q_networkSessionStateChanged(QNetworkSession::State)
[ 21:12:18,779 ] QObject::connect: Cannot connect (null)::stateChanged(QNetworkSession::State) to QNetworkReplyHttpImpl::_q_networkSessionStateChanged(QNetworkSession::State)
[ 21:12:20,109 ] Connection to gameserver  QUrl("tcp://127.0.0.1:7172")  requested (Charakter "Testes" )
[ 21:12:20,109 ] Socket state changed  QAbstractSocket::HostLookupState
[ 21:12:20,109 ] Socket state changed  QAbstractSocket::ConnectingState
[ 21:12:20,114 ] Socket state changed  QAbstractSocket::ConnectedState
[ 21:12:20,114 ] Connected to Gameserver  "127.0.0.1" "Valhala"
[ 21:12:20,141 ] QObject::connect: Cannot connect (null)::stateChanged(QNetworkSession::State) to QNetworkReplyHttpImpl::_q_networkSessionStateChanged(QNetworkSession::State)
[ 21:12:20,141 ] Socket state changed  QAbstractSocket::ClosingState
[ 21:12:20,141 ] Socket state changed  QAbstractSocket::UnconnectedState
[ 21:12:20,141 ] Disconnected from Gameserver
[ 21:12:20,226 ] QObject::connect: Cannot connect (null)::stateChanged(QNetworkSession::State) to QNetworkReplyHttpImpl::_q_networkSessionStateChanged(QNetworkSession::State)
[ 21:12:21,102 ] QObject::connect: Cannot connect (null)::stateChanged(QNetworkSession::State) to QNetworkReplyHttpImpl::_q_networkSessionStateChanged(QNetworkSession::State)
[ 21:12:22,677 ] QObject::connect: Cannot connect (null)::stateChanged(QNetworkSession::State) to QNetworkReplyHttpImpl::_q_networkSessionStateChanged(QNetworkSession::State)
[ 21:12:22,786 ] Socket state changed  QAbstractSocket::ClosingState
[ 21:12:22,786 ] Socket state changed  QAbstractSocket::UnconnectedState
[ 21:12:22,786 ] Disconnected from Gameserver
[ 21:12:23,063 ] QObject::connect: Cannot connect (null)::stateChanged(QNetworkSession::State) to QNetworkReplyHttpImpl::_q_networkSessionStateChanged(QNetworkSession::State)
[ 21:12:23,132 ] QObject::connect: Cannot connect (null)::stateChanged(QNetworkSession::State) to QNetworkReplyHttpImpl::_q_networkSessionStateChanged(QNetworkSession::State)
[ 21:12:23,430 ] News query failed: "Failed to get account. Try again!"
[ 21:12:23,933 ] Connection to gameserver  QUrl("tcp://127.0.0.1:7172")  requested (Charakter "Testes" )
[ 21:12:23,933 ] Socket state changed  QAbstractSocket::HostLookupState
[ 21:12:23,933 ] Socket state changed  QAbstractSocket::ConnectingState
[ 21:12:23,937 ] Socket state changed  QAbstractSocket::ConnectedState
[ 21:12:23,937 ] Connected to Gameserver  "127.0.0.1" "Valhala"
[ 21:12:23,960 ] QObject::connect: Cannot connect (null)::stateChanged(QNetworkSession::State) to QNetworkReplyHttpImpl::_q_networkSessionStateChanged(QNetworkSession::State)
[ 21:12:23,960 ] Socket state changed  QAbstractSocket::ClosingState
[ 21:12:23,961 ] Socket state changed  QAbstractSocket::UnconnectedState
[ 21:12:23,961 ] Disconnected from Gameserver
[ 21:12:24,091 ] QObject::connect: Cannot connect (null)::stateChanged(QNetworkSession::State) to QNetworkReplyHttpImpl::_q_networkSessionStateChanged(QNetworkSession::State)
[ 21:12:24,928 ] QObject::connect: Cannot connect (null)::stateChanged(QNetworkSession::State) to QNetworkReplyHttpImpl::_q_networkSessionStateChanged(QNetworkSession::State)
[ 21:12:24,954 ] News query failed: "Failed to get account. Try again!"
[ 21:16:12,173 ] QObject::connect: Cannot connect (null)::stateChanged(QNetworkSession::State) to QNetworkReplyHttpImpl::_q_networkSessionStateChanged(QNetworkSession::State)
[ 21:17:07,527 ] QObject::connect: Cannot connect (null)::stateChanged(QNetworkSession::State) to QNetworkReplyHttpImpl::_q_networkSessionStateChanged(QNetworkSession::State)
[ 21:17:49,629 ] Connection to gameserver  QUrl("tcp://127.0.0.1:7172")  requested (Charakter "Community Manager" )
[ 21:17:49,629 ] Socket state changed  QAbstractSocket::HostLookupState
[ 21:17:49,629 ] Socket state changed  QAbstractSocket::ConnectingState
[ 21:17:49,646 ] Socket state changed  QAbstractSocket::ConnectedState
[ 21:17:49,647 ] Connected to Gameserver  "127.0.0.1" "Valhala"
[ 21:17:50,640 ] QObject::connect: Cannot connect (null)::stateChanged(QNetworkSession::State) to QNetworkReplyHttpImpl::_q_networkSessionStateChanged(QNetworkSession::State)
[ 21:17:51,341 ] News query failed: "Failed to get account. Try again!"
[ 21:17:54,855 ] Connection to gameserver  QUrl("tcp://127.0.0.1:7172")  requested (Charakter "Testes" )
[ 21:17:54,855 ] Socket state changed  QAbstractSocket::HostLookupState
[ 21:17:54,855 ] Socket state changed  QAbstractSocket::ConnectingState
[ 21:17:54,865 ] Socket state changed  QAbstractSocket::ConnectedState
[ 21:17:54,866 ] Connected to Gameserver  "127.0.0.1" "Valhala"
[ 21:17:54,891 ] QObject::connect: Cannot connect (null)::stateChanged(QNetworkSession::State) to QNetworkReplyHttpImpl::_q_networkSessionStateChanged(QNetworkSession::State)
[ 21:17:54,891 ] Socket state changed  QAbstractSocket::ClosingState
[ 21:17:54,891 ] Socket state changed  QAbstractSocket::UnconnectedState
[ 21:17:54,891 ] Disconnected from Gameserver
[ 21:17:54,934 ] QObject::connect: Cannot connect (null)::stateChanged(QNetworkSession::State) to QNetworkReplyHttpImpl::_q_networkSessionStateChanged(QNetworkSession::State)
[ 21:17:55,072 ] QObject::connect: Cannot connect (null)::stateChanged(QNetworkSession::State) to QNetworkReplyHttpImpl::_q_networkSessionStateChanged(QNetworkSession::State)
[ 21:17:55,846 ] QObject::connect: Cannot connect (null)::stateChanged(QNetworkSession::State) to QNetworkReplyHttpImpl::_q_networkSessionStateChanged(QNetworkSession::State)
[ 21:17:56,786 ] News query failed: "Failed to get account. Try again!"
[ 21:17:57,636 ] Connection to gameserver  QUrl("tcp://127.0.0.1:7172")  requested (Charakter "Testeses" )
[ 21:17:57,636 ] Socket state changed  QAbstractSocket::HostLookupState
[ 21:17:57,637 ] Socket state changed  QAbstractSocket::ConnectingState
[ 21:17:57,641 ] Socket state changed  QAbstractSocket::ConnectedState
[ 21:17:57,641 ] Connected to Gameserver  "127.0.0.1" "Valhala"
[ 21:17:58,653 ] Didn't send news query with params ( 0 0 ) (URL: QUrl("http://127.0.0.1/login.php") ) due to too many retries.
[ 21:21:12,196 ] QObject::connect: Cannot connect (null)::stateChanged(QNetworkSession::State) to QNetworkReplyHttpImpl::_q_networkSessionStateChanged(QNetworkSession::State)
[ 21:22:07,742 ] QObject::connect: Cannot connect (null)::stateChanged(QNetworkSession::State) to QNetworkReplyHttpImpl::_q_networkSessionStateChanged(QNetworkSession::State)
[ 21:22:10,929 ] QObject::connect: Cannot connect (null)::stateChanged(QNetworkSession::State) to QNetworkReplyHttpImpl::_q_networkSessionStateChanged(QNetworkSession::State)
[ 21:26:12,203 ] QObject::connect: Cannot connect (null)::stateChanged(QNetworkSession::State) to QNetworkReplyHttpImpl::_q_networkSessionStateChanged(QNetworkSession::State)
[ 21:27:07,546 ] QObject::connect: Cannot connect (null)::stateChanged(QNetworkSession::State) to QNetworkReplyHttpImpl::_q_networkSessionStateChanged(QNetworkSession::State)
[ 21:31:12,198 ] QObject::connect: Cannot connect (null)::stateChanged(QNetworkSession::State) to QNetworkReplyHttpImpl::_q_networkSessionStateChanged(QNetworkSession::State)
[ 21:32:07,535 ] QObject::connect: Cannot connect (null)::stateChanged(QNetworkSession::State) to QNetworkReplyHttpImpl::_q_networkSessionStateChanged(QNetworkSession::State)
[ 21:34:25,977 ] QObject::connect: Cannot connect (null)::stateChanged(QNetworkSession::State) to QNetworkReplyHttpImpl::_q_networkSessionStateChanged(QNetworkSession::State)
[ 21:36:12,199 ] QObject::connect: Cannot connect (null)::stateChanged(QNetworkSession::State) to QNetworkReplyHttpImpl::_q_networkSessionStateChanged(QNetworkSession::State)
[ 21:37:07,554 ] QObject::connect: Cannot connect (null)::stateChanged(QNetworkSession::State) to QNetworkReplyHttpImpl::_q_networkSessionStateChanged(QNetworkSession::State)
[ 21:41:12,207 ] QObject::connect: Cannot connect (null)::stateChanged(QNetworkSession::State) to QNetworkReplyHttpImpl::_q_networkSessionStateChanged(QNetworkSession::State)
[ 21:42:07,549 ] QObject::connect: Cannot connect (null)::stateChanged(QNetworkSession::State) to QNetworkReplyHttpImpl::_q_networkSessionStateChanged(QNetworkSession::State)
[ 21:45:08,273 ] QObject::connect: Cannot connect (null)::stateChanged(QNetworkSession::State) to QNetworkReplyHttpImpl::_q_networkSessionStateChanged(QNetworkSession::State)
[ 21:46:12,195 ] QObject::connect: Cannot connect (null)::stateChanged(QNetworkSession::State) to QNetworkReplyHttpImpl::_q_networkSessionStateChanged(QNetworkSession::State)
[ 21:47:07,563 ] QObject::connect: Cannot connect (null)::stateChanged(QNetworkSession::State) to QNetworkReplyHttpImpl::_q_networkSessionStateChanged(QNetworkSession::State)
[ 21:47:33,195 ] qrc:///qml/Chat.qml:402:13: QML ListView: Binding loop detected for property "topMargin"
[ 21:47:40,266 ] Socket state changed  QAbstractSocket::ClosingState
[ 21:47:40,266 ] Socket state changed  QAbstractSocket::UnconnectedState
[ 21:47:40,266 ] Disconnected from Gameserver
[ 21:47:40,266 ] QObject::connect: Cannot connect (null)::stateChanged(QNetworkSession::State) to QNetworkReplyHttpImpl::_q_networkSessionStateChanged(QNetworkSession::State)
[ 21:47:51,403 ] Socket state changed  QAbstractSocket::ClosingState
[ 21:47:51,403 ] Socket state changed  QAbstractSocket::UnconnectedState
[ 21:47:51,403 ] Disconnected from Gameserver
[ 21:47:51,403 ] QObject::connect: Cannot connect (null)::stateChanged(QNetworkSession::State) to QNetworkReplyHttpImpl::_q_networkSessionStateChanged(QNetworkSession::State)
